task,method,donor,primary,all
GSE334503_train_T,mean,Donor001,0.39423133186112447,0.4352888881679709
GSE334503_train_T,mean,Donor005,0.9851715266102702,1.2321289341860746
GSE334503_train_T,mean,Donor011,0.23749180459514424,0.23137707750225958
GSE334503_train_T,mean,Donor015,1.4453265466702216,0.9925237531101575
GSE334503_train_T,mean,Donor017,0.7649708479269731,0.6995372115994705
GSE334503_train_T,mean,Donor022,0.22475445366053784,0.5263254171940684
GSE334503_train_T,mean,Donor024,0.4875179628614872,0.662203648770369
GSE334503_train_T,mean,Donor028,3.007329363698096,2.3368383848064704
GSE334503_train_T,mean,Donor037,0.38091376992818504,0.5012880471289528
GSE334503_train_T,mean,Donor041,1.3416075096319515,1.441660198983543
GSE334503_train_T,mean,Donor051,1.163460639032564,1.4222386290049627
GSE334503_train_T,rna_ridge,Donor001,0.39762364995278004,0.5322120510547526
GSE334503_train_T,rna_ridge,Donor005,0.47178339278290643,0.8887395127499806
GSE334503_train_T,rna_ridge,Donor011,0.11983849041170991,0.37827604440019313
GSE334503_train_T,rna_ridge,Donor015,0.7622629411675427,0.5394901233495881
GSE334503_train_T,rna_ridge,Donor017,0.41686429144363557,0.43681306240241524
GSE334503_train_T,rna_ridge,Donor022,0.2509121499895683,0.3122462209889816
GSE334503_train_T,rna_ridge,Donor024,0.7367698838071598,0.36844778427258756
GSE334503_train_T,rna_ridge,Donor028,2.7586848587549637,2.1058319160690893
GSE334503_train_T,rna_ridge,Donor037,0.561738950708828,0.7832967535094791
GSE334503_train_T,rna_ridge,Donor041,1.4290440390752397,1.4144606258591548
GSE334503_train_T,rna_ridge,Donor051,1.1710525879655198,1.3280095514863834
GSE334503_train_T,joint_ridge,Donor001,0.37154379153262096,0.5172197144588391
GSE334503_train_T,joint_ridge,Donor005,0.47307367410684814,0.882825413103102
GSE334503_train_T,joint_ridge,Donor011,0.11865960416171314,0.37200280303135436
GSE334503_train_T,joint_ridge,Donor015,0.7006673084579361,0.498395786115451
GSE334503_train_T,joint_ridge,Donor017,0.412527667250034,0.4349695194080894
GSE334503_train_T,joint_ridge,Donor022,0.23838186478570714,0.3085642011320798
GSE334503_train_T,joint_ridge,Donor024,0.7187316359712549,0.3615134625830156
GSE334503_train_T,joint_ridge,Donor028,2.6989449721103744,2.054757687369072
GSE334503_train_T,joint_ridge,Donor037,0.5330716122093344,0.7636393260034005
GSE334503_train_T,joint_ridge,Donor041,1.376409638862397,1.3712322275073763
GSE334503_train_T,joint_ridge,Donor051,1.0975057657755405,1.2680390564774293
GSE334503_train_T,v040_abundance_shrinkage,Donor001,0.44709926363576064,0.35282398355130595
GSE334503_train_T,v040_abundance_shrinkage,Donor005,0.4470368570863544,0.5631913477021212
GSE334503_train_T,v040_abundance_shrinkage,Donor011,0.26211376127282193,0.2602885265121278
GSE334503_train_T,v040_abundance_shrinkage,Donor015,0.10837433529618876,0.38806320235362773
GSE334503_train_T,v040_abundance_shrinkage,Donor017,0.4642628603597822,0.38488707522219817
GSE334503_train_T,v040_abundance_shrinkage,Donor022,0.057288672816633655,0.2927171899690873
GSE334503_train_T,v040_abundance_shrinkage,Donor024,0.5401494055752283,0.47916135522270614
GSE334503_train_T,v040_abundance_shrinkage,Donor028,0.557141442885841,0.6201657357793211
GSE334503_train_T,v040_abundance_shrinkage,Donor037,0.24087640454678289,0.5068704175161658
GSE334503_train_T,v040_abundance_shrinkage,Donor041,0.45457561469388696,0.5280143318370589
GSE334503_train_T,v040_abundance_shrinkage,Donor051,0.4018377470856509,0.4638246952955657
GSE334503_train_T,cellbridge[per_target],Donor001,0.20605086566080233,0.3066061591174921
GSE334503_train_T,cellbridge[per_target],Donor005,0.5028057923599156,0.5793735533224702
GSE334503_train_T,cellbridge[per_target],Donor011,0.13227364839826153,0.3313741738337801
GSE334503_train_T,cellbridge[per_target],Donor015,0.1956690856672071,0.46313859599242435
GSE334503_train_T,cellbridge[per_target],Donor017,0.3331661236080334,0.31881862866542365
GSE334503_train_T,cellbridge[per_target],Donor022,0.12937690452850314,0.31370534530869704
GSE334503_train_T,cellbridge[per_target],Donor024,0.5281603638675372,0.4227261886134336
GSE334503_train_T,cellbridge[per_target],Donor028,1.0576643684286209,0.8461890979100151
GSE334503_train_T,cellbridge[per_target],Donor037,0.16209820883334297,0.49936161323312284
GSE334503_train_T,cellbridge[per_target],Donor041,0.6578422366321147,0.6274956298737722
GSE334503_train_T,cellbridge[per_target],Donor051,0.4846461165695245,0.6741324640713268
GSE334503_train_T,cellbridge[shared],Donor001,0.12708939207592848,0.30158072282305626
GSE334503_train_T,cellbridge[shared],Donor005,0.46046903444645537,0.5636770034310872
GSE334503_train_T,cellbridge[shared],Donor011,0.08490029301825278,0.23072308490857527
GSE334503_train_T,cellbridge[shared],Donor015,0.38966577368660604,0.4245268674119471
GSE334503_train_T,cellbridge[shared],Donor017,0.49574216803855253,0.28866862696345785
GSE334503_train_T,cellbridge[shared],Donor022,0.1703384284681793,0.30630559851578204
GSE334503_train_T,cellbridge[shared],Donor024,0.4471754629417204,0.439468882053179
GSE334503_train_T,cellbridge[shared],Donor028,1.1045352734916833,0.6801051676241912
GSE334503_train_T,cellbridge[shared],Donor037,0.29421858833135484,0.47615315851438483
GSE334503_train_T,cellbridge[shared],Donor041,0.7027254914186021,0.5561870620880731
GSE334503_train_T,cellbridge[shared],Donor051,0.30850711646518164,0.6211733519075656
GSE334503_train_T,cellbridge[shared_top01],Donor001,0.15580157318340643,0.27941303129176387
GSE334503_train_T,cellbridge[shared_top01],Donor005,0.4612947901361434,0.5586749481918248
GSE334503_train_T,cellbridge[shared_top01],Donor011,0.06930892207138185,0.3058225680528523
GSE334503_train_T,cellbridge[shared_top01],Donor015,0.31587512572551535,0.4310737374604112
GSE334503_train_T,cellbridge[shared_top01],Donor017,0.4371124758583461,0.2748347572464864
GSE334503_train_T,cellbridge[shared_top01],Donor022,0.21009254375541153,0.3033756599106788
GSE334503_train_T,cellbridge[shared_top01],Donor024,0.45917120974609177,0.4193994024377965
GSE334503_train_T,cellbridge[shared_top01],Donor028,1.113822042409602,0.7157481591840338
GSE334503_train_T,cellbridge[shared_top01],Donor037,0.27001982690794984,0.479183009605787
GSE334503_train_T,cellbridge[shared_top01],Donor041,0.7082362463765943,0.5824186434630765
GSE334503_train_T,cellbridge[shared_top01],Donor051,0.3265791042594496,0.6126343535482139
GSE334503_train_T,cellbridge[shared_top02],Donor001,0.1645361377387296,0.27061479206018574
GSE334503_train_T,cellbridge[shared_top02],Donor005,0.4549700931858617,0.5601451924396207
GSE334503_train_T,cellbridge[shared_top02],Donor011,0.10729251044395724,0.3182952775870365
GSE334503_train_T,cellbridge[shared_top02],Donor015,0.2533034333487727,0.44118078874169336
GSE334503_train_T,cellbridge[shared_top02],Donor017,0.4011045591042169,0.26840479482687996
GSE334503_train_T,cellbridge[shared_top02],Donor022,0.22541697864443191,0.3021501428200573
GSE334503_train_T,cellbridge[shared_top02],Donor024,0.46515730608288164,0.4227382700554813
GSE334503_train_T,cellbridge[shared_top02],Donor028,1.1114286916346678,0.7298554262090935
GSE334503_train_T,cellbridge[shared_top02],Donor037,0.2646464888404003,0.48330163907922735
GSE334503_train_T,cellbridge[shared_top02],Donor041,0.6774356063039982,0.5767520671288002
GSE334503_train_T,cellbridge[shared_top02],Donor051,0.35394824327375196,0.609742152587076
GSE334503_train_T,cellbridge[shared_top05],Donor001,0.16653555125026032,0.27188937667325946
GSE334503_train_T,cellbridge[shared_top05],Donor005,0.4507249562978686,0.570874489218253
GSE334503_train_T,cellbridge[shared_top05],Donor011,0.09138718563940071,0.31549129822469696
GSE334503_train_T,cellbridge[shared_top05],Donor015,0.26793008271536695,0.43582533750796226
GSE334503_train_T,cellbridge[shared_top05],Donor017,0.36350443849475517,0.26864148140159855
GSE334503_train_T,cellbridge[shared_top05],Donor022,0.2275000153455833,0.29928778985457793
GSE334503_train_T,cellbridge[shared_top05],Donor024,0.46789078403064094,0.41969940321755594
GSE334503_train_T,cellbridge[shared_top05],Donor028,1.100551558447052,0.7537117754987478
GSE334503_train_T,cellbridge[shared_top05],Donor037,0.2582827649346074,0.4824728651553854
GSE334503_train_T,cellbridge[shared_top05],Donor041,0.673931887459451,0.5807549541914665
GSE334503_train_T,cellbridge[shared_top05],Donor051,0.356223626689939,0.6078979635805478
GSE334503_train_T,cellbridge[shared_top10],Donor001,0.185368002255509,0.28754834590040723
GSE334503_train_T,cellbridge[shared_top10],Donor005,0.4798823430197152,0.6098764353367856
GSE334503_train_T,cellbridge[shared_top10],Donor011,0.13955497725166008,0.31877606031712685
GSE334503_train_T,cellbridge[shared_top10],Donor015,0.33168187607901123,0.42800059214833763
GSE334503_train_T,cellbridge[shared_top10],Donor017,0.36139530602185543,0.2775875309285113
GSE334503_train_T,cellbridge[shared_top10],Donor022,0.2483436755905945,0.29771144865930077
GSE334503_train_T,cellbridge[shared_top10],Donor024,0.48981612865338603,0.42913018866941693
GSE334503_train_T,cellbridge[shared_top10],Donor028,1.2465806430958175,0.8708350008074824
GSE334503_train_T,cellbridge[shared_top10],Donor037,0.30796098428512186,0.49844883572347143
GSE334503_train_T,cellbridge[shared_top10],Donor041,0.7689236404029324,0.6360084386204345
GSE334503_train_T,cellbridge[shared_top10],Donor051,0.4387629861444254,0.6478465582497149
GSE334503_train_T,cellbridge[per_target_top05],Donor001,0.1904515575442065,0.2899401552014546
GSE334503_train_T,cellbridge[per_target_top05],Donor005,0.510881192036613,0.5779798000525009
GSE334503_train_T,cellbridge[per_target_top05],Donor011,0.07340010369723754,0.30101339775577
GSE334503_train_T,cellbridge[per_target_top05],Donor015,0.2516654377433358,0.4173049261904815
GSE334503_train_T,cellbridge[per_target_top05],Donor017,0.34060421709798716,0.2916095351764681
GSE334503_train_T,cellbridge[per_target_top05],Donor022,0.21619267019537325,0.2986711992734382
GSE334503_train_T,cellbridge[per_target_top05],Donor024,0.4684752561643981,0.404339310617318
GSE334503_train_T,cellbridge[per_target_top05],Donor028,1.1009973900969787,0.8960464659226333
GSE334503_train_T,cellbridge[per_target_top05],Donor037,0.26189666202114653,0.49056473699430136
GSE334503_train_T,cellbridge[per_target_top05],Donor041,0.7117177915418932,0.6482729627331308
GSE334503_train_T,cellbridge[per_target_top05],Donor051,0.45234134241125723,0.6572023514099359
GSE334503_train_T,cellbridge[shared_top05|rna_only],Donor001,0.250130168166447,0.42910740773945316
GSE334503_train_T,cellbridge[shared_top05|rna_only],Donor005,0.9585371237377359,1.1335857006106391
GSE334503_train_T,cellbridge[shared_top05|rna_only],Donor011,0.3943746041972246,0.5212226823331988
GSE334503_train_T,cellbridge[shared_top05|rna_only],Donor015,1.404477887771049,0.8498898237555693
GSE334503_train_T,cellbridge[shared_top05|rna_only],Donor017,0.48351001036524355,0.31833196739476205
GSE334503_train_T,cellbridge[shared_top05|rna_only],Donor022,0.32808883211810896,0.29538962140841774
GSE334503_train_T,cellbridge[shared_top05|rna_only],Donor024,0.43020407269826394,0.39306239812286503
GSE334503_train_T,cellbridge[shared_top05|rna_only],Donor028,2.502694443192629,1.9186379635501822
GSE334503_train_T,cellbridge[shared_top05|rna_only],Donor037,0.5898189880670405,0.6837752037188617
GSE334503_train_T,cellbridge[shared_top05|rna_only],Donor041,1.3823368359112211,1.1883465347700546
GSE334503_train_T,cellbridge[shared_top05|rna_only],Donor051,0.9719700772467115,1.2050446925730722
GSE334503_train_T,cellbridge[shared_top05|anchors_required],Donor001,0.16479718447369607,0.2687923084867696
GSE334503_train_T,cellbridge[shared_top05|anchors_required],Donor005,0.4540267004334778,0.5605331568699509
GSE334503_train_T,cellbridge[shared_top05|anchors_required],Donor011,0.10673394665459315,0.31734752555596746
GSE334503_train_T,cellbridge[shared_top05|anchors_required],Donor015,0.24209963578423124,0.44380814984148653
GSE334503_train_T,cellbridge[shared_top05|anchors_required],Donor017,0.38803061241037207,0.26747073638588764
GSE334503_train_T,cellbridge[shared_top05|anchors_required],Donor022,0.22771244945513808,0.3020316898929812
GSE334503_train_T,cellbridge[shared_top05|anchors_required],Donor024,0.4646647673760089,0.42214312086410877
GSE334503_train_T,cellbridge[shared_top05|anchors_required],Donor028,1.1144568728261421,0.7357736514522644
GSE334503_train_T,cellbridge[shared_top05|anchors_required],Donor037,0.2666643492550077,0.48204564450282616
GSE334503_train_T,cellbridge[shared_top05|anchors_required],Donor041,0.6654718669111723,0.5746173382901167
GSE334503_train_T,cellbridge[shared_top05|anchors_required],Donor051,0.3636580194444593,0.6102473121793283
GSE334503_train_T,cellbridge[shared_top05|rho0],Donor001,0.16496075218793352,0.3077459704910157
GSE334503_train_T,cellbridge[shared_top05|rho0],Donor005,0.4709181841997466,0.5724341220131329
GSE334503_train_T,cellbridge[shared_top05|rho0],Donor011,0.04963309812334801,0.23493898580178718
GSE334503_train_T,cellbridge[shared_top05|rho0],Donor015,0.4839303833793958,0.4306228524880536
GSE334503_train_T,cellbridge[shared_top05|rho0],Donor017,0.5124861878296694,0.30028065588898323
GSE334503_train_T,cellbridge[shared_top05|rho0],Donor022,0.2560606319269654,0.311552578336277
GSE334503_train_T,cellbridge[shared_top05|rho0],Donor024,0.258071559785852,0.3683100305673884
GSE334503_train_T,cellbridge[shared_top05|rho0],Donor028,1.199281400689248,0.7403287262628977
GSE334503_train_T,cellbridge[shared_top05|rho0],Donor037,0.302079882071555,0.49261575941533076
GSE334503_train_T,cellbridge[shared_top05|rho0],Donor041,0.697011376745113,0.5755675503576564
GSE334503_train_T,cellbridge[shared_top05|rho0],Donor051,0.23023052068641414,0.5769806575331045
GSE334503_train_T,cellbridge[shared_top05|rho_max],Donor001,0.14528805181154902,0.25691522224402874
GSE334503_train_T,cellbridge[shared_top05|rho_max],Donor005,0.49537536962131595,0.5758989887105516
GSE334503_train_T,cellbridge[shared_top05|rho_max],Donor011,0.04722785377960656,0.3348221745005751
GSE334503_train_T,cellbridge[shared_top05|rho_max],Donor015,0.22175829763779092,0.4839480983567144
GSE334503_train_T,cellbridge[shared_top05|rho_max],Donor017,0.27212742007907476,0.28558438313307466
GSE334503_train_T,cellbridge[shared_top05|rho_max],Donor022,0.15626840259777425,0.29924969500842546
GSE334503_train_T,cellbridge[shared_top05|rho_max],Donor024,0.3662333719343597,0.41609306089569237
GSE334503_train_T,cellbridge[shared_top05|rho_max],Donor028,0.9070521012225587,0.6912277800424649
GSE334503_train_T,cellbridge[shared_top05|rho_max],Donor037,0.111235636099459,0.47863892436951994
GSE334503_train_T,cellbridge[shared_top05|rho_max],Donor041,0.7079767402152162,0.6357376198697944
GSE334503_train_T,cellbridge[shared_top05|rho_max],Donor051,0.5120790014885853,0.6906791121514837
GSE334503_train_T,cellbridge[shared_top05|no_level],Donor001,0.15710817913477648,0.2771228756765336
GSE334503_train_T,cellbridge[shared_top05|no_level],Donor005,0.4828341777709171,0.5698956923913031
GSE334503_train_T,cellbridge[shared_top05|no_level],Donor011,0.05435968109885496,0.260386121105001
GSE334503_train_T,cellbridge[shared_top05|no_level],Donor015,0.3011801312550261,0.4401980186531738
GSE334503_train_T,cellbridge[shared_top05|no_level],Donor017,0.42169115414531616,0.28255402199382434
GSE334503_train_T,cellbridge[shared_top05|no_level],Donor022,0.20584740800000273,0.30347624497325165
GSE334503_train_T,cellbridge[shared_top05|no_level],Donor024,0.32352815855306605,0.3504085218354469
GSE334503_train_T,cellbridge[shared_top05|no_level],Donor028,1.0876310940915386,0.7254901054596639
GSE334503_train_T,cellbridge[shared_top05|no_level],Donor037,0.21681047265126832,0.48429477792375886
GSE334503_train_T,cellbridge[shared_top05|no_level],Donor041,0.7021009103512764,0.6009248757549528
GSE334503_train_T,cellbridge[shared_top05|no_level],Donor051,0.37562299144372313,0.6350248628266173
GSE334503_train_T,cellbridge[shared_top05|k1],Donor001,0.135983633675742,0.2739421263024184
GSE334503_train_T,cellbridge[shared_top05|k1],Donor005,0.4512021824537181,0.5674593711867133
GSE334503_train_T,cellbridge[shared_top05|k1],Donor011,0.05913728715156756,0.31873893711528345
GSE334503_train_T,cellbridge[shared_top05|k1],Donor015,0.2631719816923046,0.42295368128331406
GSE334503_train_T,cellbridge[shared_top05|k1],Donor017,0.39769207533579,0.26951098640179183
GSE334503_train_T,cellbridge[shared_top05|k1],Donor022,0.17056845093757195,0.2978674173554429
GSE334503_train_T,cellbridge[shared_top05|k1],Donor024,0.4677055036272353,0.4199065023811053
GSE334503_train_T,cellbridge[shared_top05|k1],Donor028,1.1284980100086244,0.7360540034915453
GSE334503_train_T,cellbridge[shared_top05|k1],Donor037,0.23921244797477773,0.47178181030957167
GSE334503_train_T,cellbridge[shared_top05|k1],Donor041,0.704352081645223,0.5806919655963908
GSE334503_train_T,cellbridge[shared_top05|k1],Donor051,0.33055560988823063,0.6217496280612465
Lawlor_CD3_CD28_Monocyte,mean,202937150091_R01C01,1.543328123904075,0.9661780589462242
Lawlor_CD3_CD28_Monocyte,mean,202937150091_R02C01,1.5315009189345505,1.4333052299792917
Lawlor_CD3_CD28_Monocyte,mean,202937150118_R01C01,0.4577344428955496,1.035491866389237
Lawlor_CD3_CD28_Monocyte,mean,202937150118_R02C01,1.4217882427114485,0.9302315864584846
Lawlor_CD3_CD28_Monocyte,mean,202937150118_R03C01,2.0623041778288473,1.1906436445487059
Lawlor_CD3_CD28_Monocyte,mean,202937150118_R04C01,0.1931647182881859,0.6889160765143486
Lawlor_CD3_CD28_Monocyte,mean,202937150118_R05C01,0.7143710934541833,0.8710479483535818
Lawlor_CD3_CD28_Monocyte,mean,202937150118_R06C01,0.6166823314994595,1.1148148918602605
Lawlor_CD3_CD28_Monocyte,mean,202937150118_R07C01,0.8523326876536583,0.6326420008373875
Lawlor_CD3_CD28_Monocyte,mean,202937150118_R08C01,0.509867435655595,1.042324520724355
Lawlor_CD3_CD28_Monocyte,rna_ridge,202937150091_R01C01,1.379742248866604,0.9813890022084839
Lawlor_CD3_CD28_Monocyte,rna_ridge,202937150091_R02C01,1.5315009189345523,1.4333052299792914
Lawlor_CD3_CD28_Monocyte,rna_ridge,202937150118_R01C01,0.36461408331391054,1.0341533231427973
Lawlor_CD3_CD28_Monocyte,rna_ridge,202937150118_R02C01,0.9082584204440352,0.9424385691847824
Lawlor_CD3_CD28_Monocyte,rna_ridge,202937150118_R03C01,1.9438392884752576,1.213136604570394
Lawlor_CD3_CD28_Monocyte,rna_ridge,202937150118_R04C01,0.603395228740971,0.7267476829102536
Lawlor_CD3_CD28_Monocyte,rna_ridge,202937150118_R05C01,0.3779104384339085,0.8481330910771878
Lawlor_CD3_CD28_Monocyte,rna_ridge,202937150118_R06C01,0.5659014624620646,1.090011930866011
Lawlor_CD3_CD28_Monocyte,rna_ridge,202937150118_R07C01,0.8523326876536574,0.6326420008373875
Lawlor_CD3_CD28_Monocyte,rna_ridge,202937150118_R08C01,0.47496179613844147,1.037451419840536
Lawlor_CD3_CD28_Monocyte,joint_ridge,202937150091_R01C01,1.3693860121568884,0.9793873867811309
Lawlor_CD3_CD28_Monocyte,joint_ridge,202937150091_R02C01,1.5315009189345523,1.4333052299792914
Lawlor_CD3_CD28_Monocyte,joint_ridge,202937150118_R01C01,0.35829452742455803,1.0336855814400552
Lawlor_CD3_CD28_Monocyte,joint_ridge,202937150118_R02C01,0.9030698630400936,0.9400955890640454
Lawlor_CD3_CD28_Monocyte,joint_ridge,202937150118_R03C01,1.9376079091195655,1.2127178945617716
Lawlor_CD3_CD28_Monocyte,joint_ridge,202937150118_R04C01,0.5859943495353365,0.7230517696494313
Lawlor_CD3_CD28_Monocyte,joint_ridge,202937150118_R05C01,0.37775260886592343,0.8488722299912711
Lawlor_CD3_CD28_Monocyte,joint_ridge,202937150118_R06C01,0.5733432628788789,1.0882589566126766
Lawlor_CD3_CD28_Monocyte,joint_ridge,202937150118_R07C01,0.8523326876536574,0.6326420008373875
Lawlor_CD3_CD28_Monocyte,joint_ridge,202937150118_R08C01,0.4772092093850403,1.0370009335478836
Lawlor_CD3_CD28_Monocyte,v040_abundance_shrinkage,202937150091_R01C01,1.4427437853749283,0.7964340986183834
Lawlor_CD3_CD28_Monocyte,v040_abundance_shrinkage,202937150091_R02C01,2.0178221256859463,0.8815248044207021
Lawlor_CD3_CD28_Monocyte,v040_abundance_shrinkage,202937150118_R01C01,0.36663484572526484,1.0275853706845333
Lawlor_CD3_CD28_Monocyte,v040_abundance_shrinkage,202937150118_R02C01,0.49099442756323464,0.8676142943369137
Lawlor_CD3_CD28_Monocyte,v040_abundance_shrinkage,202937150118_R03C01,0.8558108105487272,1.3273897424352183
Lawlor_CD3_CD28_Monocyte,v040_abundance_shrinkage,202937150118_R04C01,0.4180152395840091,0.7253990286972253
Lawlor_CD3_CD28_Monocyte,v040_abundance_shrinkage,202937150118_R05C01,0.7714697745631633,0.9030531521302502
Lawlor_CD3_CD28_Monocyte,v040_abundance_shrinkage,202937150118_R06C01,0.47511549829417543,0.9792473296256089
Lawlor_CD3_CD28_Monocyte,v040_abundance_shrinkage,202937150118_R07C01,0.9876556222022473,0.6060737603894829
Lawlor_CD3_CD28_Monocyte,v040_abundance_shrinkage,202937150118_R08C01,0.5666974313975823,1.0136816343970907
Lawlor_CD3_CD28_Monocyte,cellbridge[per_target],202937150091_R01C01,0.3570361601290693,0.643920173245076
Lawlor_CD3_CD28_Monocyte,cellbridge[per_target],202937150091_R02C01,0.47408010465905953,0.7643414237473082
Lawlor_CD3_CD28_Monocyte,cellbridge[per_target],202937150118_R01C01,0.2005543990623802,0.6679568116692952
Lawlor_CD3_CD28_Monocyte,cellbridge[per_target],202937150118_R02C01,0.9784857934029305,0.8511501798338427
Lawlor_CD3_CD28_Monocyte,cellbridge[per_target],202937150118_R03C01,0.9383905842680161,0.7211786205728039
Lawlor_CD3_CD28_Monocyte,cellbridge[per_target],202937150118_R04C01,0.49871266418514304,0.7486242381990055
Lawlor_CD3_CD28_Monocyte,cellbridge[per_target],202937150118_R05C01,0.28112637191092565,0.6331769093931512
Lawlor_CD3_CD28_Monocyte,cellbridge[per_target],202937150118_R06C01,0.4690969994540068,0.6965134647382359
Lawlor_CD3_CD28_Monocyte,cellbridge[per_target],202937150118_R07C01,0.548114713983662,0.5681211991864333
Lawlor_CD3_CD28_Monocyte,cellbridge[per_target],202937150118_R08C01,0.8339438746343555,0.5827867250101816
Lawlor_CD3_CD28_Monocyte,cellbridge[shared],202937150091_R01C01,0.50027647835642,0.656865855889376
Lawlor_CD3_CD28_Monocyte,cellbridge[shared],202937150091_R02C01,0.419873822305421,1.021430952057022
Lawlor_CD3_CD28_Monocyte,cellbridge[shared],202937150118_R01C01,0.07386623334031286,0.698609479883601
Lawlor_CD3_CD28_Monocyte,cellbridge[shared],202937150118_R02C01,0.6983830410698859,0.7943787246634241
Lawlor_CD3_CD28_Monocyte,cellbridge[shared],202937150118_R03C01,1.158204055242309,0.7666845328329686
Lawlor_CD3_CD28_Monocyte,cellbridge[shared],202937150118_R04C01,0.31363003707092424,0.5593269933382349
Lawlor_CD3_CD28_Monocyte,cellbridge[shared],202937150118_R05C01,0.39458659903045307,0.6358860457892869
Lawlor_CD3_CD28_Monocyte,cellbridge[shared],202937150118_R06C01,0.3486592994456522,0.5518810955925799
Lawlor_CD3_CD28_Monocyte,cellbridge[shared],202937150118_R07C01,0.7481180962793645,0.4954815104534172
Lawlor_CD3_CD28_Monocyte,cellbridge[shared],202937150118_R08C01,0.7036528122862353,0.5498983637043581
Lawlor_CD3_CD28_Monocyte,cellbridge[shared_top01],202937150091_R01C01,0.5012300692137596,0.6463789046098467
Lawlor_CD3_CD28_Monocyte,cellbridge[shared_top01],202937150091_R02C01,0.38487978869867695,1.0339481930495924
Lawlor_CD3_CD28_Monocyte,cellbridge[shared_top01],202937150118_R01C01,0.04871100321063663,0.6957933554304833
Lawlor_CD3_CD28_Monocyte,cellbridge[shared_top01],202937150118_R02C01,0.6805099524726026,0.7767802854014926
Lawlor_CD3_CD28_Monocyte,cellbridge[shared_top01],202937150118_R03C01,0.9516077679065591,0.6547333794577829
Lawlor_CD3_CD28_Monocyte,cellbridge[shared_top01],202937150118_R04C01,0.33003152956126497,0.5598367034923584
Lawlor_CD3_CD28_Monocyte,cellbridge[shared_top01],202937150118_R05C01,0.3710234727640047,0.6348960641550236
Lawlor_CD3_CD28_Monocyte,cellbridge[shared_top01],202937150118_R06C01,0.3437420801579316,0.5462061794378482
Lawlor_CD3_CD28_Monocyte,cellbridge[shared_top01],202937150118_R07C01,0.7467744561844771,0.5019722849448153
Lawlor_CD3_CD28_Monocyte,cellbridge[shared_top01],202937150118_R08C01,0.7350891866814185,0.5223378553009471
Lawlor_CD3_CD28_Monocyte,cellbridge[shared_top02],202937150091_R01C01,0.5113684935552358,0.6211866907188421
Lawlor_CD3_CD28_Monocyte,cellbridge[shared_top02],202937150091_R02C01,0.48838036712508487,0.9327425862556961
Lawlor_CD3_CD28_Monocyte,cellbridge[shared_top02],202937150118_R01C01,0.04594710339442746,0.700528826523351
Lawlor_CD3_CD28_Monocyte,cellbridge[shared_top02],202937150118_R02C01,0.6425525345576936,0.7620071657948955
Lawlor_CD3_CD28_Monocyte,cellbridge[shared_top02],202937150118_R03C01,0.9104795403282915,0.6392643615972419
Lawlor_CD3_CD28_Monocyte,cellbridge[shared_top02],202937150118_R04C01,0.3633246326776752,0.5621561929257
Lawlor_CD3_CD28_Monocyte,cellbridge[shared_top02],202937150118_R05C01,0.28153147874511114,0.6607445601262454
Lawlor_CD3_CD28_Monocyte,cellbridge[shared_top02],202937150118_R06C01,0.34379644985837887,0.5440198261342142
Lawlor_CD3_CD28_Monocyte,cellbridge[shared_top02],202937150118_R07C01,0.7007765988465577,0.49588173264340873
Lawlor_CD3_CD28_Monocyte,cellbridge[shared_top02],202937150118_R08C01,0.7481449900158448,0.5337758373975178
Lawlor_CD3_CD28_Monocyte,cellbridge[shared_top05],202937150091_R01C01,0.5249939269890931,0.6157089579017767
Lawlor_CD3_CD28_Monocyte,cellbridge[shared_top05],202937150091_R02C01,0.48178048182759536,0.895474002587451
Lawlor_CD3_CD28_Monocyte,cellbridge[shared_top05],202937150118_R01C01,0.032357811998176104,0.7031950003523756
Lawlor_CD3_CD28_Monocyte,cellbridge[shared_top05],202937150118_R02C01,0.5914037254762018,0.7387606189256062
Lawlor_CD3_CD28_Monocyte,cellbridge[shared_top05],202937150118_R03C01,0.930201577519866,0.6528044092993128
Lawlor_CD3_CD28_Monocyte,cellbridge[shared_top05],202937150118_R04C01,0.43845280427157135,0.5801765248078022
Lawlor_CD3_CD28_Monocyte,cellbridge[shared_top05],202937150118_R05C01,0.26280500667219947,0.663709094381357
Lawlor_CD3_CD28_Monocyte,cellbridge[shared_top05],202937150118_R06C01,0.3358550695342123,0.548811936139225
Lawlor_CD3_CD28_Monocyte,cellbridge[shared_top05],202937150118_R07C01,0.7413219694743467,0.49845462678594177
Lawlor_CD3_CD28_Monocyte,cellbridge[shared_top05],202937150118_R08C01,0.7672351301192566,0.5372959198310301
Lawlor_CD3_CD28_Monocyte,cellbridge[shared_top10],202937150091_R01C01,0.5830572578109072,0.6372654309373307
Lawlor_CD3_CD28_Monocyte,cellbridge[shared_top10],202937150091_R02C01,0.785931465193898,0.8053787022394882
Lawlor_CD3_CD28_Monocyte,cellbridge[shared_top10],202937150118_R01C01,0.049225239101233435,0.6737565833834378
Lawlor_CD3_CD28_Monocyte,cellbridge[shared_top10],202937150118_R02C01,0.5570414221348806,0.7341823460450808
Lawlor_CD3_CD28_Monocyte,cellbridge[shared_top10],202937150118_R03C01,0.9932564636753394,0.6643938709640897
Lawlor_CD3_CD28_Monocyte,cellbridge[shared_top10],202937150118_R04C01,0.490043451027958,0.6645690054154305
Lawlor_CD3_CD28_Monocyte,cellbridge[shared_top10],202937150118_R05C01,0.3102628433925284,0.6748486351649938
Lawlor_CD3_CD28_Monocyte,cellbridge[shared_top10],202937150118_R06C01,0.2798649319131644,0.5900226989813865
Lawlor_CD3_CD28_Monocyte,cellbridge[shared_top10],202937150118_R07C01,0.8165982367157119,0.4972847998970498
Lawlor_CD3_CD28_Monocyte,cellbridge[shared_top10],202937150118_R08C01,0.8067952090545907,0.5624257611748119
Lawlor_CD3_CD28_Monocyte,cellbridge[per_target_top05],202937150091_R01C01,0.20030506199422127,0.6038620417014042
Lawlor_CD3_CD28_Monocyte,cellbridge[per_target_top05],202937150091_R02C01,0.6607811122907267,0.7082200407966575
Lawlor_CD3_CD28_Monocyte,cellbridge[per_target_top05],202937150118_R01C01,0.0623873702392876,0.6663253549770238
Lawlor_CD3_CD28_Monocyte,cellbridge[per_target_top05],202937150118_R02C01,0.909971274985637,0.7888801027478887
Lawlor_CD3_CD28_Monocyte,cellbridge[per_target_top05],202937150118_R03C01,0.9463032643244053,0.6969655151481977
Lawlor_CD3_CD28_Monocyte,cellbridge[per_target_top05],202937150118_R04C01,0.5404985251904918,0.7119274685221514
Lawlor_CD3_CD28_Monocyte,cellbridge[per_target_top05],202937150118_R05C01,0.21405706690508214,0.6143269676530774
Lawlor_CD3_CD28_Monocyte,cellbridge[per_target_top05],202937150118_R06C01,0.4461897044299021,0.6626460489294451
Lawlor_CD3_CD28_Monocyte,cellbridge[per_target_top05],202937150118_R07C01,0.7280498970473812,0.44563313288702866
Lawlor_CD3_CD28_Monocyte,cellbridge[per_target_top05],202937150118_R08C01,0.8690593399270583,0.5865507128178412
Lawlor_CD3_CD28_Monocyte,cellbridge[shared_top05|rna_only],202937150091_R01C01,0.6423717784860974,0.6713143489221919
Lawlor_CD3_CD28_Monocyte,cellbridge[shared_top05|rna_only],202937150091_R02C01,1.3663981267129635,0.8708612331298009
Lawlor_CD3_CD28_Monocyte,cellbridge[shared_top05|rna_only],202937150118_R01C01,0.10428007842669859,0.7146404002662261
Lawlor_CD3_CD28_Monocyte,cellbridge[shared_top05|rna_only],202937150118_R02C01,0.6167740124110871,0.7904401102185461
Lawlor_CD3_CD28_Monocyte,cellbridge[shared_top05|rna_only],202937150118_R03C01,0.8866526941666424,0.6525626530682406
Lawlor_CD3_CD28_Monocyte,cellbridge[shared_top05|rna_only],202937150118_R04C01,0.699096572061776,0.7583828127530174
Lawlor_CD3_CD28_Monocyte,cellbridge[shared_top05|rna_only],202937150118_R05C01,0.20801651295597956,0.7333015968313034
Lawlor_CD3_CD28_Monocyte,cellbridge[shared_top05|rna_only],202937150118_R06C01,0.1427773883665227,0.6316482758756391
Lawlor_CD3_CD28_Monocyte,cellbridge[shared_top05|rna_only],202937150118_R07C01,1.1707231966115108,0.7238479723559085
Lawlor_CD3_CD28_Monocyte,cellbridge[shared_top05|rna_only],202937150118_R08C01,0.7766998021804229,0.5862409520176238
Lawlor_CD3_CD28_Monocyte,cellbridge[shared_top05|anchors_required],202937150091_R01C01,0.5230718542114495,0.6128037214704419
Lawlor_CD3_CD28_Monocyte,cellbridge[shared_top05|anchors_required],202937150091_R02C01,0.4571564919061686,0.9281019219741867
Lawlor_CD3_CD28_Monocyte,cellbridge[shared_top05|anchors_required],202937150118_R01C01,0.049354240882818395,0.700756748262278
Lawlor_CD3_CD28_Monocyte,cellbridge[shared_top05|anchors_required],202937150118_R02C01,0.6217137318984262,0.7545289929029078
Lawlor_CD3_CD28_Monocyte,cellbridge[shared_top05|anchors_required],202937150118_R03C01,0.9375266184088202,0.6506074099151881
Lawlor_CD3_CD28_Monocyte,cellbridge[shared_top05|anchors_required],202937150118_R04C01,0.3699139792494075,0.5559082053152382
Lawlor_CD3_CD28_Monocyte,cellbridge[shared_top05|anchors_required],202937150118_R05C01,0.27991519156680156,0.6636586546418931
Lawlor_CD3_CD28_Monocyte,cellbridge[shared_top05|anchors_required],202937150118_R06C01,0.3425142700914154,0.5457784615516165
Lawlor_CD3_CD28_Monocyte,cellbridge[shared_top05|anchors_required],202937150118_R07C01,0.7052604718416281,0.48401790359937136
Lawlor_CD3_CD28_Monocyte,cellbridge[shared_top05|anchors_required],202937150118_R08C01,0.7550554316873854,0.5428582098586012
Lawlor_CD3_CD28_Monocyte,cellbridge[shared_top05|rho0],202937150091_R01C01,0.5337952565819981,0.5960078038658964
Lawlor_CD3_CD28_Monocyte,cellbridge[shared_top05|rho0],202937150091_R02C01,0.28880116131214717,0.9586561108946957
Lawlor_CD3_CD28_Monocyte,cellbridge[shared_top05|rho0],202937150118_R01C01,0.03717993848489048,0.7805565700345594
Lawlor_CD3_CD28_Monocyte,cellbridge[shared_top05|rho0],202937150118_R02C01,0.5842317705450988,0.6921569714565801
Lawlor_CD3_CD28_Monocyte,cellbridge[shared_top05|rho0],202937150118_R03C01,0.961843888742725,0.7191774115807258
Lawlor_CD3_CD28_Monocyte,cellbridge[shared_top05|rho0],202937150118_R04C01,0.4421016649043289,0.595502710778846
Lawlor_CD3_CD28_Monocyte,cellbridge[shared_top05|rho0],202937150118_R05C01,0.1930786922039097,0.6956704681153505
Lawlor_CD3_CD28_Monocyte,cellbridge[shared_top05|rho0],202937150118_R06C01,0.2468415258399909,0.5733798423139468
Lawlor_CD3_CD28_Monocyte,cellbridge[shared_top05|rho0],202937150118_R07C01,0.7762072416357135,0.5185590902465842
Lawlor_CD3_CD28_Monocyte,cellbridge[shared_top05|rho0],202937150118_R08C01,0.8173818765195859,0.5563853988391754
Lawlor_CD3_CD28_Monocyte,cellbridge[shared_top05|rho_max],202937150091_R01C01,0.5984790972239344,0.5933090470566886
Lawlor_CD3_CD28_Monocyte,cellbridge[shared_top05|rho_max],202937150091_R02C01,0.5062665791493063,0.8997193419326236
Lawlor_CD3_CD28_Monocyte,cellbridge[shared_top05|rho_max],202937150118_R01C01,0.15442645183793324,0.75232566719229
Lawlor_CD3_CD28_Monocyte,cellbridge[shared_top05|rho_max],202937150118_R02C01,0.6266863192526269,0.7554298566883132
Lawlor_CD3_CD28_Monocyte,cellbridge[shared_top05|rho_max],202937150118_R03C01,0.9277671388250796,0.6757525308273338
Lawlor_CD3_CD28_Monocyte,cellbridge[shared_top05|rho_max],202937150118_R04C01,0.4728155554961191,0.5355564539238978
Lawlor_CD3_CD28_Monocyte,cellbridge[shared_top05|rho_max],202937150118_R05C01,0.2778332442905553,0.6608259414474043
Lawlor_CD3_CD28_Monocyte,cellbridge[shared_top05|rho_max],202937150118_R06C01,0.4227637958856192,0.563980039323525
Lawlor_CD3_CD28_Monocyte,cellbridge[shared_top05|rho_max],202937150118_R07C01,0.6913247364240412,0.46918176864388916
Lawlor_CD3_CD28_Monocyte,cellbridge[shared_top05|rho_max],202937150118_R08C01,0.7750901467547291,0.4896766773872915
Lawlor_CD3_CD28_Monocyte,cellbridge[shared_top05|no_level],202937150091_R01C01,0.5739523377651286,0.5951620961435102
Lawlor_CD3_CD28_Monocyte,cellbridge[shared_top05|no_level],202937150091_R02C01,0.39790969125123077,0.9315835975976495
Lawlor_CD3_CD28_Monocyte,cellbridge[shared_top05|no_level],202937150118_R01C01,0.11202890605451046,0.7658897386917848
Lawlor_CD3_CD28_Monocyte,cellbridge[shared_top05|no_level],202937150118_R02C01,0.6096363826884972,0.7288156287415843
Lawlor_CD3_CD28_Monocyte,cellbridge[shared_top05|no_level],202937150118_R03C01,0.9338027273669212,0.6821749369269422
Lawlor_CD3_CD28_Monocyte,cellbridge[shared_top05|no_level],202937150118_R04C01,0.4615455821059753,0.5515402949396994
Lawlor_CD3_CD28_Monocyte,cellbridge[shared_top05|no_level],202937150118_R05C01,0.25104086509621926,0.6694226813437182
Lawlor_CD3_CD28_Monocyte,cellbridge[shared_top05|no_level],202937150118_R06C01,0.36316017867097605,0.5615333799384375
Lawlor_CD3_CD28_Monocyte,cellbridge[shared_top05|no_level],202937150118_R07C01,0.7287394082010169,0.4860113742750346
Lawlor_CD3_CD28_Monocyte,cellbridge[shared_top05|no_level],202937150118_R08C01,0.7890417289930094,0.5137234198579885
Lawlor_CD3_CD28_Monocyte,cellbridge[shared_top05|k1],202937150091_R01C01,0.5327468129927464,0.5661198190764013
Lawlor_CD3_CD28_Monocyte,cellbridge[shared_top05|k1],202937150091_R02C01,0.41903899998791316,1.0170287465986392
Lawlor_CD3_CD28_Monocyte,cellbridge[shared_top05|k1],202937150118_R01C01,0.06121309012830016,0.7185511503452814
Lawlor_CD3_CD28_Monocyte,cellbridge[shared_top05|k1],202937150118_R02C01,0.4555971838834008,0.6778458307006152
Lawlor_CD3_CD28_Monocyte,cellbridge[shared_top05|k1],202937150118_R03C01,1.1295029390272242,0.7351396017349455
Lawlor_CD3_CD28_Monocyte,cellbridge[shared_top05|k1],202937150118_R04C01,0.4971642893595287,0.5715857164301676
Lawlor_CD3_CD28_Monocyte,cellbridge[shared_top05|k1],202937150118_R05C01,0.2560337835545161,0.722703794569712
Lawlor_CD3_CD28_Monocyte,cellbridge[shared_top05|k1],202937150118_R06C01,0.35618687683709654,0.5838227285448286
Lawlor_CD3_CD28_Monocyte,cellbridge[shared_top05|k1],202937150118_R07C01,0.5701784517749356,0.4317290408964097
Lawlor_CD3_CD28_Monocyte,cellbridge[shared_top05|k1],202937150118_R08C01,0.8171376187341184,0.5644521789870898
Lawlor_CD3_CD28_T,mean,202937150091_R01C01,1.7404693764035906,1.7615318182484694
Lawlor_CD3_CD28_T,mean,202937150091_R02C01,1.1451605084456917,1.2626409181689007
Lawlor_CD3_CD28_T,mean,202937150118_R01C01,0.46287296406025336,0.6426787697208205
Lawlor_CD3_CD28_T,mean,202937150118_R02C01,1.6552801278158422,1.2939236112812644
Lawlor_CD3_CD28_T,mean,202937150118_R03C01,0.17793013963496104,0.9762272905424655
Lawlor_CD3_CD28_T,mean,202937150118_R04C01,1.5940992308022106,1.0107942103827454
Lawlor_CD3_CD28_T,mean,202937150118_R05C01,1.10612857232985,0.7264953809287319
Lawlor_CD3_CD28_T,mean,202937150118_R06C01,0.47414036645518054,0.9600340006822073
Lawlor_CD3_CD28_T,mean,202937150118_R07C01,0.15103389269959305,0.4621482953877533
Lawlor_CD3_CD28_T,mean,202937150118_R08C01,0.848471057841053,0.7564289773192824
Lawlor_CD3_CD28_T,rna_ridge,202937150091_R01C01,1.170363586056814,1.2592545216546212
Lawlor_CD3_CD28_T,rna_ridge,202937150091_R02C01,1.153111445147425,1.2854672076019058
Lawlor_CD3_CD28_T,rna_ridge,202937150118_R01C01,0.5355374589062439,0.6856902779402111
Lawlor_CD3_CD28_T,rna_ridge,202937150118_R02C01,1.5343716572198973,0.9691946866329372
Lawlor_CD3_CD28_T,rna_ridge,202937150118_R03C01,0.12622157516190588,0.8055186291755235
Lawlor_CD3_CD28_T,rna_ridge,202937150118_R04C01,1.4920804762501387,0.7771610602723282
Lawlor_CD3_CD28_T,rna_ridge,202937150118_R05C01,1.0123019877122292,0.707225821597002
Lawlor_CD3_CD28_T,rna_ridge,202937150118_R06C01,0.29472726138657745,0.7883027007308037
Lawlor_CD3_CD28_T,rna_ridge,202937150118_R07C01,0.28455498387887446,0.5606313839756806
Lawlor_CD3_CD28_T,rna_ridge,202937150118_R08C01,0.9145151952181604,0.7520123439216119
Lawlor_CD3_CD28_T,joint_ridge,202937150091_R01C01,1.1654222556720888,1.2582178653782843
Lawlor_CD3_CD28_T,joint_ridge,202937150091_R02C01,1.137523065387338,1.2814258147667508
Lawlor_CD3_CD28_T,joint_ridge,202937150118_R01C01,0.5345521711208044,0.6851812900814218
Lawlor_CD3_CD28_T,joint_ridge,202937150118_R02C01,1.5339562302883378,0.9694533261804098
Lawlor_CD3_CD28_T,joint_ridge,202937150118_R03C01,0.12529440183876758,0.805156513854037
Lawlor_CD3_CD28_T,joint_ridge,202937150118_R04C01,1.4866549238970954,0.7754007117929115
Lawlor_CD3_CD28_T,joint_ridge,202937150118_R05C01,1.0088808654391475,0.7055363867063594
Lawlor_CD3_CD28_T,joint_ridge,202937150118_R06C01,0.2933768504595437,0.7867645788667174
Lawlor_CD3_CD28_T,joint_ridge,202937150118_R07C01,0.28410881148590433,0.5581017376716996
Lawlor_CD3_CD28_T,joint_ridge,202937150118_R08C01,0.9125999419677485,0.7501620980150024
Lawlor_CD3_CD28_T,v040_abundance_shrinkage,202937150091_R01C01,0.8679033618181681,1.2861381380695927
Lawlor_CD3_CD28_T,v040_abundance_shrinkage,202937150091_R02C01,0.2521483817728825,1.1824392158396084
Lawlor_CD3_CD28_T,v040_abundance_shrinkage,202937150118_R01C01,0.5479656048957101,0.5861600061198157
Lawlor_CD3_CD28_T,v040_abundance_shrinkage,202937150118_R02C01,0.833867466684483,0.9182386910966285
Lawlor_CD3_CD28_T,v040_abundance_shrinkage,202937150118_R03C01,0.12521556329900327,0.8287167212368104
Lawlor_CD3_CD28_T,v040_abundance_shrinkage,202937150118_R04C01,1.0371854297518959,0.6662235581838274
Lawlor_CD3_CD28_T,v040_abundance_shrinkage,202937150118_R05C01,0.4002345961407001,0.5931183554375514
Lawlor_CD3_CD28_T,v040_abundance_shrinkage,202937150118_R06C01,0.07681606144954603,0.7656151053411784
Lawlor_CD3_CD28_T,v040_abundance_shrinkage,202937150118_R07C01,0.40360601818122843,0.7936905339337158
Lawlor_CD3_CD28_T,v040_abundance_shrinkage,202937150118_R08C01,0.7200298872503825,0.6447126354224114
Lawlor_CD3_CD28_T,cellbridge[per_target],202937150091_R01C01,0.6311052022006277,1.3382457067427749
Lawlor_CD3_CD28_T,cellbridge[per_target],202937150091_R02C01,1.540994749748791,1.5534872279090666
Lawlor_CD3_CD28_T,cellbridge[per_target],202937150118_R01C01,0.5382034153485965,0.920302044882306
Lawlor_CD3_CD28_T,cellbridge[per_target],202937150118_R02C01,1.653820641133556,0.990161581695711
Lawlor_CD3_CD28_T,cellbridge[per_target],202937150118_R03C01,0.6310120583345491,1.1218528518734383
Lawlor_CD3_CD28_T,cellbridge[per_target],202937150118_R04C01,2.4331987472014363,0.9267188787612751
Lawlor_CD3_CD28_T,cellbridge[per_target],202937150118_R05C01,0.6810970521750308,0.719633275374432
Lawlor_CD3_CD28_T,cellbridge[per_target],202937150118_R06C01,0.07240292387492869,0.9111296122911396
Lawlor_CD3_CD28_T,cellbridge[per_target],202937150118_R07C01,0.7513052285073145,0.7042140651551619
Lawlor_CD3_CD28_T,cellbridge[per_target],202937150118_R08C01,0.8325323499619367,0.6708639546095346
Lawlor_CD3_CD28_T,cellbridge[shared],202937150091_R01C01,0.8319848670407151,1.1151902612669102
Lawlor_CD3_CD28_T,cellbridge[shared],202937150091_R02C01,1.082791199993875,1.1669686505870107
Lawlor_CD3_CD28_T,cellbridge[shared],202937150118_R01C01,0.5318565804986035,0.7512883397013855
Lawlor_CD3_CD28_T,cellbridge[shared],202937150118_R02C01,1.4695842429160515,0.8946152470880808
Lawlor_CD3_CD28_T,cellbridge[shared],202937150118_R03C01,0.3435317161654389,0.9175026350008614
Lawlor_CD3_CD28_T,cellbridge[shared],202937150118_R04C01,0.9441437637952506,0.7846863166008159
Lawlor_CD3_CD28_T,cellbridge[shared],202937150118_R05C01,0.8466386877449885,0.7203479324227646
Lawlor_CD3_CD28_T,cellbridge[shared],202937150118_R06C01,0.1267595644556901,0.8011211241264747
Lawlor_CD3_CD28_T,cellbridge[shared],202937150118_R07C01,0.37879615477765455,0.4735664554587388
Lawlor_CD3_CD28_T,cellbridge[shared],202937150118_R08C01,0.7097505368579362,0.6340792537931486
Lawlor_CD3_CD28_T,cellbridge[shared_top01],202937150091_R01C01,0.7812040582231161,1.1450136818880126
Lawlor_CD3_CD28_T,cellbridge[shared_top01],202937150091_R02C01,1.0745417986023025,1.1682796222479406
Lawlor_CD3_CD28_T,cellbridge[shared_top01],202937150118_R01C01,0.5350767075162612,0.7446334760647021
Lawlor_CD3_CD28_T,cellbridge[shared_top01],202937150118_R02C01,1.4125042273484572,0.9010518551632708
Lawlor_CD3_CD28_T,cellbridge[shared_top01],202937150118_R03C01,0.3798922893567559,0.9390523561041044
Lawlor_CD3_CD28_T,cellbridge[shared_top01],202937150118_R04C01,0.834109257633793,0.7779597343171961
Lawlor_CD3_CD28_T,cellbridge[shared_top01],202937150118_R05C01,0.8366003308397323,0.7226839264342043
Lawlor_CD3_CD28_T,cellbridge[shared_top01],202937150118_R06C01,0.2150364564566165,0.8411092121248249
Lawlor_CD3_CD28_T,cellbridge[shared_top01],202937150118_R07C01,0.39861931527173056,0.4735762346413007
Lawlor_CD3_CD28_T,cellbridge[shared_top01],202937150118_R08C01,0.6760792713472841,0.6367900349597078
Lawlor_CD3_CD28_T,cellbridge[shared_top02],202937150091_R01C01,0.7638692206480822,1.1583097114591936
Lawlor_CD3_CD28_T,cellbridge[shared_top02],202937150091_R02C01,1.0683376714802455,1.164247944455788
Lawlor_CD3_CD28_T,cellbridge[shared_top02],202937150118_R01C01,0.5305096390316443,0.7382055336294886
Lawlor_CD3_CD28_T,cellbridge[shared_top02],202937150118_R02C01,1.403857012982106,0.9122548434565529
Lawlor_CD3_CD28_T,cellbridge[shared_top02],202937150118_R03C01,0.38464463717360786,0.9446990660714417
Lawlor_CD3_CD28_T,cellbridge[shared_top02],202937150118_R04C01,0.8215591274501847,0.7701006229979414
Lawlor_CD3_CD28_T,cellbridge[shared_top02],202937150118_R05C01,0.8286853710351785,0.7230659645565869
Lawlor_CD3_CD28_T,cellbridge[shared_top02],202937150118_R06C01,0.21273797797069022,0.8471084696979672
Lawlor_CD3_CD28_T,cellbridge[shared_top02],202937150118_R07C01,0.3988378342856008,0.4706797497289357
Lawlor_CD3_CD28_T,cellbridge[shared_top02],202937150118_R08C01,0.6722022067264322,0.6355834023300241
Lawlor_CD3_CD28_T,cellbridge[shared_top05],202937150091_R01C01,0.7151200123285342,1.1878984200260083
Lawlor_CD3_CD28_T,cellbridge[shared_top05],202937150091_R02C01,1.0619862072223727,1.1587182487203376
Lawlor_CD3_CD28_T,cellbridge[shared_top05],202937150118_R01C01,0.5233516677116106,0.7264600526197379
Lawlor_CD3_CD28_T,cellbridge[shared_top05],202937150118_R02C01,1.3791691613692474,0.9280384861017792
Lawlor_CD3_CD28_T,cellbridge[shared_top05],202937150118_R03C01,0.3969617524140926,0.9550729178712809
Lawlor_CD3_CD28_T,cellbridge[shared_top05],202937150118_R04C01,0.7884528367919699,0.7450205049904389
Lawlor_CD3_CD28_T,cellbridge[shared_top05],202937150118_R05C01,0.818895645382782,0.7196274315212786
Lawlor_CD3_CD28_T,cellbridge[shared_top05],202937150118_R06C01,0.18678485606645587,0.8460226508699535
Lawlor_CD3_CD28_T,cellbridge[shared_top05],202937150118_R07C01,0.398350256779549,0.47439430658430976
Lawlor_CD3_CD28_T,cellbridge[shared_top05],202937150118_R08C01,0.6708442319359088,0.637055129638944
Lawlor_CD3_CD28_T,cellbridge[shared_top10],202937150091_R01C01,0.6697332742170504,1.21162467336211
Lawlor_CD3_CD28_T,cellbridge[shared_top10],202937150091_R02C01,1.043481908712641,1.1481062541937224
Lawlor_CD3_CD28_T,cellbridge[shared_top10],202937150118_R01C01,0.502331805693985,0.7164306946698304
Lawlor_CD3_CD28_T,cellbridge[shared_top10],202937150118_R02C01,1.3531266113489453,0.9449184602684148
Lawlor_CD3_CD28_T,cellbridge[shared_top10],202937150118_R03C01,0.40991735252351813,0.9638983232059791
Lawlor_CD3_CD28_T,cellbridge[shared_top10],202937150118_R04C01,0.7995872375570959,0.7436452230736749
Lawlor_CD3_CD28_T,cellbridge[shared_top10],202937150118_R05C01,0.829404803983108,0.7100730778815958
Lawlor_CD3_CD28_T,cellbridge[shared_top10],202937150118_R06C01,0.17688794033280672,0.8509408912759805
Lawlor_CD3_CD28_T,cellbridge[shared_top10],202937150118_R07C01,0.3879829986638756,0.47254626245024633
Lawlor_CD3_CD28_T,cellbridge[shared_top10],202937150118_R08C01,0.6784091993337631,0.6423633823383006
Lawlor_CD3_CD28_T,cellbridge[per_target_top05],202937150091_R01C01,0.708140378450759,1.2983844258465085
Lawlor_CD3_CD28_T,cellbridge[per_target_top05],202937150091_R02C01,1.3068046870888013,1.3098432214015003
Lawlor_CD3_CD28_T,cellbridge[per_target_top05],202937150118_R01C01,0.45228444376834914,0.8060792533027777
Lawlor_CD3_CD28_T,cellbridge[per_target_top05],202937150118_R02C01,1.4949800184033655,0.9523367520881396
Lawlor_CD3_CD28_T,cellbridge[per_target_top05],202937150118_R03C01,0.7417864849054199,1.0194808098221355
Lawlor_CD3_CD28_T,cellbridge[per_target_top05],202937150118_R04C01,1.4805005119067354,0.8465973099395522
Lawlor_CD3_CD28_T,cellbridge[per_target_top05],202937150118_R05C01,0.7821527938593309,0.6511749707817683
Lawlor_CD3_CD28_T,cellbridge[per_target_top05],202937150118_R06C01,0.05971447880903086,0.8781572385613262
Lawlor_CD3_CD28_T,cellbridge[per_target_top05],202937150118_R07C01,0.5676568211228146,0.570666772112167
Lawlor_CD3_CD28_T,cellbridge[per_target_top05],202937150118_R08C01,0.8799217151904773,0.6768399053534767
Lawlor_CD3_CD28_T,cellbridge[shared_top05|rna_only],202937150091_R01C01,0.7111653901741415,1.1954918489384783
Lawlor_CD3_CD28_T,cellbridge[shared_top05|rna_only],202937150091_R02C01,1.0784449558295357,1.1761744092844055
Lawlor_CD3_CD28_T,cellbridge[shared_top05|rna_only],202937150118_R01C01,0.523829304912429,0.726110698296405
Lawlor_CD3_CD28_T,cellbridge[shared_top05|rna_only],202937150118_R02C01,1.3783995552239188,0.9423089994429411
Lawlor_CD3_CD28_T,cellbridge[shared_top05|rna_only],202937150118_R03C01,0.4186367033213705,0.9623336803379342
Lawlor_CD3_CD28_T,cellbridge[shared_top05|rna_only],202937150118_R04C01,0.7955048966327593,0.7486061736266101
Lawlor_CD3_CD28_T,cellbridge[shared_top05|rna_only],202937150118_R05C01,0.8164973356258647,0.7227497865524577
Lawlor_CD3_CD28_T,cellbridge[shared_top05|rna_only],202937150118_R06C01,0.16294778524151143,0.8368595718251844
Lawlor_CD3_CD28_T,cellbridge[shared_top05|rna_only],202937150118_R07C01,0.40401687775255746,0.4832277143238435
Lawlor_CD3_CD28_T,cellbridge[shared_top05|rna_only],202937150118_R08C01,0.6795613902096536,0.6426342978227796
Lawlor_CD3_CD28_T,cellbridge[shared_top05|anchors_required],202937150091_R01C01,0.7187103807948831,1.1818700893523082
Lawlor_CD3_CD28_T,cellbridge[shared_top05|anchors_required],202937150091_R02C01,1.0503467838422564,1.153439726633675
Lawlor_CD3_CD28_T,cellbridge[shared_top05|anchors_required],202937150118_R01C01,0.5243292945294492,0.7257113919885033
Lawlor_CD3_CD28_T,cellbridge[shared_top05|anchors_required],202937150118_R02C01,1.3879140106757988,0.9158999599165882
Lawlor_CD3_CD28_T,cellbridge[shared_top05|anchors_required],202937150118_R03C01,0.38021345151958774,0.9494028923505402
Lawlor_CD3_CD28_T,cellbridge[shared_top05|anchors_required],202937150118_R04C01,0.7871466200011578,0.7436999285062094
Lawlor_CD3_CD28_T,cellbridge[shared_top05|anchors_required],202937150118_R05C01,0.82300183625718,0.7167319474522287
Lawlor_CD3_CD28_T,cellbridge[shared_top05|anchors_required],202937150118_R06C01,0.1953198955011501,0.8497709292707233
Lawlor_CD3_CD28_T,cellbridge[shared_top05|anchors_required],202937150118_R07C01,0.3924923589130148,0.4705045936442905
Lawlor_CD3_CD28_T,cellbridge[shared_top05|anchors_required],202937150118_R08C01,0.6684406520626425,0.6377296279274867
Lawlor_CD3_CD28_T,cellbridge[shared_top05|rho0],202937150091_R01C01,0.5145906206158156,1.2221924121270393
Lawlor_CD3_CD28_T,cellbridge[shared_top05|rho0],202937150091_R02C01,0.9993669707669488,1.1702033427454128
Lawlor_CD3_CD28_T,cellbridge[shared_top05|rho0],202937150118_R01C01,0.5088143512092529,0.7520774503529734
Lawlor_CD3_CD28_T,cellbridge[shared_top05|rho0],202937150118_R02C01,1.278489167195141,0.9733273964305136
Lawlor_CD3_CD28_T,cellbridge[shared_top05|rho0],202937150118_R03C01,0.41098932449342207,0.9922911954328969
Lawlor_CD3_CD28_T,cellbridge[shared_top05|rho0],202937150118_R04C01,0.9652800815030402,0.8125883360484214
Lawlor_CD3_CD28_T,cellbridge[shared_top05|rho0],202937150118_R05C01,0.941737328947267,0.6823570070197124
Lawlor_CD3_CD28_T,cellbridge[shared_top05|rho0],202937150118_R06C01,0.06732442523361913,0.8695584080525446
Lawlor_CD3_CD28_T,cellbridge[shared_top05|rho0],202937150118_R07C01,0.4596835820042607,0.4704764837427007
Lawlor_CD3_CD28_T,cellbridge[shared_top05|rho0],202937150118_R08C01,0.7465359016848848,0.6724422855780612
Lawlor_CD3_CD28_T,cellbridge[shared_top05|rho_max],202937150091_R01C01,0.8486217333074776,1.133387555001666
Lawlor_CD3_CD28_T,cellbridge[shared_top05|rho_max],202937150091_R02C01,1.0746160325508944,1.1804662989907908
Lawlor_CD3_CD28_T,cellbridge[shared_top05|rho_max],202937150118_R01C01,0.5474616112263395,0.7447716677304584
Lawlor_CD3_CD28_T,cellbridge[shared_top05|rho_max],202937150118_R02C01,1.464462918506942,0.8869352281457354
Lawlor_CD3_CD28_T,cellbridge[shared_top05|rho_max],202937150118_R03C01,0.3709827687516306,0.9337700092053423
Lawlor_CD3_CD28_T,cellbridge[shared_top05|rho_max],202937150118_R04C01,0.8849998294926693,0.8005741421763328
Lawlor_CD3_CD28_T,cellbridge[shared_top05|rho_max],202937150118_R05C01,0.8545211814810193,0.7350331523881469
Lawlor_CD3_CD28_T,cellbridge[shared_top05|rho_max],202937150118_R06C01,0.12416290247048709,0.8005077136331797
Lawlor_CD3_CD28_T,cellbridge[shared_top05|rho_max],202937150118_R07C01,0.415477484904724,0.4783909267343997
Lawlor_CD3_CD28_T,cellbridge[shared_top05|rho_max],202937150118_R08C01,0.7057780508567565,0.6369734726701289
Lawlor_CD3_CD28_T,cellbridge[shared_top05|no_level],202937150091_R01C01,0.7321952422462871,1.171866313322028
Lawlor_CD3_CD28_T,cellbridge[shared_top05|no_level],202937150091_R02C01,1.049263483629831,1.1699500776925162
Lawlor_CD3_CD28_T,cellbridge[shared_top05|no_level],202937150118_R01C01,0.54698066705676,0.7385509520014182
Lawlor_CD3_CD28_T,cellbridge[shared_top05|no_level],202937150118_R02C01,1.3967710170486813,0.9137782732427823
Lawlor_CD3_CD28_T,cellbridge[shared_top05|no_level],202937150118_R03C01,0.3634194072770761,0.9451366391766846
Lawlor_CD3_CD28_T,cellbridge[shared_top05|no_level],202937150118_R04C01,0.8381365391921626,0.8032697712100332
Lawlor_CD3_CD28_T,cellbridge[shared_top05|no_level],202937150118_R05C01,0.8694412605455469,0.7235838918334927
Lawlor_CD3_CD28_T,cellbridge[shared_top05|no_level],202937150118_R06C01,0.08914660871457955,0.8256345383874817
Lawlor_CD3_CD28_T,cellbridge[shared_top05|no_level],202937150118_R07C01,0.40693213088444724,0.471269921896541
Lawlor_CD3_CD28_T,cellbridge[shared_top05|no_level],202937150118_R08C01,0.6939974740476826,0.6450501607202559
Lawlor_CD3_CD28_T,cellbridge[shared_top05|k1],202937150091_R01C01,0.7402004224569768,1.1611193646884754
Lawlor_CD3_CD28_T,cellbridge[shared_top05|k1],202937150091_R02C01,1.0608015656593333,1.141330736398073
Lawlor_CD3_CD28_T,cellbridge[shared_top05|k1],202937150118_R01C01,0.5126903010378667,0.7554169127869067
Lawlor_CD3_CD28_T,cellbridge[shared_top05|k1],202937150118_R02C01,1.3986293877789016,0.9235796540325857
Lawlor_CD3_CD28_T,cellbridge[shared_top05|k1],202937150118_R03C01,0.4163156036722597,0.93767781951988
Lawlor_CD3_CD28_T,cellbridge[shared_top05|k1],202937150118_R04C01,0.8957810497129295,0.7493990269043594
Lawlor_CD3_CD28_T,cellbridge[shared_top05|k1],202937150118_R05C01,0.8439837225783379,0.7138711786364519
Lawlor_CD3_CD28_T,cellbridge[shared_top05|k1],202937150118_R06C01,0.13809437389484985,0.8278550572283121
Lawlor_CD3_CD28_T,cellbridge[shared_top05|k1],202937150118_R07C01,0.3806917732928941,0.4690271343383939
Lawlor_CD3_CD28_T,cellbridge[shared_top05|k1],202937150118_R08C01,0.6840188405643871,0.6393412637663082
Lawlor_IgM_IgG_B,mean,202937150118_R02C01,0.9462499541040585,0.9828866222314983
Lawlor_IgM_IgG_B,mean,202937150118_R05C01,0.7678354664004738,1.13898037885159
Lawlor_IgM_IgG_B,mean,202937150118_R06C01,4.751056312450651,2.374435186306894
Lawlor_IgM_IgG_B,mean,202937150118_R07C01,0.5397052188673399,0.8765547906855485
Lawlor_IgM_IgG_B,mean,202937150118_R08C01,0.7793215619178032,1.6226870728932647
Lawlor_IgM_IgG_B,rna_ridge,202937150118_R02C01,0.911213572311482,0.9549140404041095
Lawlor_IgM_IgG_B,rna_ridge,202937150118_R05C01,0.7355811087301577,1.1583331682719922
Lawlor_IgM_IgG_B,rna_ridge,202937150118_R06C01,4.726042304966684,2.3009469788537626
Lawlor_IgM_IgG_B,rna_ridge,202937150118_R07C01,0.7482551156077785,0.8987414221040716
Lawlor_IgM_IgG_B,rna_ridge,202937150118_R08C01,0.7793215619178032,1.6226870728932647
Lawlor_IgM_IgG_B,joint_ridge,202937150118_R02C01,0.9122521618242659,0.9550559897358463
Lawlor_IgM_IgG_B,joint_ridge,202937150118_R05C01,0.735703457343468,1.157654603762836
Lawlor_IgM_IgG_B,joint_ridge,202937150118_R06C01,4.726390537881854,2.302484176992059
Lawlor_IgM_IgG_B,joint_ridge,202937150118_R07C01,0.7503303501496119,0.8990383283562948
Lawlor_IgM_IgG_B,joint_ridge,202937150118_R08C01,0.7793215619178032,1.6226870728932647
Lawlor_IgM_IgG_B,v040_abundance_shrinkage,202937150118_R02C01,0.7418051159908358,1.2764807020896214
Lawlor_IgM_IgG_B,v040_abundance_shrinkage,202937150118_R05C01,0.7761925882122728,1.1228395213708084
Lawlor_IgM_IgG_B,v040_abundance_shrinkage,202937150118_R06C01,4.751056312450651,2.374435186306894
Lawlor_IgM_IgG_B,v040_abundance_shrinkage,202937150118_R07C01,0.5397052188673399,0.8765547906855485
Lawlor_IgM_IgG_B,v040_abundance_shrinkage,202937150118_R08C01,0.7793215619178032,1.6226870728932647
Lawlor_IgM_IgG_B,cellbridge[per_target],202937150118_R02C01,0.6611047573513205,1.1855744790104088
Lawlor_IgM_IgG_B,cellbridge[per_target],202937150118_R05C01,1.0927628807328396,1.1946516517072137
Lawlor_IgM_IgG_B,cellbridge[per_target],202937150118_R06C01,3.9132448103458346,1.921967885219331
Lawlor_IgM_IgG_B,cellbridge[per_target],202937150118_R07C01,0.47743507439243926,0.8446639633281241
Lawlor_IgM_IgG_B,cellbridge[per_target],202937150118_R08C01,0.18013377927705465,1.235993213444766
Lawlor_IgM_IgG_B,cellbridge[shared],202937150118_R02C01,0.6780178384942035,0.9220293899614471
Lawlor_IgM_IgG_B,cellbridge[shared],202937150118_R05C01,0.6715479096099679,1.0400231871134407
Lawlor_IgM_IgG_B,cellbridge[shared],202937150118_R06C01,3.588493654211866,1.8836874501211933
Lawlor_IgM_IgG_B,cellbridge[shared],202937150118_R07C01,0.6189448526181415,0.8470055052866466
Lawlor_IgM_IgG_B,cellbridge[shared],202937150118_R08C01,0.5092872578138461,1.0659336171618887
Lawlor_IgM_IgG_B,cellbridge[shared_top01],202937150118_R02C01,0.597443010191631,0.9225202545507314
Lawlor_IgM_IgG_B,cellbridge[shared_top01],202937150118_R05C01,0.6802607861200795,1.0456185363302721
Lawlor_IgM_IgG_B,cellbridge[shared_top01],202937150118_R06C01,3.6368544601601314,1.9050100750757903
Lawlor_IgM_IgG_B,cellbridge[shared_top01],202937150118_R07C01,0.641583380307406,0.7927314124296718
Lawlor_IgM_IgG_B,cellbridge[shared_top01],202937150118_R08C01,0.4946995489357736,1.082989154185056
Lawlor_IgM_IgG_B,cellbridge[shared_top02],202937150118_R02C01,0.5827327531601761,0.8765332876807607
Lawlor_IgM_IgG_B,cellbridge[shared_top02],202937150118_R05C01,0.6341884893310017,1.0193554635138027
Lawlor_IgM_IgG_B,cellbridge[shared_top02],202937150118_R06C01,3.5864131639377814,1.904985751644701
Lawlor_IgM_IgG_B,cellbridge[shared_top02],202937150118_R07C01,0.6374503470755591,0.8139084593566639
Lawlor_IgM_IgG_B,cellbridge[shared_top02],202937150118_R08C01,0.4848682233543255,1.0959132719447822
Lawlor_IgM_IgG_B,cellbridge[shared_top05],202937150118_R02C01,0.5324507413157002,0.8328790576611764
Lawlor_IgM_IgG_B,cellbridge[shared_top05],202937150118_R05C01,0.6181078623740554,1.0166088147524528
Lawlor_IgM_IgG_B,cellbridge[shared_top05],202937150118_R06C01,3.5081365078072846,1.8742854461308969
Lawlor_IgM_IgG_B,cellbridge[shared_top05],202937150118_R07C01,0.6517555147522373,0.7648117320246132
Lawlor_IgM_IgG_B,cellbridge[shared_top05],202937150118_R08C01,0.43987696361201223,1.0794328058090839
Lawlor_IgM_IgG_B,cellbridge[shared_top10],202937150118_R02C01,0.5248672025329879,0.8329841547419065
Lawlor_IgM_IgG_B,cellbridge[shared_top10],202937150118_R05C01,0.613865313788728,1.0214903388607162
Lawlor_IgM_IgG_B,cellbridge[shared_top10],202937150118_R06C01,3.631073190210548,1.8851471733130065
Lawlor_IgM_IgG_B,cellbridge[shared_top10],202937150118_R07C01,0.6692650861214167,0.7684935837918826
Lawlor_IgM_IgG_B,cellbridge[shared_top10],202937150118_R08C01,0.40444684052768476,1.09370584598037
Lawlor_IgM_IgG_B,cellbridge[per_target_top05],202937150118_R02C01,0.6688264735704885,1.0394636005197337
Lawlor_IgM_IgG_B,cellbridge[per_target_top05],202937150118_R05C01,1.1267944376640424,1.1935719539857592
Lawlor_IgM_IgG_B,cellbridge[per_target_top05],202937150118_R06C01,3.714092526619017,1.908956217068824
Lawlor_IgM_IgG_B,cellbridge[per_target_top05],202937150118_R07C01,0.47590125809096895,0.8781464922727625
Lawlor_IgM_IgG_B,cellbridge[per_target_top05],202937150118_R08C01,0.18860552217745508,1.2068188436918446
Lawlor_IgM_IgG_B,cellbridge[shared_top05|rna_only],202937150118_R02C01,0.5010531125472788,0.8303489782423077
Lawlor_IgM_IgG_B,cellbridge[shared_top05|rna_only],202937150118_R05C01,0.6182417414738264,1.0224635404189655
Lawlor_IgM_IgG_B,cellbridge[shared_top05|rna_only],202937150118_R06C01,3.811593455022052,1.9479853810903052
Lawlor_IgM_IgG_B,cellbridge[shared_top05|rna_only],202937150118_R07C01,0.6694151697725653,0.7887643893612117
Lawlor_IgM_IgG_B,cellbridge[shared_top05|rna_only],202937150118_R08C01,0.441680743297414,1.1076747591760896
Lawlor_IgM_IgG_B,cellbridge[shared_top05|anchors_required],202937150118_R02C01,0.566766417167303,0.8625894071562415
Lawlor_IgM_IgG_B,cellbridge[shared_top05|anchors_required],202937150118_R05C01,0.6203579653931772,1.0131649889558483
Lawlor_IgM_IgG_B,cellbridge[shared_top05|anchors_required],202937150118_R06C01,3.5729552472542228,1.9051349364158756
Lawlor_IgM_IgG_B,cellbridge[shared_top05|anchors_required],202937150118_R07C01,0.6374923624238783,0.7990041926883604
Lawlor_IgM_IgG_B,cellbridge[shared_top05|anchors_required],202937150118_R08C01,0.44742791234356816,1.0582198332559571
Lawlor_IgM_IgG_B,cellbridge[shared_top05|rho0],202937150118_R02C01,0.5721856184882241,0.8282574139213378
Lawlor_IgM_IgG_B,cellbridge[shared_top05|rho0],202937150118_R05C01,0.7262326783421649,1.0657761493331612
Lawlor_IgM_IgG_B,cellbridge[shared_top05|rho0],202937150118_R06C01,3.1017561985293627,1.7416168295299042
Lawlor_IgM_IgG_B,cellbridge[shared_top05|rho0],202937150118_R07C01,0.6229171410410108,0.7554695543516553
Lawlor_IgM_IgG_B,cellbridge[shared_top05|rho0],202937150118_R08C01,0.42653492265217724,1.0693821824838563
Lawlor_IgM_IgG_B,cellbridge[shared_top05|rho_max],202937150118_R02C01,0.4664043143980708,0.790658106785106
Lawlor_IgM_IgG_B,cellbridge[shared_top05|rho_max],202937150118_R05C01,0.672198075715752,1.0451632364637917
Lawlor_IgM_IgG_B,cellbridge[shared_top05|rho_max],202937150118_R06C01,3.188911529882322,1.792849206798779
Lawlor_IgM_IgG_B,cellbridge[shared_top05|rho_max],202937150118_R07C01,0.651053998067574,0.7631111019792295
Lawlor_IgM_IgG_B,cellbridge[shared_top05|rho_max],202937150118_R08C01,0.4947575996723604,1.0862672366114654
Lawlor_IgM_IgG_B,cellbridge[shared_top05|no_level],202937150118_R02C01,0.49748734513344295,0.7998583158084643
Lawlor_IgM_IgG_B,cellbridge[shared_top05|no_level],202937150118_R05C01,0.6793762890876042,1.0469852520534189
Lawlor_IgM_IgG_B,cellbridge[shared_top05|no_level],202937150118_R06C01,3.1965937678948713,1.7899683207821524
Lawlor_IgM_IgG_B,cellbridge[shared_top05|no_level],202937150118_R07C01,0.6426834253446618,0.7605838296372874
Lawlor_IgM_IgG_B,cellbridge[shared_top05|no_level],202937150118_R08C01,0.49628622465464955,1.090463331384922
Lawlor_IgM_IgG_B,cellbridge[shared_top05|k1],202937150118_R02C01,0.5973048843331794,0.916541130417518
Lawlor_IgM_IgG_B,cellbridge[shared_top05|k1],202937150118_R05C01,0.812028639944381,1.1753769668303318
Lawlor_IgM_IgG_B,cellbridge[shared_top05|k1],202937150118_R06C01,3.377306694183753,1.787972822316909
Lawlor_IgM_IgG_B,cellbridge[shared_top05|k1],202937150118_R07C01,0.6479742798102884,0.8491260342991461
Lawlor_IgM_IgG_B,cellbridge[shared_top05|k1],202937150118_R08C01,0.24957251852699375,1.1193443184977467
Lawlor_IgM_IgG_Monocyte,mean,202937150091_R01C01,0.6639552424853713,0.7356599648113571
Lawlor_IgM_IgG_Monocyte,mean,202937150091_R02C01,1.4818059473241658,0.9473495157960724
Lawlor_IgM_IgG_Monocyte,mean,202937150118_R01C01,0.17556109003977127,0.7818872797501382
Lawlor_IgM_IgG_Monocyte,mean,202937150118_R02C01,2.5299723484935495,1.3368742876987947
Lawlor_IgM_IgG_Monocyte,mean,202937150118_R03C01,0.4824178361787592,0.9554964946708738
Lawlor_IgM_IgG_Monocyte,mean,202937150118_R04C01,1.5538039689175442,1.1386469943368325
Lawlor_IgM_IgG_Monocyte,mean,202937150118_R05C01,0.3319047391479435,0.8952465890088412
Lawlor_IgM_IgG_Monocyte,mean,202937150118_R06C01,0.46370404417395616,1.641977091011435
Lawlor_IgM_IgG_Monocyte,mean,202937150118_R07C01,0.3955741193212496,0.5959739012686435
Lawlor_IgM_IgG_Monocyte,mean,202937150118_R08C01,1.4728105398578513,0.9515972444502735
Lawlor_IgM_IgG_Monocyte,rna_ridge,202937150091_R01C01,0.6854907229168622,0.6966011249753103
Lawlor_IgM_IgG_Monocyte,rna_ridge,202937150091_R02C01,1.0534285942923614,0.8860639170919274
Lawlor_IgM_IgG_Monocyte,rna_ridge,202937150118_R01C01,0.2646601089144977,0.7725535700588253
Lawlor_IgM_IgG_Monocyte,rna_ridge,202937150118_R02C01,2.017320531616888,1.0959454957419055
Lawlor_IgM_IgG_Monocyte,rna_ridge,202937150118_R03C01,0.7644672392021103,0.9090076748386867
Lawlor_IgM_IgG_Monocyte,rna_ridge,202937150118_R04C01,1.5705654274309397,1.1861930779970051
Lawlor_IgM_IgG_Monocyte,rna_ridge,202937150118_R05C01,0.46186158773738184,1.0456291791252337
Lawlor_IgM_IgG_Monocyte,rna_ridge,202937150118_R06C01,0.402545220434379,1.642135091849912
Lawlor_IgM_IgG_Monocyte,rna_ridge,202937150118_R07C01,0.32379801037231315,0.6049249039344851
Lawlor_IgM_IgG_Monocyte,rna_ridge,202937150118_R08C01,1.2548292056742296,0.8218436311204952
Lawlor_IgM_IgG_Monocyte,joint_ridge,202937150091_R01C01,0.6881571116107817,0.6955581463122454
Lawlor_IgM_IgG_Monocyte,joint_ridge,202937150091_R02C01,1.0542991988897752,0.8856158466640665
Lawlor_IgM_IgG_Monocyte,joint_ridge,202937150118_R01C01,0.2711914643123773,0.7728011310905285
Lawlor_IgM_IgG_Monocyte,joint_ridge,202937150118_R02C01,2.0118049453445654,1.094072675150342
Lawlor_IgM_IgG_Monocyte,joint_ridge,202937150118_R03C01,0.7965584664914325,0.91112511378668
Lawlor_IgM_IgG_Monocyte,joint_ridge,202937150118_R04C01,1.5662486269666223,1.1981697477813031
Lawlor_IgM_IgG_Monocyte,joint_ridge,202937150118_R05C01,0.45227463795961836,1.0501252392263634
Lawlor_IgM_IgG_Monocyte,joint_ridge,202937150118_R06C01,0.4021161466996723,1.63456238640845
Lawlor_IgM_IgG_Monocyte,joint_ridge,202937150118_R07C01,0.3249009424314972,0.6045641859225727
Lawlor_IgM_IgG_Monocyte,joint_ridge,202937150118_R08C01,1.25248649437777,0.8186967137264424
Lawlor_IgM_IgG_Monocyte,v040_abundance_shrinkage,202937150091_R01C01,0.7166711061016626,0.5764262413989603
Lawlor_IgM_IgG_Monocyte,v040_abundance_shrinkage,202937150091_R02C01,0.45962411704878126,0.9149962224701093
Lawlor_IgM_IgG_Monocyte,v040_abundance_shrinkage,202937150118_R01C01,0.7204460174838473,0.8654395324465359
Lawlor_IgM_IgG_Monocyte,v040_abundance_shrinkage,202937150118_R02C01,1.0671863755222317,0.9779544194003095
Lawlor_IgM_IgG_Monocyte,v040_abundance_shrinkage,202937150118_R03C01,0.8760752064623212,0.9303400198620648
Lawlor_IgM_IgG_Monocyte,v040_abundance_shrinkage,202937150118_R04C01,1.179297666981837,0.7087143777168755
Lawlor_IgM_IgG_Monocyte,v040_abundance_shrinkage,202937150118_R05C01,0.4742948812786669,0.6770261895026953
Lawlor_IgM_IgG_Monocyte,v040_abundance_shrinkage,202937150118_R06C01,0.7731288321154379,0.9213042776636816
Lawlor_IgM_IgG_Monocyte,v040_abundance_shrinkage,202937150118_R07C01,0.30388018867974864,0.5212469839781751
Lawlor_IgM_IgG_Monocyte,v040_abundance_shrinkage,202937150118_R08C01,1.1037578979802927,0.5760457830903001
Lawlor_IgM_IgG_Monocyte,cellbridge[per_target],202937150091_R01C01,0.5276121985622573,0.5459625751584659
Lawlor_IgM_IgG_Monocyte,cellbridge[per_target],202937150091_R02C01,1.097821530079593,0.9448409518362264
Lawlor_IgM_IgG_Monocyte,cellbridge[per_target],202937150118_R01C01,0.46333282406638704,0.5099660655365605
Lawlor_IgM_IgG_Monocyte,cellbridge[per_target],202937150118_R02C01,1.2858525287847302,0.8884659178970089
Lawlor_IgM_IgG_Monocyte,cellbridge[per_target],202937150118_R03C01,0.7789792363089239,0.8754956671319895
Lawlor_IgM_IgG_Monocyte,cellbridge[per_target],202937150118_R04C01,1.129774945571592,0.7218237501982975
Lawlor_IgM_IgG_Monocyte,cellbridge[per_target],202937150118_R05C01,0.3890563293361907,0.7352713461072692
Lawlor_IgM_IgG_Monocyte,cellbridge[per_target],202937150118_R06C01,0.5131870768345654,1.1260296999674078
Lawlor_IgM_IgG_Monocyte,cellbridge[per_target],202937150118_R07C01,0.38112855479182606,0.5115913484438417
Lawlor_IgM_IgG_Monocyte,cellbridge[per_target],202937150118_R08C01,1.1870530637998835,0.6042185947412743
Lawlor_IgM_IgG_Monocyte,cellbridge[shared],202937150091_R01C01,0.34346286458064956,0.45621205799617426
Lawlor_IgM_IgG_Monocyte,cellbridge[shared],202937150091_R02C01,1.3039852407856156,0.7847203313325253
Lawlor_IgM_IgG_Monocyte,cellbridge[shared],202937150118_R01C01,0.40008663499508396,0.4745433186705838
Lawlor_IgM_IgG_Monocyte,cellbridge[shared],202937150118_R02C01,0.9076229319464622,0.9735115618527989
Lawlor_IgM_IgG_Monocyte,cellbridge[shared],202937150118_R03C01,0.29402318611070594,0.7116408216369366
Lawlor_IgM_IgG_Monocyte,cellbridge[shared],202937150118_R04C01,0.7268076072710579,0.5468916812069322
Lawlor_IgM_IgG_Monocyte,cellbridge[shared],202937150118_R05C01,0.20812948686478638,0.6411370888053183
Lawlor_IgM_IgG_Monocyte,cellbridge[shared],202937150118_R06C01,0.5707273610450516,0.7619970569750397
Lawlor_IgM_IgG_Monocyte,cellbridge[shared],202937150118_R07C01,0.345591440914661,0.44696564811349054
Lawlor_IgM_IgG_Monocyte,cellbridge[shared],202937150118_R08C01,1.3418829687194007,0.583222950971154
Lawlor_IgM_IgG_Monocyte,cellbridge[shared_top01],202937150091_R01C01,0.398184828041184,0.4626627551609452
Lawlor_IgM_IgG_Monocyte,cellbridge[shared_top01],202937150091_R02C01,1.2591628107333577,0.7504686956987328
Lawlor_IgM_IgG_Monocyte,cellbridge[shared_top01],202937150118_R01C01,0.3737270520121144,0.4707142829860298
Lawlor_IgM_IgG_Monocyte,cellbridge[shared_top01],202937150118_R02C01,0.9283318486867081,0.966592775034379
Lawlor_IgM_IgG_Monocyte,cellbridge[shared_top01],202937150118_R03C01,0.27980140114281743,0.7088080262502365
Lawlor_IgM_IgG_Monocyte,cellbridge[shared_top01],202937150118_R04C01,0.7303573576585595,0.534584695221253
Lawlor_IgM_IgG_Monocyte,cellbridge[shared_top01],202937150118_R05C01,0.2125711636517494,0.6371209533565494
Lawlor_IgM_IgG_Monocyte,cellbridge[shared_top01],202937150118_R06C01,0.5549863886015776,0.76460107906656
Lawlor_IgM_IgG_Monocyte,cellbridge[shared_top01],202937150118_R07C01,0.4072612588404534,0.4518000692453295
Lawlor_IgM_IgG_Monocyte,cellbridge[shared_top01],202937150118_R08C01,1.3329065962587057,0.5829980431377472
Lawlor_IgM_IgG_Monocyte,cellbridge[shared_top02],202937150091_R01C01,0.40805102518218866,0.46085325163102736
Lawlor_IgM_IgG_Monocyte,cellbridge[shared_top02],202937150091_R02C01,1.2617778337470429,0.7558179323955736
Lawlor_IgM_IgG_Monocyte,cellbridge[shared_top02],202937150118_R01C01,0.4024833085861322,0.46858424420731903
Lawlor_IgM_IgG_Monocyte,cellbridge[shared_top02],202937150118_R02C01,0.9440848849332243,0.9582624210454175
Lawlor_IgM_IgG_Monocyte,cellbridge[shared_top02],202937150118_R03C01,0.2723769347736166,0.706099592869371
Lawlor_IgM_IgG_Monocyte,cellbridge[shared_top02],202937150118_R04C01,0.7214677348310488,0.5432712908507755
Lawlor_IgM_IgG_Monocyte,cellbridge[shared_top02],202937150118_R05C01,0.1656304936625727,0.6230180465748076
Lawlor_IgM_IgG_Monocyte,cellbridge[shared_top02],202937150118_R06C01,0.5586932773402202,0.7618646296762048
Lawlor_IgM_IgG_Monocyte,cellbridge[shared_top02],202937150118_R07C01,0.4276071960446921,0.4451114620522793
Lawlor_IgM_IgG_Monocyte,cellbridge[shared_top02],202937150118_R08C01,1.2924015366465398,0.5795277124601779
Lawlor_IgM_IgG_Monocyte,cellbridge[shared_top05],202937150091_R01C01,0.45231110262693514,0.4557086673667012
Lawlor_IgM_IgG_Monocyte,cellbridge[shared_top05],202937150091_R02C01,1.2700823415910651,0.7716088381998008
Lawlor_IgM_IgG_Monocyte,cellbridge[shared_top05],202937150118_R01C01,0.3926401480856624,0.47971385285617657
Lawlor_IgM_IgG_Monocyte,cellbridge[shared_top05],202937150118_R02C01,0.941460551869182,0.9145137055851743
Lawlor_IgM_IgG_Monocyte,cellbridge[shared_top05],202937150118_R03C01,0.43058905171207135,0.7301509802450624
Lawlor_IgM_IgG_Monocyte,cellbridge[shared_top05],202937150118_R04C01,0.8777917354538366,0.6365829450823733
Lawlor_IgM_IgG_Monocyte,cellbridge[shared_top05],202937150118_R05C01,0.26581927598068067,0.6243759918351365
Lawlor_IgM_IgG_Monocyte,cellbridge[shared_top05],202937150118_R06C01,0.29315303351059446,0.9254722743592917
Lawlor_IgM_IgG_Monocyte,cellbridge[shared_top05],202937150118_R07C01,0.4293193590751676,0.4622238993195549
Lawlor_IgM_IgG_Monocyte,cellbridge[shared_top05],202937150118_R08C01,1.2976752333353303,0.5984093280265718
Lawlor_IgM_IgG_Monocyte,cellbridge[shared_top10],202937150091_R01C01,0.3611977204256971,0.4621910807236591
Lawlor_IgM_IgG_Monocyte,cellbridge[shared_top10],202937150091_R02C01,1.3058037017451951,0.8366052813339608
Lawlor_IgM_IgG_Monocyte,cellbridge[shared_top10],202937150118_R01C01,0.3775557219001395,0.5062563025765824
Lawlor_IgM_IgG_Monocyte,cellbridge[shared_top10],202937150118_R02C01,1.068811018979615,0.8853170130318645
Lawlor_IgM_IgG_Monocyte,cellbridge[shared_top10],202937150118_R03C01,0.5067999817885871,0.7505113064181045
Lawlor_IgM_IgG_Monocyte,cellbridge[shared_top10],202937150118_R04C01,1.1266640225471503,0.818946013108626
Lawlor_IgM_IgG_Monocyte,cellbridge[shared_top10],202937150118_R05C01,0.30633543692395154,0.6337748015838274
Lawlor_IgM_IgG_Monocyte,cellbridge[shared_top10],202937150118_R06C01,0.007809569254808531,1.1223071924600654
Lawlor_IgM_IgG_Monocyte,cellbridge[shared_top10],202937150118_R07C01,0.3885341723202877,0.4703052842055677
Lawlor_IgM_IgG_Monocyte,cellbridge[shared_top10],202937150118_R08C01,1.2909408164203349,0.6538542622453931
Lawlor_IgM_IgG_Monocyte,cellbridge[per_target_top05],202937150091_R01C01,0.37668168095275745,0.5208237401866185
Lawlor_IgM_IgG_Monocyte,cellbridge[per_target_top05],202937150091_R02C01,1.1868733096698423,0.8906148383359409
Lawlor_IgM_IgG_Monocyte,cellbridge[per_target_top05],202937150118_R01C01,0.4908894742488671,0.5014477609506397
Lawlor_IgM_IgG_Monocyte,cellbridge[per_target_top05],202937150118_R02C01,1.3243529635875453,0.8881532853707409
Lawlor_IgM_IgG_Monocyte,cellbridge[per_target_top05],202937150118_R03C01,0.6542315699246524,0.7999046451638242
Lawlor_IgM_IgG_Monocyte,cellbridge[per_target_top05],202937150118_R04C01,1.4235487569583465,0.8057069283998952
Lawlor_IgM_IgG_Monocyte,cellbridge[per_target_top05],202937150118_R05C01,0.3894691524629226,0.6391574321816782
Lawlor_IgM_IgG_Monocyte,cellbridge[per_target_top05],202937150118_R06C01,0.05932923444120972,1.2072931374901283
Lawlor_IgM_IgG_Monocyte,cellbridge[per_target_top05],202937150118_R07C01,0.3842461389638816,0.5221790434510605
Lawlor_IgM_IgG_Monocyte,cellbridge[per_target_top05],202937150118_R08C01,1.244048197344827,0.6665269677570181
Lawlor_IgM_IgG_Monocyte,cellbridge[shared_top05|rna_only],202937150091_R01C01,0.1168368658792226,0.5150500421789406
Lawlor_IgM_IgG_Monocyte,cellbridge[shared_top05|rna_only],202937150091_R02C01,1.2331752983841389,0.8314083877359316
Lawlor_IgM_IgG_Monocyte,cellbridge[shared_top05|rna_only],202937150118_R01C01,0.48516825704597566,0.5160365618748997
Lawlor_IgM_IgG_Monocyte,cellbridge[shared_top05|rna_only],202937150118_R02C01,1.2951079142439585,0.9380848027907118
Lawlor_IgM_IgG_Monocyte,cellbridge[shared_top05|rna_only],202937150118_R03C01,0.3833434495852959,0.763931098325308
Lawlor_IgM_IgG_Monocyte,cellbridge[shared_top05|rna_only],202937150118_R04C01,1.4977255527311215,1.1179181763693438
Lawlor_IgM_IgG_Monocyte,cellbridge[shared_top05|rna_only],202937150118_R05C01,0.1271317300464597,0.6438303130270789
Lawlor_IgM_IgG_Monocyte,cellbridge[shared_top05|rna_only],202937150118_R06C01,0.6121306832658023,1.599245828423208
Lawlor_IgM_IgG_Monocyte,cellbridge[shared_top05|rna_only],202937150118_R07C01,0.29004879096189823,0.44333458135292964
Lawlor_IgM_IgG_Monocyte,cellbridge[shared_top05|rna_only],202937150118_R08C01,1.4208224759951664,0.6452877506571724
Lawlor_IgM_IgG_Monocyte,cellbridge[shared_top05|anchors_required],202937150091_R01C01,0.42498813199157354,0.460330569570903
Lawlor_IgM_IgG_Monocyte,cellbridge[shared_top05|anchors_required],202937150091_R02C01,1.2482417229847607,0.7516594049237483
Lawlor_IgM_IgG_Monocyte,cellbridge[shared_top05|anchors_required],202937150118_R01C01,0.4138015835965786,0.4657573689855411
Lawlor_IgM_IgG_Monocyte,cellbridge[shared_top05|anchors_required],202937150118_R02C01,0.9499750647501868,0.9559251465985861
Lawlor_IgM_IgG_Monocyte,cellbridge[shared_top05|anchors_required],202937150118_R03C01,0.26296080016089735,0.7032857184867235
Lawlor_IgM_IgG_Monocyte,cellbridge[shared_top05|anchors_required],202937150118_R04C01,0.7208620732003159,0.5445571768326875
Lawlor_IgM_IgG_Monocyte,cellbridge[shared_top05|anchors_required],202937150118_R05C01,0.16327856149279243,0.6169460792314794
Lawlor_IgM_IgG_Monocyte,cellbridge[shared_top05|anchors_required],202937150118_R06C01,0.5554287904016892,0.76258614356758
Lawlor_IgM_IgG_Monocyte,cellbridge[shared_top05|anchors_required],202937150118_R07C01,0.42859434841774774,0.44427674260576133
Lawlor_IgM_IgG_Monocyte,cellbridge[shared_top05|anchors_required],202937150118_R08C01,1.292012927826028,0.5790686764195593
Lawlor_IgM_IgG_Monocyte,cellbridge[shared_top05|rho0],202937150091_R01C01,0.2573847799348571,0.4837040651677174
Lawlor_IgM_IgG_Monocyte,cellbridge[shared_top05|rho0],202937150091_R02C01,1.399275059226964,0.8415248414651193
Lawlor_IgM_IgG_Monocyte,cellbridge[shared_top05|rho0],202937150118_R01C01,0.35993021380627893,0.516087937965986
Lawlor_IgM_IgG_Monocyte,cellbridge[shared_top05|rho0],202937150118_R02C01,1.1024738869168473,0.8542279672916188
Lawlor_IgM_IgG_Monocyte,cellbridge[shared_top05|rho0],202937150118_R03C01,0.5081397720252083,0.7706530667512554
Lawlor_IgM_IgG_Monocyte,cellbridge[shared_top05|rho0],202937150118_R04C01,0.9998951343115805,0.661249868562582
Lawlor_IgM_IgG_Monocyte,cellbridge[shared_top05|rho0],202937150118_R05C01,0.2142653168869174,0.6009858900182946
Lawlor_IgM_IgG_Monocyte,cellbridge[shared_top05|rho0],202937150118_R06C01,0.4257155450336174,0.8073593240254455
Lawlor_IgM_IgG_Monocyte,cellbridge[shared_top05|rho0],202937150118_R07C01,0.5562495326748842,0.47157153018056347
Lawlor_IgM_IgG_Monocyte,cellbridge[shared_top05|rho0],202937150118_R08C01,1.407315607345826,0.604255662600023
Lawlor_IgM_IgG_Monocyte,cellbridge[shared_top05|rho_max],202937150091_R01C01,0.6475873026615898,0.4874717247064022
Lawlor_IgM_IgG_Monocyte,cellbridge[shared_top05|rho_max],202937150091_R02C01,1.2482247908749284,0.8224470583221052
Lawlor_IgM_IgG_Monocyte,cellbridge[shared_top05|rho_max],202937150118_R01C01,0.4969681028903629,0.5235432949316362
Lawlor_IgM_IgG_Monocyte,cellbridge[shared_top05|rho_max],202937150118_R02C01,0.9278952126958239,0.9799966448484324
Lawlor_IgM_IgG_Monocyte,cellbridge[shared_top05|rho_max],202937150118_R03C01,0.4091699644121928,0.715281685090874
Lawlor_IgM_IgG_Monocyte,cellbridge[shared_top05|rho_max],202937150118_R04C01,0.818534608735954,0.6098075879698972
Lawlor_IgM_IgG_Monocyte,cellbridge[shared_top05|rho_max],202937150118_R05C01,0.3764268941408621,0.6738641998390348
Lawlor_IgM_IgG_Monocyte,cellbridge[shared_top05|rho_max],202937150118_R06C01,0.36554687460363267,0.9058024143307358
Lawlor_IgM_IgG_Monocyte,cellbridge[shared_top05|rho_max],202937150118_R07C01,0.5715501777117782,0.5019916355791272
Lawlor_IgM_IgG_Monocyte,cellbridge[shared_top05|rho_max],202937150118_R08C01,1.3869857389619755,0.6184571052501695
Lawlor_IgM_IgG_Monocyte,cellbridge[shared_top05|no_level],202937150091_R01C01,0.4272871587491716,0.45883052130529756
Lawlor_IgM_IgG_Monocyte,cellbridge[shared_top05|no_level],202937150091_R02C01,1.3229157062760826,0.8118854178967447
Lawlor_IgM_IgG_Monocyte,cellbridge[shared_top05|no_level],202937150118_R01C01,0.41728060770308867,0.5182565396725436
Lawlor_IgM_IgG_Monocyte,cellbridge[shared_top05|no_level],202937150118_R02C01,1.0150417526330602,0.9012207992893704
Lawlor_IgM_IgG_Monocyte,cellbridge[shared_top05|no_level],202937150118_R03C01,0.44133096812193395,0.726239939827549
Lawlor_IgM_IgG_Monocyte,cellbridge[shared_top05|no_level],202937150118_R04C01,0.9315367151247357,0.6521605646048984
Lawlor_IgM_IgG_Monocyte,cellbridge[shared_top05|no_level],202937150118_R05C01,0.18206918063574487,0.6184367740136172
Lawlor_IgM_IgG_Monocyte,cellbridge[shared_top05|no_level],202937150118_R06C01,0.36895552115108965,0.8726853171388712
Lawlor_IgM_IgG_Monocyte,cellbridge[shared_top05|no_level],202937150118_R07C01,0.5383997236003913,0.48267396272934626
Lawlor_IgM_IgG_Monocyte,cellbridge[shared_top05|no_level],202937150118_R08C01,1.34828497730735,0.6003503625380255
Lawlor_IgM_IgG_Monocyte,cellbridge[shared_top05|k1],202937150091_R01C01,0.40302700968477784,0.46242222871437033
Lawlor_IgM_IgG_Monocyte,cellbridge[shared_top05|k1],202937150091_R02C01,1.2633684895919226,0.754245624599609
Lawlor_IgM_IgG_Monocyte,cellbridge[shared_top05|k1],202937150118_R01C01,0.37870426328952567,0.47158887320985937
Lawlor_IgM_IgG_Monocyte,cellbridge[shared_top05|k1],202937150118_R02C01,0.9315634252448022,0.9656270813013256
Lawlor_IgM_IgG_Monocyte,cellbridge[shared_top05|k1],202937150118_R03C01,0.28357653800134597,0.7089049519592784
Lawlor_IgM_IgG_Monocyte,cellbridge[shared_top05|k1],202937150118_R04C01,0.7216828623036925,0.5371001147807986
Lawlor_IgM_IgG_Monocyte,cellbridge[shared_top05|k1],202937150118_R05C01,0.19433371449344536,0.6332353132750225
Lawlor_IgM_IgG_Monocyte,cellbridge[shared_top05|k1],202937150118_R06C01,0.554863228962001,0.7642413761801541
Lawlor_IgM_IgG_Monocyte,cellbridge[shared_top05|k1],202937150118_R07C01,0.4055879151052146,0.4462428829859174
Lawlor_IgM_IgG_Monocyte,cellbridge[shared_top05|k1],202937150118_R08C01,1.3209358282103913,0.5823323626885338
Lawlor_IgM_IgG_NK,mean,202937150091_R01C01,0.5241748708391081,0.7948515660583466
Lawlor_IgM_IgG_NK,mean,202937150091_R02C01,0.9801215752517147,0.754038156648555
Lawlor_IgM_IgG_NK,mean,202937150118_R01C01,0.21690120890387565,0.6478632415765495
Lawlor_IgM_IgG_NK,mean,202937150118_R02C01,1.6812708720142977,1.2219453617591824
Lawlor_IgM_IgG_NK,mean,202937150118_R03C01,0.44468470736863874,0.8735421669917793
Lawlor_IgM_IgG_NK,mean,202937150118_R04C01,0.3426458545789578,1.3120379240577944
Lawlor_IgM_IgG_NK,mean,202937150118_R05C01,1.5381727835910435,1.4235529790652544
Lawlor_IgM_IgG_NK,mean,202937150118_R06C01,0.343593532030146,0.9426975344240083
Lawlor_IgM_IgG_NK,mean,202937150118_R07C01,0.9726092170056804,1.0746301151728959
Lawlor_IgM_IgG_NK,mean,202937150118_R08C01,2.42244445859511,0.8407048489752859
Lawlor_IgM_IgG_NK,rna_ridge,202937150091_R01C01,0.6958558407415558,0.7839787643837194
Lawlor_IgM_IgG_NK,rna_ridge,202937150091_R02C01,0.9220364338698691,0.7393358921297096
Lawlor_IgM_IgG_NK,rna_ridge,202937150118_R01C01,0.2067957554556477,0.6871170678066509
Lawlor_IgM_IgG_NK,rna_ridge,202937150118_R02C01,1.707463684147611,1.1569938610576735
Lawlor_IgM_IgG_NK,rna_ridge,202937150118_R03C01,0.4904470795152085,0.8504362858781005
Lawlor_IgM_IgG_NK,rna_ridge,202937150118_R04C01,0.2718748080732504,1.2462670424919604
Lawlor_IgM_IgG_NK,rna_ridge,202937150118_R05C01,1.432063984279423,1.4597748131352768
Lawlor_IgM_IgG_NK,rna_ridge,202937150118_R06C01,0.2619281179763282,0.9117241630505365
Lawlor_IgM_IgG_NK,rna_ridge,202937150118_R07C01,0.988441484436607,1.01080788044581
Lawlor_IgM_IgG_NK,rna_ridge,202937150118_R08C01,2.3999525760724585,0.8829437011591231
Lawlor_IgM_IgG_NK,joint_ridge,202937150091_R01C01,0.6932874675602674,0.7839128851700048
Lawlor_IgM_IgG_NK,joint_ridge,202937150091_R02C01,0.9156761709899178,0.7396023087750652
Lawlor_IgM_IgG_NK,joint_ridge,202937150118_R01C01,0.20476170888436504,0.6849789273916342
Lawlor_IgM_IgG_NK,joint_ridge,202937150118_R02C01,1.7007308106300218,1.1550727695061465
Lawlor_IgM_IgG_NK,joint_ridge,202937150118_R03C01,0.4920877385403115,0.8491485392485936
Lawlor_IgM_IgG_NK,joint_ridge,202937150118_R04C01,0.28108547189506156,1.2490175586944547
Lawlor_IgM_IgG_NK,joint_ridge,202937150118_R05C01,1.4208522670189065,1.4613914070988683
Lawlor_IgM_IgG_NK,joint_ridge,202937150118_R06C01,0.23061832248219202,0.9033175980134994
Lawlor_IgM_IgG_NK,joint_ridge,202937150118_R07C01,0.988111260660476,1.0107468567793831
Lawlor_IgM_IgG_NK,joint_ridge,202937150118_R08C01,2.397098984182932,0.8830369375409506
Lawlor_IgM_IgG_NK,v040_abundance_shrinkage,202937150091_R01C01,0.5026763967470875,0.7478124821413703
Lawlor_IgM_IgG_NK,v040_abundance_shrinkage,202937150091_R02C01,0.8785677663027442,0.7024749325529153
Lawlor_IgM_IgG_NK,v040_abundance_shrinkage,202937150118_R01C01,0.212932981623136,0.6376638236189863
Lawlor_IgM_IgG_NK,v040_abundance_shrinkage,202937150118_R02C01,1.400215055421263,1.1473711557426818
Lawlor_IgM_IgG_NK,v040_abundance_shrinkage,202937150118_R03C01,0.39261740820981295,0.8473982015083157
Lawlor_IgM_IgG_NK,v040_abundance_shrinkage,202937150118_R04C01,0.44742278252167494,1.4297081299725753
Lawlor_IgM_IgG_NK,v040_abundance_shrinkage,202937150118_R05C01,1.678250413342647,1.4454566108464175
Lawlor_IgM_IgG_NK,v040_abundance_shrinkage,202937150118_R06C01,0.2868755455914025,0.871989291570782
Lawlor_IgM_IgG_NK,v040_abundance_shrinkage,202937150118_R07C01,1.0996959235726749,1.1105884816248746
Lawlor_IgM_IgG_NK,v040_abundance_shrinkage,202937150118_R08C01,2.53919892325634,0.8788260531524117
Lawlor_IgM_IgG_NK,cellbridge[per_target],202937150091_R01C01,0.7338774245438131,0.7812892905921393
Lawlor_IgM_IgG_NK,cellbridge[per_target],202937150091_R02C01,0.6846514275140939,0.6583344366518996
Lawlor_IgM_IgG_NK,cellbridge[per_target],202937150118_R01C01,0.7019685868032461,0.6286620301651383
Lawlor_IgM_IgG_NK,cellbridge[per_target],202937150118_R02C01,1.527858816696337,0.9342544925824058
Lawlor_IgM_IgG_NK,cellbridge[per_target],202937150118_R03C01,0.5896043450153461,0.9334432214380711
Lawlor_IgM_IgG_NK,cellbridge[per_target],202937150118_R04C01,0.8566942548556965,1.1232828856431751
Lawlor_IgM_IgG_NK,cellbridge[per_target],202937150118_R05C01,1.625211376657234,1.406184424762516
Lawlor_IgM_IgG_NK,cellbridge[per_target],202937150118_R06C01,0.4145047364266083,0.8517047243438596
Lawlor_IgM_IgG_NK,cellbridge[per_target],202937150118_R07C01,0.9794800569120002,1.1635496999955144
Lawlor_IgM_IgG_NK,cellbridge[per_target],202937150118_R08C01,2.5855442770566253,0.9404528746510258
Lawlor_IgM_IgG_NK,cellbridge[shared],202937150091_R01C01,0.518040267111049,0.760517930267914
Lawlor_IgM_IgG_NK,cellbridge[shared],202937150091_R02C01,0.7443675138442095,0.6549093242731103
Lawlor_IgM_IgG_NK,cellbridge[shared],202937150118_R01C01,0.27691209495070057,0.6496503361303255
Lawlor_IgM_IgG_NK,cellbridge[shared],202937150118_R02C01,1.5421789173568294,1.0081201146991006
Lawlor_IgM_IgG_NK,cellbridge[shared],202937150118_R03C01,0.3811716512918498,0.8352136340024272
Lawlor_IgM_IgG_NK,cellbridge[shared],202937150118_R04C01,0.6422605940852334,1.228105026617124
Lawlor_IgM_IgG_NK,cellbridge[shared],202937150118_R05C01,1.41905311762625,1.460630273132637
Lawlor_IgM_IgG_NK,cellbridge[shared],202937150118_R06C01,0.36361640126484535,0.8015190073614744
Lawlor_IgM_IgG_NK,cellbridge[shared],202937150118_R07C01,0.9938611593869482,1.0631647303333387
Lawlor_IgM_IgG_NK,cellbridge[shared],202937150118_R08C01,2.6502366435182614,0.9665247897714256
Lawlor_IgM_IgG_NK,cellbridge[shared_top01],202937150091_R01C01,0.5583173458995779,0.7475834602615166
Lawlor_IgM_IgG_NK,cellbridge[shared_top01],202937150091_R02C01,0.7235639174600312,0.6481228000921532
Lawlor_IgM_IgG_NK,cellbridge[shared_top01],202937150118_R01C01,0.2347471072889376,0.6470583492633696
Lawlor_IgM_IgG_NK,cellbridge[shared_top01],202937150118_R02C01,1.53143721453283,1.0243012321424987
Lawlor_IgM_IgG_NK,cellbridge[shared_top01],202937150118_R03C01,0.3397164408844298,0.8442658554870845
Lawlor_IgM_IgG_NK,cellbridge[shared_top01],202937150118_R04C01,0.6930423955658493,1.2350618316428934
Lawlor_IgM_IgG_NK,cellbridge[shared_top01],202937150118_R05C01,1.4341991571530253,1.4531550516979237
Lawlor_IgM_IgG_NK,cellbridge[shared_top01],202937150118_R06C01,0.2842762551432897,0.8171806291452419
Lawlor_IgM_IgG_NK,cellbridge[shared_top01],202937150118_R07C01,0.9995188083488182,1.061447543858154
Lawlor_IgM_IgG_NK,cellbridge[shared_top01],202937150118_R08C01,2.7119390452491925,0.9466800866274819
Lawlor_IgM_IgG_NK,cellbridge[shared_top02],202937150091_R01C01,0.5496195245232163,0.7472071959018547
Lawlor_IgM_IgG_NK,cellbridge[shared_top02],202937150091_R02C01,0.723206670542251,0.6525190142737475
Lawlor_IgM_IgG_NK,cellbridge[shared_top02],202937150118_R01C01,0.22483742087711164,0.6568156304310576
Lawlor_IgM_IgG_NK,cellbridge[shared_top02],202937150118_R02C01,1.520458146349608,1.0533519179951076
Lawlor_IgM_IgG_NK,cellbridge[shared_top02],202937150118_R03C01,0.3405921513074194,0.8430098632690104
Lawlor_IgM_IgG_NK,cellbridge[shared_top02],202937150118_R04C01,0.6876334249862681,1.236729045424869
Lawlor_IgM_IgG_NK,cellbridge[shared_top02],202937150118_R05C01,1.4607317695144024,1.4436868795887068
Lawlor_IgM_IgG_NK,cellbridge[shared_top02],202937150118_R06C01,0.2672356706714559,0.8199423723679373
Lawlor_IgM_IgG_NK,cellbridge[shared_top02],202937150118_R07C01,0.9985919231031642,1.0634577408247374
Lawlor_IgM_IgG_NK,cellbridge[shared_top02],202937150118_R08C01,2.6768105669789484,0.9417123495718631
Lawlor_IgM_IgG_NK,cellbridge[shared_top05],202937150091_R01C01,0.5506422696543998,0.7500872082728969
Lawlor_IgM_IgG_NK,cellbridge[shared_top05],202937150091_R02C01,0.7245850871658321,0.6657380337627876
Lawlor_IgM_IgG_NK,cellbridge[shared_top05],202937150118_R01C01,0.22178204430510146,0.6699931237705355
Lawlor_IgM_IgG_NK,cellbridge[shared_top05],202937150118_R02C01,1.5136554037946364,1.0814248852375399
Lawlor_IgM_IgG_NK,cellbridge[shared_top05],202937150118_R03C01,0.3474699827233912,0.8476176884088515
Lawlor_IgM_IgG_NK,cellbridge[shared_top05],202937150118_R04C01,0.6716702954943373,1.2392544107153334
Lawlor_IgM_IgG_NK,cellbridge[shared_top05],202937150118_R05C01,1.4798835193847872,1.4419414627396672
Lawlor_IgM_IgG_NK,cellbridge[shared_top05],202937150118_R06C01,0.24192758027621947,0.8255905033931467
Lawlor_IgM_IgG_NK,cellbridge[shared_top05],202937150118_R07C01,0.9884730758434332,1.0645539869195242
Lawlor_IgM_IgG_NK,cellbridge[shared_top05],202937150118_R08C01,2.5860739386506575,0.9185421506437881
Lawlor_IgM_IgG_NK,cellbridge[shared_top10],202937150091_R01C01,0.5543953830814669,0.7591568520333954
Lawlor_IgM_IgG_NK,cellbridge[shared_top10],202937150091_R02C01,0.7417063790612347,0.6748458591848916
Lawlor_IgM_IgG_NK,cellbridge[shared_top10],202937150118_R01C01,0.21416710304286302,0.6750370311674585
Lawlor_IgM_IgG_NK,cellbridge[shared_top10],202937150118_R02C01,1.513662006364218,1.0901814714004503
Lawlor_IgM_IgG_NK,cellbridge[shared_top10],202937150118_R03C01,0.36062269771739863,0.8871720216391946
Lawlor_IgM_IgG_NK,cellbridge[shared_top10],202937150118_R04C01,0.6169918753284125,1.2390658626465114
Lawlor_IgM_IgG_NK,cellbridge[shared_top10],202937150118_R05C01,1.4870443526594523,1.4434785932569845
Lawlor_IgM_IgG_NK,cellbridge[shared_top10],202937150118_R06C01,0.24019686194517212,0.8327855615512288
Lawlor_IgM_IgG_NK,cellbridge[shared_top10],202937150118_R07C01,0.9843011973933673,1.0687811434631145
Lawlor_IgM_IgG_NK,cellbridge[shared_top10],202937150118_R08C01,2.5129714164760157,0.8944950637113758
Lawlor_IgM_IgG_NK,cellbridge[per_target_top05],202937150091_R01C01,0.7305393985244737,0.7600100949821728
Lawlor_IgM_IgG_NK,cellbridge[per_target_top05],202937150091_R02C01,0.6422366119778097,0.6459583606142926
Lawlor_IgM_IgG_NK,cellbridge[per_target_top05],202937150118_R01C01,0.6275883167252237,0.657722190917217
Lawlor_IgM_IgG_NK,cellbridge[per_target_top05],202937150118_R02C01,1.4689790020656408,0.87876561183113
Lawlor_IgM_IgG_NK,cellbridge[per_target_top05],202937150118_R03C01,0.5413725168719674,0.9147788433690226
Lawlor_IgM_IgG_NK,cellbridge[per_target_top05],202937150118_R04C01,0.7751860381309805,1.1738598862417193
Lawlor_IgM_IgG_NK,cellbridge[per_target_top05],202937150118_R05C01,1.5942469896331959,1.3903432873353403
Lawlor_IgM_IgG_NK,cellbridge[per_target_top05],202937150118_R06C01,0.41418619408810897,0.833248044218056
Lawlor_IgM_IgG_NK,cellbridge[per_target_top05],202937150118_R07C01,0.9735446034931483,1.1360307552213815
Lawlor_IgM_IgG_NK,cellbridge[per_target_top05],202937150118_R08C01,2.448274308711147,0.94848992802952
Lawlor_IgM_IgG_NK,cellbridge[shared_top05|rna_only],202937150091_R01C01,0.5591384595883298,0.7575854521024494
Lawlor_IgM_IgG_NK,cellbridge[shared_top05|rna_only],202937150091_R02C01,0.7792884362553254,0.6809252506283087
Lawlor_IgM_IgG_NK,cellbridge[shared_top05|rna_only],202937150118_R01C01,0.21930048895774765,0.6919632299758764
Lawlor_IgM_IgG_NK,cellbridge[shared_top05|rna_only],202937150118_R02C01,1.533386068636422,1.1183904891261474
Lawlor_IgM_IgG_NK,cellbridge[shared_top05|rna_only],202937150118_R03C01,0.4022813055502437,0.8696021389847667
Lawlor_IgM_IgG_NK,cellbridge[shared_top05|rna_only],202937150118_R04C01,0.6458353991697161,1.233879037687278
Lawlor_IgM_IgG_NK,cellbridge[shared_top05|rna_only],202937150118_R05C01,1.4638666394099575,1.4561804592416547
Lawlor_IgM_IgG_NK,cellbridge[shared_top05|rna_only],202937150118_R06C01,0.24697083579342657,0.8347597355562
Lawlor_IgM_IgG_NK,cellbridge[shared_top05|rna_only],202937150118_R07C01,0.9801490151371475,1.0627442145471044
Lawlor_IgM_IgG_NK,cellbridge[shared_top05|rna_only],202937150118_R08C01,2.5343799285304307,0.907178283231371
Lawlor_IgM_IgG_NK,cellbridge[shared_top05|anchors_required],202937150091_R01C01,0.5432606553571779,0.7486674604911527
Lawlor_IgM_IgG_NK,cellbridge[shared_top05|anchors_required],202937150091_R02C01,0.7227714119247504,0.6542940570058565
Lawlor_IgM_IgG_NK,cellbridge[shared_top05|anchors_required],202937150118_R01C01,0.21350399812066617,0.6567565119107932
Lawlor_IgM_IgG_NK,cellbridge[shared_top05|anchors_required],202937150118_R02C01,1.5075540621235155,1.0546512166906652
Lawlor_IgM_IgG_NK,cellbridge[shared_top05|anchors_required],202937150118_R03C01,0.32909874522056254,0.8399208338323472
Lawlor_IgM_IgG_NK,cellbridge[shared_top05|anchors_required],202937150118_R04C01,0.6964349331307906,1.2406773674802198
Lawlor_IgM_IgG_NK,cellbridge[shared_top05|anchors_required],202937150118_R05C01,1.4795327136355576,1.4393831680543183
Lawlor_IgM_IgG_NK,cellbridge[shared_top05|anchors_required],202937150118_R06C01,0.26276711664630087,0.8201960981163746
Lawlor_IgM_IgG_NK,cellbridge[shared_top05|anchors_required],202937150118_R07C01,0.9938046471163559,1.0632849088845424
Lawlor_IgM_IgG_NK,cellbridge[shared_top05|anchors_required],202937150118_R08C01,2.655367631675749,0.9356680898381492
Lawlor_IgM_IgG_NK,cellbridge[shared_top05|rho0],202937150091_R01C01,0.48513822740603874,0.7502783565514063
Lawlor_IgM_IgG_NK,cellbridge[shared_top05|rho0],202937150091_R02C01,0.8072715041215179,0.672917731531857
Lawlor_IgM_IgG_NK,cellbridge[shared_top05|rho0],202937150118_R01C01,0.15905960821659496,0.6268276691816046
Lawlor_IgM_IgG_NK,cellbridge[shared_top05|rho0],202937150118_R02C01,1.5436646551582585,1.0923124185902253
Lawlor_IgM_IgG_NK,cellbridge[shared_top05|rho0],202937150118_R03C01,0.27666704627565614,0.816519288540445
Lawlor_IgM_IgG_NK,cellbridge[shared_top05|rho0],202937150118_R04C01,0.6491753899609163,1.251353093855628
Lawlor_IgM_IgG_NK,cellbridge[shared_top05|rho0],202937150118_R05C01,1.609960790247873,1.4115433937272712
Lawlor_IgM_IgG_NK,cellbridge[shared_top05|rho0],202937150118_R06C01,0.3296513569644952,0.8408754987956926
Lawlor_IgM_IgG_NK,cellbridge[shared_top05|rho0],202937150118_R07C01,1.0031236955812,1.088929611322909
Lawlor_IgM_IgG_NK,cellbridge[shared_top05|rho0],202937150118_R08C01,2.802995440088825,0.8970909577420046
Lawlor_IgM_IgG_NK,cellbridge[shared_top05|rho_max],202937150091_R01C01,0.6234874918087814,0.7360912311344476
Lawlor_IgM_IgG_NK,cellbridge[shared_top05|rho_max],202937150091_R02C01,0.7009822101188764,0.639156740682821
Lawlor_IgM_IgG_NK,cellbridge[shared_top05|rho_max],202937150118_R01C01,0.2546775594282602,0.6743895669715446
Lawlor_IgM_IgG_NK,cellbridge[shared_top05|rho_max],202937150118_R02C01,1.4950997991930963,1.0634101852416233
Lawlor_IgM_IgG_NK,cellbridge[shared_top05|rho_max],202937150118_R03C01,0.3533407408415097,0.8114460222218024
Lawlor_IgM_IgG_NK,cellbridge[shared_top05|rho_max],202937150118_R04C01,0.6598456013672348,1.213312034642961
Lawlor_IgM_IgG_NK,cellbridge[shared_top05|rho_max],202937150118_R05C01,1.3892176474241893,1.4588374867124774
Lawlor_IgM_IgG_NK,cellbridge[shared_top05|rho_max],202937150118_R06C01,0.22485541995220512,0.8321354897810339
Lawlor_IgM_IgG_NK,cellbridge[shared_top05|rho_max],202937150118_R07C01,0.9907201846415272,1.0355935112543617
Lawlor_IgM_IgG_NK,cellbridge[shared_top05|rho_max],202937150118_R08C01,2.600613714284959,0.9611618451521977
Lawlor_IgM_IgG_NK,cellbridge[shared_top05|no_level],202937150091_R01C01,0.5445821687556629,0.7440615342354491
Lawlor_IgM_IgG_NK,cellbridge[shared_top05|no_level],202937150091_R02C01,0.7600753234410668,0.6576132678162543
Lawlor_IgM_IgG_NK,cellbridge[shared_top05|no_level],202937150118_R01C01,0.21315881995787758,0.6615933919651547
Lawlor_IgM_IgG_NK,cellbridge[shared_top05|no_level],202937150118_R02C01,1.5155283869401868,1.0775956712857502
Lawlor_IgM_IgG_NK,cellbridge[shared_top05|no_level],202937150118_R03C01,0.3294496571075478,0.8098593582647434
Lawlor_IgM_IgG_NK,cellbridge[shared_top05|no_level],202937150118_R04C01,0.6810769746763864,1.2302322858196177
Lawlor_IgM_IgG_NK,cellbridge[shared_top05|no_level],202937150118_R05C01,1.4943936032650844,1.4323626021606826
Lawlor_IgM_IgG_NK,cellbridge[shared_top05|no_level],202937150118_R06C01,0.2850145393084886,0.8311506333510413
Lawlor_IgM_IgG_NK,cellbridge[shared_top05|no_level],202937150118_R07C01,0.9940926411331719,1.0583253848497203
Lawlor_IgM_IgG_NK,cellbridge[shared_top05|no_level],202937150118_R08C01,2.674283274109313,0.9327445352112973
Lawlor_IgM_IgG_NK,cellbridge[shared_top05|k1],202937150091_R01C01,0.5571836483362018,0.7570155153130526
Lawlor_IgM_IgG_NK,cellbridge[shared_top05|k1],202937150091_R02C01,0.708567430020896,0.643911880114543
Lawlor_IgM_IgG_NK,cellbridge[shared_top05|k1],202937150118_R01C01,0.21315982129533945,0.6408513769123789
Lawlor_IgM_IgG_NK,cellbridge[shared_top05|k1],202937150118_R02C01,1.5668080791383074,1.0376843506747178
Lawlor_IgM_IgG_NK,cellbridge[shared_top05|k1],202937150118_R03C01,0.3405767087989262,0.8386639889520676
Lawlor_IgM_IgG_NK,cellbridge[shared_top05|k1],202937150118_R04C01,0.6375089174475345,1.2426794047396283
Lawlor_IgM_IgG_NK,cellbridge[shared_top05|k1],202937150118_R05C01,1.4940472318837559,1.4190221495004935
Lawlor_IgM_IgG_NK,cellbridge[shared_top05|k1],202937150118_R06C01,0.29146247606593456,0.8052524946997163
Lawlor_IgM_IgG_NK,cellbridge[shared_top05|k1],202937150118_R07C01,0.995027666638684,1.0685372470605417
Lawlor_IgM_IgG_NK,cellbridge[shared_top05|k1],202937150118_R08C01,2.7019019131852167,0.940815476186998
Lawlor_IgM_IgG_T,mean,202937150091_R01C01,1.0936469828048434,1.4232577466809218
Lawlor_IgM_IgG_T,mean,202937150091_R02C01,1.3922480824497974,0.9378338982883924
Lawlor_IgM_IgG_T,mean,202937150118_R01C01,0.9526762256688768,0.8097886608371181
Lawlor_IgM_IgG_T,mean,202937150118_R02C01,0.1712736315053591,0.8956473144276899
Lawlor_IgM_IgG_T,mean,202937150118_R03C01,1.7517777860290336,1.5529031784149243
Lawlor_IgM_IgG_T,mean,202937150118_R04C01,0.651117423893401,0.8312203683502347
Lawlor_IgM_IgG_T,mean,202937150118_R05C01,1.462378603633128,0.9160561818979467
Lawlor_IgM_IgG_T,mean,202937150118_R06C01,0.6346156249957258,0.7662383833003743
Lawlor_IgM_IgG_T,mean,202937150118_R07C01,1.4067957053354094,1.193176274124662
Lawlor_IgM_IgG_T,mean,202937150118_R08C01,0.46555121422918766,0.6635957341132552
Lawlor_IgM_IgG_T,rna_ridge,202937150091_R01C01,1.0936469828048436,1.4232577466809218
Lawlor_IgM_IgG_T,rna_ridge,202937150091_R02C01,1.2166268314386477,0.8818375204746031
Lawlor_IgM_IgG_T,rna_ridge,202937150118_R01C01,0.9228434868791788,0.8252085671029409
Lawlor_IgM_IgG_T,rna_ridge,202937150118_R02C01,0.12819168310602674,0.8919860198336323
Lawlor_IgM_IgG_T,rna_ridge,202937150118_R03C01,1.8433167477497852,1.516742649579619
Lawlor_IgM_IgG_T,rna_ridge,202937150118_R04C01,0.673230456368364,0.8204672515286563
Lawlor_IgM_IgG_T,rna_ridge,202937150118_R05C01,1.4757984740996832,0.9649621909000995
Lawlor_IgM_IgG_T,rna_ridge,202937150118_R06C01,0.6087830602674952,0.7571499247726424
Lawlor_IgM_IgG_T,rna_ridge,202937150118_R07C01,1.3857296278278544,1.19192498703517
Lawlor_IgM_IgG_T,rna_ridge,202937150118_R08C01,0.40342572854248215,0.6803437087024136
Lawlor_IgM_IgG_T,joint_ridge,202937150091_R01C01,1.0936469828048436,1.4232577466809218
Lawlor_IgM_IgG_T,joint_ridge,202937150091_R02C01,1.2158403709892474,0.8826682194736999
Lawlor_IgM_IgG_T,joint_ridge,202937150118_R01C01,0.9160907526745403,0.8252107046605902
Lawlor_IgM_IgG_T,joint_ridge,202937150118_R02C01,0.13075611848861954,0.8914025547140975
Lawlor_IgM_IgG_T,joint_ridge,202937150118_R03C01,1.8333023647529598,1.5097537886221826
Lawlor_IgM_IgG_T,joint_ridge,202937150118_R04C01,0.6639720037046348,0.8129717467156432
Lawlor_IgM_IgG_T,joint_ridge,202937150118_R05C01,1.4670841500234795,0.9585944586795717
Lawlor_IgM_IgG_T,joint_ridge,202937150118_R06C01,0.6051868118198216,0.7549894438513604
Lawlor_IgM_IgG_T,joint_ridge,202937150118_R07C01,1.3851123985992797,1.190324985264197
Lawlor_IgM_IgG_T,joint_ridge,202937150118_R08C01,0.39487390158958735,0.6851432069962559
Lawlor_IgM_IgG_T,v040_abundance_shrinkage,202937150091_R01C01,0.8311873605415153,1.0645439190992578
Lawlor_IgM_IgG_T,v040_abundance_shrinkage,202937150091_R02C01,1.1861783138975004,1.0479730134005822
Lawlor_IgM_IgG_T,v040_abundance_shrinkage,202937150118_R01C01,0.6618477730715083,0.7526314591758871
Lawlor_IgM_IgG_T,v040_abundance_shrinkage,202937150118_R02C01,0.30718491659728586,0.857712524030344
Lawlor_IgM_IgG_T,v040_abundance_shrinkage,202937150118_R03C01,1.398884883478001,1.432540191396178
Lawlor_IgM_IgG_T,v040_abundance_shrinkage,202937150118_R04C01,0.29911441207878714,0.5869950396675838
Lawlor_IgM_IgG_T,v040_abundance_shrinkage,202937150118_R05C01,1.0717637149731907,0.9076562581512787
Lawlor_IgM_IgG_T,v040_abundance_shrinkage,202937150118_R06C01,0.47108018222460696,0.6669450352245012
Lawlor_IgM_IgG_T,v040_abundance_shrinkage,202937150118_R07C01,1.1335933209673346,1.0428372411526743
Lawlor_IgM_IgG_T,v040_abundance_shrinkage,202937150118_R08C01,0.3063960826217972,0.6389784516045175
Lawlor_IgM_IgG_T,cellbridge[per_target],202937150091_R01C01,1.0408124059616675,0.9161013574161275
Lawlor_IgM_IgG_T,cellbridge[per_target],202937150091_R02C01,0.7231289702477951,1.079872314111318
Lawlor_IgM_IgG_T,cellbridge[per_target],202937150118_R01C01,0.8419191600477188,0.9364130663665324
Lawlor_IgM_IgG_T,cellbridge[per_target],202937150118_R02C01,0.05079824189494522,0.8957169278841345
Lawlor_IgM_IgG_T,cellbridge[per_target],202937150118_R03C01,0.6630835520435125,1.3467475245157206
Lawlor_IgM_IgG_T,cellbridge[per_target],202937150118_R04C01,0.3780156847269921,0.6835676063738529
Lawlor_IgM_IgG_T,cellbridge[per_target],202937150118_R05C01,1.4763184574678705,1.0374124254558574
Lawlor_IgM_IgG_T,cellbridge[per_target],202937150118_R06C01,0.5813742989935751,0.7450179101483595
Lawlor_IgM_IgG_T,cellbridge[per_target],202937150118_R07C01,1.2676858665635131,1.0346371537904722
Lawlor_IgM_IgG_T,cellbridge[per_target],202937150118_R08C01,0.4794068382678235,0.7071758239488725
Lawlor_IgM_IgG_T,cellbridge[shared],202937150091_R01C01,0.7346931598201218,0.8980636773864336
Lawlor_IgM_IgG_T,cellbridge[shared],202937150091_R02C01,0.8525734948562862,1.0564842027591224
Lawlor_IgM_IgG_T,cellbridge[shared],202937150118_R01C01,0.9603636258453367,0.8016672684251694
Lawlor_IgM_IgG_T,cellbridge[shared],202937150118_R02C01,0.24292883918665203,0.9048197866277421
Lawlor_IgM_IgG_T,cellbridge[shared],202937150118_R03C01,1.0345198747428488,1.2432343339339968
Lawlor_IgM_IgG_T,cellbridge[shared],202937150118_R04C01,0.23811606634033164,0.6224117873313153
Lawlor_IgM_IgG_T,cellbridge[shared],202937150118_R05C01,1.5285741993948332,1.0341927981706436
Lawlor_IgM_IgG_T,cellbridge[shared],202937150118_R06C01,0.6466639742496393,0.6569574661381479
Lawlor_IgM_IgG_T,cellbridge[shared],202937150118_R07C01,0.8347723166354069,0.7761181542279618
Lawlor_IgM_IgG_T,cellbridge[shared],202937150118_R08C01,0.5209069476213775,0.69665094671604
Lawlor_IgM_IgG_T,cellbridge[shared_top01],202937150091_R01C01,0.7853033133089975,0.8972484518677244
Lawlor_IgM_IgG_T,cellbridge[shared_top01],202937150091_R02C01,0.8639554593442076,1.037741158334574
Lawlor_IgM_IgG_T,cellbridge[shared_top01],202937150118_R01C01,0.9570714314988966,0.7698003442654126
Lawlor_IgM_IgG_T,cellbridge[shared_top01],202937150118_R02C01,0.16571502857976794,0.8543817417010454
Lawlor_IgM_IgG_T,cellbridge[shared_top01],202937150118_R03C01,0.9223304913304818,1.2248365668035657
Lawlor_IgM_IgG_T,cellbridge[shared_top01],202937150118_R04C01,0.18616010480162706,0.6032248964646831
Lawlor_IgM_IgG_T,cellbridge[shared_top01],202937150118_R05C01,1.502573542589737,1.045649721845866
Lawlor_IgM_IgG_T,cellbridge[shared_top01],202937150118_R06C01,0.6671674346526253,0.6630652037596518
Lawlor_IgM_IgG_T,cellbridge[shared_top01],202937150118_R07C01,0.9086039915337836,0.8248982461155734
Lawlor_IgM_IgG_T,cellbridge[shared_top01],202937150118_R08C01,0.5115498446235813,0.6867976885073195
Lawlor_IgM_IgG_T,cellbridge[shared_top02],202937150091_R01C01,0.781106873395371,0.8964427479748952
Lawlor_IgM_IgG_T,cellbridge[shared_top02],202937150091_R02C01,0.8753852338928421,1.0359291738012404
Lawlor_IgM_IgG_T,cellbridge[shared_top02],202937150118_R01C01,0.9517196146119871,0.7572631484787686
Lawlor_IgM_IgG_T,cellbridge[shared_top02],202937150118_R02C01,0.14735439915846146,0.8443739115533185
Lawlor_IgM_IgG_T,cellbridge[shared_top02],202937150118_R03C01,0.9962117582832786,1.2516210735270814
Lawlor_IgM_IgG_T,cellbridge[shared_top02],202937150118_R04C01,0.19556417347183896,0.5996694779217984
Lawlor_IgM_IgG_T,cellbridge[shared_top02],202937150118_R05C01,1.481174448912501,1.0592737866501158
Lawlor_IgM_IgG_T,cellbridge[shared_top02],202937150118_R06C01,0.6771008810664679,0.6657240083377131
Lawlor_IgM_IgG_T,cellbridge[shared_top02],202937150118_R07C01,0.9219907226178112,0.8332322196118979
Lawlor_IgM_IgG_T,cellbridge[shared_top02],202937150118_R08C01,0.5016540686842114,0.6841382955507355
Lawlor_IgM_IgG_T,cellbridge[shared_top05],202937150091_R01C01,0.7965609607922525,0.915410005632355
Lawlor_IgM_IgG_T,cellbridge[shared_top05],202937150091_R02C01,0.9033956707077385,1.0347586995952296
Lawlor_IgM_IgG_T,cellbridge[shared_top05],202937150118_R01C01,0.983562026129865,0.7659286484196889
Lawlor_IgM_IgG_T,cellbridge[shared_top05],202937150118_R02C01,0.1863589094207362,0.8531948185831639
Lawlor_IgM_IgG_T,cellbridge[shared_top05],202937150118_R03C01,1.0297477571747027,1.2734286352312425
Lawlor_IgM_IgG_T,cellbridge[shared_top05],202937150118_R04C01,0.27996067242150074,0.6310080585633393
Lawlor_IgM_IgG_T,cellbridge[shared_top05],202937150118_R05C01,1.4945894778751918,1.064770753215357
Lawlor_IgM_IgG_T,cellbridge[shared_top05],202937150118_R06C01,0.7160109457230106,0.674356909730276
Lawlor_IgM_IgG_T,cellbridge[shared_top05],202937150118_R07C01,0.8887397304982564,0.8145756930913464
Lawlor_IgM_IgG_T,cellbridge[shared_top05],202937150118_R08C01,0.499540185681812,0.6762607439995204
Lawlor_IgM_IgG_T,cellbridge[shared_top10],202937150091_R01C01,0.7851056307851376,0.9706520492552898
Lawlor_IgM_IgG_T,cellbridge[shared_top10],202937150091_R02C01,0.8805149393956462,0.9738159483404256
Lawlor_IgM_IgG_T,cellbridge[shared_top10],202937150118_R01C01,1.0272217859040726,0.7895242384114851
Lawlor_IgM_IgG_T,cellbridge[shared_top10],202937150118_R02C01,0.23572747283083337,0.8683876719035676
Lawlor_IgM_IgG_T,cellbridge[shared_top10],202937150118_R03C01,1.0822651285541807,1.289332118511733
Lawlor_IgM_IgG_T,cellbridge[shared_top10],202937150118_R04C01,0.3154669024818058,0.6521953205987939
Lawlor_IgM_IgG_T,cellbridge[shared_top10],202937150118_R05C01,1.576624306778463,1.041881033445128
Lawlor_IgM_IgG_T,cellbridge[shared_top10],202937150118_R06C01,0.6775305701564096,0.6825773995796373
Lawlor_IgM_IgG_T,cellbridge[shared_top10],202937150118_R07C01,1.0223505251041671,0.8932020803141343
Lawlor_IgM_IgG_T,cellbridge[shared_top10],202937150118_R08C01,0.5247238950776586,0.6875242148457825
Lawlor_IgM_IgG_T,cellbridge[per_target_top05],202937150091_R01C01,0.9585795024583708,0.8700868264021133
Lawlor_IgM_IgG_T,cellbridge[per_target_top05],202937150091_R02C01,0.79760298968953,0.9255249366567883
Lawlor_IgM_IgG_T,cellbridge[per_target_top05],202937150118_R01C01,0.8519730631375595,0.803236732822317
Lawlor_IgM_IgG_T,cellbridge[per_target_top05],202937150118_R02C01,0.2180472018818897,0.8013791081947964
Lawlor_IgM_IgG_T,cellbridge[per_target_top05],202937150118_R03C01,0.7808622320477664,1.3066667163650665
Lawlor_IgM_IgG_T,cellbridge[per_target_top05],202937150118_R04C01,0.2992453446114838,0.6850549737416912
Lawlor_IgM_IgG_T,cellbridge[per_target_top05],202937150118_R05C01,1.4022926311215398,1.0193992538871222
Lawlor_IgM_IgG_T,cellbridge[per_target_top05],202937150118_R06C01,0.5017908680492059,0.7190104291172912
Lawlor_IgM_IgG_T,cellbridge[per_target_top05],202937150118_R07C01,1.3070411823115233,1.0508557203851054
Lawlor_IgM_IgG_T,cellbridge[per_target_top05],202937150118_R08C01,0.6131402586547634,0.673373351965626
Lawlor_IgM_IgG_T,cellbridge[shared_top05|rna_only],202937150091_R01C01,0.7546026573580137,1.0551196016603142
Lawlor_IgM_IgG_T,cellbridge[shared_top05|rna_only],202937150091_R02C01,0.7889295354910879,0.909201555928733
Lawlor_IgM_IgG_T,cellbridge[shared_top05|rna_only],202937150118_R01C01,1.0723860267304743,0.8216359902070909
Lawlor_IgM_IgG_T,cellbridge[shared_top05|rna_only],202937150118_R02C01,0.32859931962187183,0.8999511259509021
Lawlor_IgM_IgG_T,cellbridge[shared_top05|rna_only],202937150118_R03C01,1.1204082373206363,1.3187620037588463
Lawlor_IgM_IgG_T,cellbridge[shared_top05|rna_only],202937150118_R04C01,0.5741982537975753,0.7893810343473537
Lawlor_IgM_IgG_T,cellbridge[shared_top05|rna_only],202937150118_R05C01,1.6762804159320566,1.0815975529481385
Lawlor_IgM_IgG_T,cellbridge[shared_top05|rna_only],202937150118_R06C01,0.6892517130426539,0.7038879579573782
Lawlor_IgM_IgG_T,cellbridge[shared_top05|rna_only],202937150118_R07C01,1.0857740632202506,0.982925659635615
Lawlor_IgM_IgG_T,cellbridge[shared_top05|rna_only],202937150118_R08C01,0.552447091627152,0.7134454769258158
Lawlor_IgM_IgG_T,cellbridge[shared_top05|anchors_required],202937150091_R01C01,0.788994715913452,0.8840364393999776
Lawlor_IgM_IgG_T,cellbridge[shared_top05|anchors_required],202937150091_R02C01,0.8811919800933058,1.0426749915127755
Lawlor_IgM_IgG_T,cellbridge[shared_top05|anchors_required],202937150118_R01C01,0.9533077318321219,0.7563611039002123
Lawlor_IgM_IgG_T,cellbridge[shared_top05|anchors_required],202937150118_R02C01,0.14330338123828357,0.8452709172004937
Lawlor_IgM_IgG_T,cellbridge[shared_top05|anchors_required],202937150118_R03C01,0.9874059816459491,1.2507892328777135
Lawlor_IgM_IgG_T,cellbridge[shared_top05|anchors_required],202937150118_R04C01,0.21505655555447548,0.5948420122830501
Lawlor_IgM_IgG_T,cellbridge[shared_top05|anchors_required],202937150118_R05C01,1.4657839399093726,1.0692660072967328
Lawlor_IgM_IgG_T,cellbridge[shared_top05|anchors_required],202937150118_R06C01,0.6925889058003795,0.6685268148438015
Lawlor_IgM_IgG_T,cellbridge[shared_top05|anchors_required],202937150118_R07C01,0.8953325262622975,0.8161843543037153
Lawlor_IgM_IgG_T,cellbridge[shared_top05|anchors_required],202937150118_R08C01,0.5009550101241546,0.6834056854150309
Lawlor_IgM_IgG_T,cellbridge[shared_top05|rho0],202937150091_R01C01,0.8749544795066911,0.9504766799943474
Lawlor_IgM_IgG_T,cellbridge[shared_top05|rho0],202937150091_R02C01,0.9737904770623023,1.036088018539575
Lawlor_IgM_IgG_T,cellbridge[shared_top05|rho0],202937150118_R01C01,0.971013125555382,0.762305287316806
Lawlor_IgM_IgG_T,cellbridge[shared_top05|rho0],202937150118_R02C01,0.29015223527940404,0.9081874565583393
Lawlor_IgM_IgG_T,cellbridge[shared_top05|rho0],202937150118_R03C01,0.93384071945793,1.2875000005520265
Lawlor_IgM_IgG_T,cellbridge[shared_top05|rho0],202937150118_R04C01,0.2194956323297254,0.6028498547607175
Lawlor_IgM_IgG_T,cellbridge[shared_top05|rho0],202937150118_R05C01,1.496136577583628,1.0426045089187836
Lawlor_IgM_IgG_T,cellbridge[shared_top05|rho0],202937150118_R06C01,0.6895845593548582,0.6591663595559909
Lawlor_IgM_IgG_T,cellbridge[shared_top05|rho0],202937150118_R07C01,0.8132499034782943,0.7714581769741717
Lawlor_IgM_IgG_T,cellbridge[shared_top05|rho0],202937150118_R08C01,0.45226568504930464,0.6475909136259739
Lawlor_IgM_IgG_T,cellbridge[shared_top05|rho_max],202937150091_R01C01,0.7855937972340951,0.8682325278498351
Lawlor_IgM_IgG_T,cellbridge[shared_top05|rho_max],202937150091_R02C01,0.88378201109056,1.0638453918009132
Lawlor_IgM_IgG_T,cellbridge[shared_top05|rho_max],202937150118_R01C01,0.9267210823491225,0.7611220082111174
Lawlor_IgM_IgG_T,cellbridge[shared_top05|rho_max],202937150118_R02C01,0.0964775844077583,0.7948488976316874
Lawlor_IgM_IgG_T,cellbridge[shared_top05|rho_max],202937150118_R03C01,0.9881938418292372,1.2273961604583268
Lawlor_IgM_IgG_T,cellbridge[shared_top05|rho_max],202937150118_R04C01,0.3038958080888431,0.6271466814591088
Lawlor_IgM_IgG_T,cellbridge[shared_top05|rho_max],202937150118_R05C01,1.4904707919697961,1.0475798672830456
Lawlor_IgM_IgG_T,cellbridge[shared_top05|rho_max],202937150118_R06C01,0.6546520703821835,0.6578857905018038
Lawlor_IgM_IgG_T,cellbridge[shared_top05|rho_max],202937150118_R07C01,0.771030212580017,0.7378884270753951
Lawlor_IgM_IgG_T,cellbridge[shared_top05|rho_max],202937150118_R08C01,0.4966523953265993,0.6994769413155824
Lawlor_IgM_IgG_T,cellbridge[shared_top05|no_level],202937150091_R01C01,0.8343523102325601,0.908127971411679
Lawlor_IgM_IgG_T,cellbridge[shared_top05|no_level],202937150091_R02C01,0.929881263321311,1.0476573337740915
Lawlor_IgM_IgG_T,cellbridge[shared_top05|no_level],202937150118_R01C01,0.953036026935373,0.767440409370534
Lawlor_IgM_IgG_T,cellbridge[shared_top05|no_level],202937150118_R02C01,0.22074094305032546,0.8501965694435556
Lawlor_IgM_IgG_T,cellbridge[shared_top05|no_level],202937150118_R03C01,0.9513411452563683,1.2600330287053283
Lawlor_IgM_IgG_T,cellbridge[shared_top05|no_level],202937150118_R04C01,0.2651339007718706,0.6188835866964852
Lawlor_IgM_IgG_T,cellbridge[shared_top05|no_level],202937150118_R05C01,1.4892787839016872,1.042998468554852
Lawlor_IgM_IgG_T,cellbridge[shared_top05|no_level],202937150118_R06C01,0.6732237744126871,0.6569350540002303
Lawlor_IgM_IgG_T,cellbridge[shared_top05|no_level],202937150118_R07C01,0.7925872094152466,0.7543064990886152
Lawlor_IgM_IgG_T,cellbridge[shared_top05|no_level],202937150118_R08C01,0.47165524190010044,0.6730735054706118
Lawlor_IgM_IgG_T,cellbridge[shared_top05|k1],202937150091_R01C01,0.7945928634642124,0.8864860156786002
Lawlor_IgM_IgG_T,cellbridge[shared_top05|k1],202937150091_R02C01,0.8714529723240126,1.0354192949297394
Lawlor_IgM_IgG_T,cellbridge[shared_top05|k1],202937150118_R01C01,0.9582954596273087,0.7679764632237156
Lawlor_IgM_IgG_T,cellbridge[shared_top05|k1],202937150118_R02C01,0.16477123203281097,0.8500594234452706
Lawlor_IgM_IgG_T,cellbridge[shared_top05|k1],202937150118_R03C01,0.9470790452652296,1.2259341070348786
Lawlor_IgM_IgG_T,cellbridge[shared_top05|k1],202937150118_R04C01,0.19374611948081955,0.6013020935993537
Lawlor_IgM_IgG_T,cellbridge[shared_top05|k1],202937150118_R05C01,1.5044605160484728,1.0449397739618906
Lawlor_IgM_IgG_T,cellbridge[shared_top05|k1],202937150118_R06C01,0.675441451559819,0.6635062291586539
Lawlor_IgM_IgG_T,cellbridge[shared_top05|k1],202937150118_R07C01,0.905683554718239,0.8235666242178844
Lawlor_IgM_IgG_T,cellbridge[shared_top05|k1],202937150118_R08C01,0.5084976582686888,0.6868532455767759
Lawlor_LPS_Monocyte,mean,202937150091_R01C01,0.8559157709792473,0.9105641179510754
Lawlor_LPS_Monocyte,mean,202937150091_R02C01,0.5033567982622189,0.7613988783196576
Lawlor_LPS_Monocyte,mean,202937150118_R01C01,1.1550221377422152,0.9403856524955548
Lawlor_LPS_Monocyte,mean,202937150118_R02C01,1.0507637205179667,0.8338590255014079
Lawlor_LPS_Monocyte,mean,202937150118_R03C01,2.276643293384188,1.5389818798945292
Lawlor_LPS_Monocyte,mean,202937150118_R04C01,1.4592801947128304,0.6743127701572277
Lawlor_LPS_Monocyte,mean,202937150118_R05C01,0.5758688371551164,1.0130216484157537
Lawlor_LPS_Monocyte,mean,202937150118_R06C01,0.6179031965503752,2.12290346480379
Lawlor_LPS_Monocyte,mean,202937150118_R07C01,0.6810301496686916,0.4642014415051552
Lawlor_LPS_Monocyte,mean,202937150118_R08C01,0.8813652288586431,0.6254552528866145
Lawlor_LPS_Monocyte,rna_ridge,202937150091_R01C01,0.6496025893802952,0.8548031205234051
Lawlor_LPS_Monocyte,rna_ridge,202937150091_R02C01,0.9087410003160062,0.6525902565201929
Lawlor_LPS_Monocyte,rna_ridge,202937150118_R01C01,1.0180098451260584,0.9902836358167362
Lawlor_LPS_Monocyte,rna_ridge,202937150118_R02C01,0.9374924038033945,0.6870193559949072
Lawlor_LPS_Monocyte,rna_ridge,202937150118_R03C01,2.1656515758637847,1.4745139563165859
Lawlor_LPS_Monocyte,rna_ridge,202937150118_R04C01,1.4347364094146653,0.576771715365706
Lawlor_LPS_Monocyte,rna_ridge,202937150118_R05C01,1.153982650698414,0.8650153106479188
Lawlor_LPS_Monocyte,rna_ridge,202937150118_R06C01,0.7187868634260554,2.0364075594816833
Lawlor_LPS_Monocyte,rna_ridge,202937150118_R07C01,0.49373813184667026,0.3859839285807341
Lawlor_LPS_Monocyte,rna_ridge,202937150118_R08C01,0.588365901032711,0.5738697436660958
Lawlor_LPS_Monocyte,joint_ridge,202937150091_R01C01,0.6448905484974269,0.8530209121690281
Lawlor_LPS_Monocyte,joint_ridge,202937150091_R02C01,0.9091234113773322,0.6523956339093794
Lawlor_LPS_Monocyte,joint_ridge,202937150118_R01C01,1.021598807042898,0.9885497589805101
Lawlor_LPS_Monocyte,joint_ridge,202937150118_R02C01,0.9359328232049192,0.6855733359545617
Lawlor_LPS_Monocyte,joint_ridge,202937150118_R03C01,2.1708451646702143,1.4603959707191654
Lawlor_LPS_Monocyte,joint_ridge,202937150118_R04C01,1.4350239153987832,0.5767538517878418
Lawlor_LPS_Monocyte,joint_ridge,202937150118_R05C01,1.1563066383665417,0.8643475905546641
Lawlor_LPS_Monocyte,joint_ridge,202937150118_R06C01,0.7134552209188861,2.0280781457020756
Lawlor_LPS_Monocyte,joint_ridge,202937150118_R07C01,0.49114488087873087,0.3865389598171102
Lawlor_LPS_Monocyte,joint_ridge,202937150118_R08C01,0.5911280739355806,0.5724324494028055
Lawlor_LPS_Monocyte,v040_abundance_shrinkage,202937150091_R01C01,0.3549656091572386,0.8119768077490191
Lawlor_LPS_Monocyte,v040_abundance_shrinkage,202937150091_R02C01,0.8634186038079044,0.7447506838539336
Lawlor_LPS_Monocyte,v040_abundance_shrinkage,202937150118_R01C01,1.2655844512177081,1.0382792131997371
Lawlor_LPS_Monocyte,v040_abundance_shrinkage,202937150118_R02C01,1.0698189750912883,0.6467798027407134
Lawlor_LPS_Monocyte,v040_abundance_shrinkage,202937150118_R03C01,1.4233390015321867,0.8900685571421044
Lawlor_LPS_Monocyte,v040_abundance_shrinkage,202937150118_R04C01,0.9468718816212798,0.6196967608211789
Lawlor_LPS_Monocyte,v040_abundance_shrinkage,202937150118_R05C01,1.0629609369891073,0.6949880759188273
Lawlor_LPS_Monocyte,v040_abundance_shrinkage,202937150118_R06C01,0.4662311746456559,1.697259001824315
Lawlor_LPS_Monocyte,v040_abundance_shrinkage,202937150118_R07C01,0.18598404532066495,0.6488699168129004
Lawlor_LPS_Monocyte,v040_abundance_shrinkage,202937150118_R08C01,0.663583748550509,0.5345066710164459
Lawlor_LPS_Monocyte,cellbridge[per_target],202937150091_R01C01,0.10196675565554333,0.7360856601371056
Lawlor_LPS_Monocyte,cellbridge[per_target],202937150091_R02C01,0.7675310784602422,0.7744447957770698
Lawlor_LPS_Monocyte,cellbridge[per_target],202937150118_R01C01,0.24745314852796482,0.6113107144482365
Lawlor_LPS_Monocyte,cellbridge[per_target],202937150118_R02C01,0.9646612752334953,0.46282793632356584
Lawlor_LPS_Monocyte,cellbridge[per_target],202937150118_R03C01,0.875746464814751,0.8340775009126414
Lawlor_LPS_Monocyte,cellbridge[per_target],202937150118_R04C01,0.3522227112620129,0.5833886258898728
Lawlor_LPS_Monocyte,cellbridge[per_target],202937150118_R05C01,0.9966062408236651,0.622985336475672
Lawlor_LPS_Monocyte,cellbridge[per_target],202937150118_R06C01,0.16678214514539394,1.2396790492527348
Lawlor_LPS_Monocyte,cellbridge[per_target],202937150118_R07C01,0.5144047357469107,0.5234525855942644
Lawlor_LPS_Monocyte,cellbridge[per_target],202937150118_R08C01,0.5541617761045649,0.5853192918522716
Lawlor_LPS_Monocyte,cellbridge[shared],202937150091_R01C01,0.12077501736151199,0.6725558449904883
Lawlor_LPS_Monocyte,cellbridge[shared],202937150091_R02C01,0.7388091099023135,0.7098695794236697
Lawlor_LPS_Monocyte,cellbridge[shared],202937150118_R01C01,0.9080511201210619,0.6343644845699307
Lawlor_LPS_Monocyte,cellbridge[shared],202937150118_R02C01,0.9252236681987862,0.48809200820769194
Lawlor_LPS_Monocyte,cellbridge[shared],202937150118_R03C01,1.2179946479973776,0.7615822527776717
Lawlor_LPS_Monocyte,cellbridge[shared],202937150118_R04C01,0.6161042260487193,0.5036973345453358
Lawlor_LPS_Monocyte,cellbridge[shared],202937150118_R05C01,1.0898541472628565,0.5564178827684443
Lawlor_LPS_Monocyte,cellbridge[shared],202937150118_R06C01,0.41129078973318545,0.9547291727610608
Lawlor_LPS_Monocyte,cellbridge[shared],202937150118_R07C01,0.24382577766003669,0.47447744391171753
Lawlor_LPS_Monocyte,cellbridge[shared],202937150118_R08C01,0.5172076420875237,0.4871519321699192
Lawlor_LPS_Monocyte,cellbridge[shared_top01],202937150091_R01C01,0.09396047062290533,0.6543886591801029
Lawlor_LPS_Monocyte,cellbridge[shared_top01],202937150091_R02C01,0.7156256987785355,0.7007902439635914
Lawlor_LPS_Monocyte,cellbridge[shared_top01],202937150118_R01C01,0.7655168056873547,0.5959721392615025
Lawlor_LPS_Monocyte,cellbridge[shared_top01],202937150118_R02C01,0.9541264378600812,0.4909837428433186
Lawlor_LPS_Monocyte,cellbridge[shared_top01],202937150118_R03C01,1.2134629613108827,0.7866627180010705
Lawlor_LPS_Monocyte,cellbridge[shared_top01],202937150118_R04C01,0.5922563583694356,0.49543953741039265
Lawlor_LPS_Monocyte,cellbridge[shared_top01],202937150118_R05C01,0.9919427198482671,0.5527248630604491
Lawlor_LPS_Monocyte,cellbridge[shared_top01],202937150118_R06C01,0.39472578546841697,0.9359496970607712
Lawlor_LPS_Monocyte,cellbridge[shared_top01],202937150118_R07C01,0.2161508927811288,0.4595255134310079
Lawlor_LPS_Monocyte,cellbridge[shared_top01],202937150118_R08C01,0.5070124490026747,0.47777741795607553
Lawlor_LPS_Monocyte,cellbridge[shared_top02],202937150091_R01C01,0.09361949609032888,0.6474645687679026
Lawlor_LPS_Monocyte,cellbridge[shared_top02],202937150091_R02C01,0.7243822039038614,0.7037026699470237
Lawlor_LPS_Monocyte,cellbridge[shared_top02],202937150118_R01C01,0.7199375334067006,0.5840320282525374
Lawlor_LPS_Monocyte,cellbridge[shared_top02],202937150118_R02C01,0.9628482478893736,0.4957504875363014
Lawlor_LPS_Monocyte,cellbridge[shared_top02],202937150118_R03C01,1.190829223899459,0.7792768779489438
Lawlor_LPS_Monocyte,cellbridge[shared_top02],202937150118_R04C01,0.5687439886236745,0.4913393305185996
Lawlor_LPS_Monocyte,cellbridge[shared_top02],202937150118_R05C01,0.9413221074796652,0.5523800698363877
Lawlor_LPS_Monocyte,cellbridge[shared_top02],202937150118_R06C01,0.3988884528196292,0.9010427230125283
Lawlor_LPS_Monocyte,cellbridge[shared_top02],202937150118_R07C01,0.23003140810147532,0.46935791606471505
Lawlor_LPS_Monocyte,cellbridge[shared_top02],202937150118_R08C01,0.5105789047984978,0.48831658950234086
Lawlor_LPS_Monocyte,cellbridge[shared_top05],202937150091_R01C01,0.1156985549306909,0.6271327144548439
Lawlor_LPS_Monocyte,cellbridge[shared_top05],202937150091_R02C01,0.7214752283754973,0.7089451446857958
Lawlor_LPS_Monocyte,cellbridge[shared_top05],202937150118_R01C01,0.7210423782135533,0.5881068792325498
Lawlor_LPS_Monocyte,cellbridge[shared_top05],202937150118_R02C01,0.9186843124221775,0.4982533307426532
Lawlor_LPS_Monocyte,cellbridge[shared_top05],202937150118_R03C01,1.2076827505559733,0.8114097568827978
Lawlor_LPS_Monocyte,cellbridge[shared_top05],202937150118_R04C01,0.5140058798401341,0.4884229273445577
Lawlor_LPS_Monocyte,cellbridge[shared_top05],202937150118_R05C01,1.0000223509424124,0.5195486189157593
Lawlor_LPS_Monocyte,cellbridge[shared_top05],202937150118_R06C01,0.4078413277873817,0.9613755253220753
Lawlor_LPS_Monocyte,cellbridge[shared_top05],202937150118_R07C01,0.16733736008434819,0.5218940839734086
Lawlor_LPS_Monocyte,cellbridge[shared_top05],202937150118_R08C01,0.5092903794619983,0.47189863984114355
Lawlor_LPS_Monocyte,cellbridge[shared_top10],202937150091_R01C01,0.1625224038082521,0.6345626414696149
Lawlor_LPS_Monocyte,cellbridge[shared_top10],202937150091_R02C01,0.6971043623671143,0.7192652799134716
Lawlor_LPS_Monocyte,cellbridge[shared_top10],202937150118_R01C01,0.8087801520346363,0.607946740429651
Lawlor_LPS_Monocyte,cellbridge[shared_top10],202937150118_R02C01,0.8260982601951723,0.48965859257526223
Lawlor_LPS_Monocyte,cellbridge[shared_top10],202937150118_R03C01,1.217064532842481,0.845291655963444
Lawlor_LPS_Monocyte,cellbridge[shared_top10],202937150118_R04C01,0.40753511037136164,0.47238111310196207
Lawlor_LPS_Monocyte,cellbridge[shared_top10],202937150118_R05C01,1.2034312669476004,0.4952707720907149
Lawlor_LPS_Monocyte,cellbridge[shared_top10],202937150118_R06C01,0.39886358055271653,1.140421135385721
Lawlor_LPS_Monocyte,cellbridge[shared_top10],202937150118_R07C01,0.1684891303784959,0.5111681625574408
Lawlor_LPS_Monocyte,cellbridge[shared_top10],202937150118_R08C01,0.5054600612196357,0.466943596198888
Lawlor_LPS_Monocyte,cellbridge[per_target_top05],202937150091_R01C01,0.10011788120427845,0.7155007852850476
Lawlor_LPS_Monocyte,cellbridge[per_target_top05],202937150091_R02C01,0.68925821039647,0.7145918949397172
Lawlor_LPS_Monocyte,cellbridge[per_target_top05],202937150118_R01C01,0.48474611493547193,0.670006405472126
Lawlor_LPS_Monocyte,cellbridge[per_target_top05],202937150118_R02C01,0.8796261412373825,0.4744635058061041
Lawlor_LPS_Monocyte,cellbridge[per_target_top05],202937150118_R03C01,1.1644560621119613,0.8772198982739406
Lawlor_LPS_Monocyte,cellbridge[per_target_top05],202937150118_R04C01,0.41869626404078375,0.5518364068434183
Lawlor_LPS_Monocyte,cellbridge[per_target_top05],202937150118_R05C01,1.3294935336579152,0.646381661321416
Lawlor_LPS_Monocyte,cellbridge[per_target_top05],202937150118_R06C01,0.18124047020122125,1.3138590151743146
Lawlor_LPS_Monocyte,cellbridge[per_target_top05],202937150118_R07C01,0.30569051722460616,0.549635412748501
Lawlor_LPS_Monocyte,cellbridge[per_target_top05],202937150118_R08C01,0.5286816527731634,0.5217601603505851
Lawlor_LPS_Monocyte,cellbridge[shared_top05|rna_only],202937150091_R01C01,0.3980803725808871,0.7228393596284965
Lawlor_LPS_Monocyte,cellbridge[shared_top05|rna_only],202937150091_R02C01,0.6802107921949129,0.7324434461773313
Lawlor_LPS_Monocyte,cellbridge[shared_top05|rna_only],202937150118_R01C01,0.9296788693072688,0.6624863827499825
Lawlor_LPS_Monocyte,cellbridge[shared_top05|rna_only],202937150118_R02C01,0.9629656372017414,0.5000248582772606
Lawlor_LPS_Monocyte,cellbridge[shared_top05|rna_only],202937150118_R03C01,1.1781873852302573,0.8865516111335127
Lawlor_LPS_Monocyte,cellbridge[shared_top05|rna_only],202937150118_R04C01,0.27699043223619224,0.5230821392251638
Lawlor_LPS_Monocyte,cellbridge[shared_top05|rna_only],202937150118_R05C01,1.4311097701593918,0.5785089351750587
Lawlor_LPS_Monocyte,cellbridge[shared_top05|rna_only],202937150118_R06C01,0.4539726965506182,1.4141047962985793
Lawlor_LPS_Monocyte,cellbridge[shared_top05|rna_only],202937150118_R07C01,0.28448794004234657,0.40318615796975527
Lawlor_LPS_Monocyte,cellbridge[shared_top05|rna_only],202937150118_R08C01,0.4932445438500519,0.544254872106534
Lawlor_LPS_Monocyte,cellbridge[shared_top05|anchors_required],202937150091_R01C01,0.10123076118204771,0.6432687214538426
Lawlor_LPS_Monocyte,cellbridge[shared_top05|anchors_required],202937150091_R02C01,0.7249738185741096,0.7031997855714924
Lawlor_LPS_Monocyte,cellbridge[shared_top05|anchors_required],202937150118_R01C01,0.7008913218018531,0.5789548385979632
Lawlor_LPS_Monocyte,cellbridge[shared_top05|anchors_required],202937150118_R02C01,0.9648482003838558,0.4966281298094165
Lawlor_LPS_Monocyte,cellbridge[shared_top05|anchors_required],202937150118_R03C01,1.177646145057956,0.7708901893586777
Lawlor_LPS_Monocyte,cellbridge[shared_top05|anchors_required],202937150118_R04C01,0.5675233763630021,0.4916654698902594
Lawlor_LPS_Monocyte,cellbridge[shared_top05|anchors_required],202937150118_R05C01,0.9368987678890727,0.5510796500084082
Lawlor_LPS_Monocyte,cellbridge[shared_top05|anchors_required],202937150118_R06C01,0.3941066660456439,0.8839691008024689
Lawlor_LPS_Monocyte,cellbridge[shared_top05|anchors_required],202937150118_R07C01,0.23176932922353072,0.4707271917167937
Lawlor_LPS_Monocyte,cellbridge[shared_top05|anchors_required],202937150118_R08C01,0.5119053700116597,0.48955704103593395
Lawlor_LPS_Monocyte,cellbridge[shared_top05|rho0],202937150091_R01C01,0.1192525971428089,0.6317704827456898
Lawlor_LPS_Monocyte,cellbridge[shared_top05|rho0],202937150091_R02C01,0.6287869467383055,0.6783175282632277
Lawlor_LPS_Monocyte,cellbridge[shared_top05|rho0],202937150118_R01C01,0.8637047119674913,0.6487069791112292
Lawlor_LPS_Monocyte,cellbridge[shared_top05|rho0],202937150118_R02C01,0.9576189458455299,0.5304263947714695
Lawlor_LPS_Monocyte,cellbridge[shared_top05|rho0],202937150118_R03C01,1.159890810127147,0.7917563753492057
Lawlor_LPS_Monocyte,cellbridge[shared_top05|rho0],202937150118_R04C01,0.5988630130224218,0.4995083504928554
Lawlor_LPS_Monocyte,cellbridge[shared_top05|rho0],202937150118_R05C01,1.1879843821538265,0.5424369629069764
Lawlor_LPS_Monocyte,cellbridge[shared_top05|rho0],202937150118_R06C01,0.4393312337509627,0.998029885136795
Lawlor_LPS_Monocyte,cellbridge[shared_top05|rho0],202937150118_R07C01,0.1399442417698095,0.46071817665262055
Lawlor_LPS_Monocyte,cellbridge[shared_top05|rho0],202937150118_R08C01,0.48412339584208613,0.4601626683026938
Lawlor_LPS_Monocyte,cellbridge[shared_top05|rho_max],202937150091_R01C01,0.12957928033669056,0.644748974011052
Lawlor_LPS_Monocyte,cellbridge[shared_top05|rho_max],202937150091_R02C01,0.7382670861936981,0.7247135325373723
Lawlor_LPS_Monocyte,cellbridge[shared_top05|rho_max],202937150118_R01C01,0.6863515183978411,0.5775212944266562
Lawlor_LPS_Monocyte,cellbridge[shared_top05|rho_max],202937150118_R02C01,0.8081268575960143,0.4956425350125523
Lawlor_LPS_Monocyte,cellbridge[shared_top05|rho_max],202937150118_R03C01,1.2373437053489524,0.7615390472876653
Lawlor_LPS_Monocyte,cellbridge[shared_top05|rho_max],202937150118_R04C01,0.5805054755692183,0.48448594842774007
Lawlor_LPS_Monocyte,cellbridge[shared_top05|rho_max],202937150118_R05C01,1.00712551653809,0.5109339899431127
Lawlor_LPS_Monocyte,cellbridge[shared_top05|rho_max],202937150118_R06C01,0.34009869869209336,0.9986378810963646
Lawlor_LPS_Monocyte,cellbridge[shared_top05|rho_max],202937150118_R07C01,0.11988347542972057,0.49894661420827374
Lawlor_LPS_Monocyte,cellbridge[shared_top05|rho_max],202937150118_R08C01,0.5128054632228735,0.4831437734232914
Lawlor_LPS_Monocyte,cellbridge[shared_top05|no_level],202937150091_R01C01,0.12668874691286522,0.6373113739808426
Lawlor_LPS_Monocyte,cellbridge[shared_top05|no_level],202937150091_R02C01,0.6971487894414612,0.6974021955546028
Lawlor_LPS_Monocyte,cellbridge[shared_top05|no_level],202937150118_R01C01,0.7904966277292829,0.6074346569418848
Lawlor_LPS_Monocyte,cellbridge[shared_top05|no_level],202937150118_R02C01,0.8806453353845233,0.5014301375429802
Lawlor_LPS_Monocyte,cellbridge[shared_top05|no_level],202937150118_R03C01,1.201750148496671,0.7581647244663359
Lawlor_LPS_Monocyte,cellbridge[shared_top05|no_level],202937150118_R04C01,0.5877739992229309,0.4889733896860086
Lawlor_LPS_Monocyte,cellbridge[shared_top05|no_level],202937150118_R05C01,1.080917072227413,0.5186729427939262
Lawlor_LPS_Monocyte,cellbridge[shared_top05|no_level],202937150118_R06C01,0.38296633228670596,0.9977362375257456
Lawlor_LPS_Monocyte,cellbridge[shared_top05|no_level],202937150118_R07C01,0.10039184026564738,0.47605416519866306
Lawlor_LPS_Monocyte,cellbridge[shared_top05|no_level],202937150118_R08C01,0.5005748741720757,0.47154789435346733
Lawlor_LPS_Monocyte,cellbridge[shared_top05|k1],202937150091_R01C01,0.09755776591347445,0.6516593707365328
Lawlor_LPS_Monocyte,cellbridge[shared_top05|k1],202937150091_R02C01,0.717839247928185,0.7019850317929385
Lawlor_LPS_Monocyte,cellbridge[shared_top05|k1],202937150118_R01C01,0.7490926035604206,0.590584451366786
Lawlor_LPS_Monocyte,cellbridge[shared_top05|k1],202937150118_R02C01,0.9585234919742877,0.49244743492789805
Lawlor_LPS_Monocyte,cellbridge[shared_top05|k1],202937150118_R03C01,1.207279380931743,0.7829087987756153
Lawlor_LPS_Monocyte,cellbridge[shared_top05|k1],202937150118_R04C01,0.5864833733926977,0.493547715179232
Lawlor_LPS_Monocyte,cellbridge[shared_top05|k1],202937150118_R05C01,0.9786303205148605,0.5502881917252345
Lawlor_LPS_Monocyte,cellbridge[shared_top05|k1],202937150118_R06C01,0.40027180050692157,0.9382809674127178
Lawlor_LPS_Monocyte,cellbridge[shared_top05|k1],202937150118_R07C01,0.2165580052801187,0.4614441896457347
Lawlor_LPS_Monocyte,cellbridge[shared_top05|k1],202937150118_R08C01,0.5076074554677232,0.48107942947251864
Lawlor_LPS_T,mean,202937150091_R01C01,0.9761323884207799,1.5991173262750276
Lawlor_LPS_T,mean,202937150091_R02C01,1.9022659527452594,1.1003800936466004
Lawlor_LPS_T,mean,202937150118_R01C01,1.7254004859371501,0.8011675592952325
Lawlor_LPS_T,mean,202937150118_R02C01,0.741934257620552,1.0811151730539463
Lawlor_LPS_T,mean,202937150118_R03C01,0.656687342764168,0.778303059740556
Lawlor_LPS_T,mean,202937150118_R04C01,0.35631720285238844,0.740834030593026
Lawlor_LPS_T,mean,202937150118_R05C01,0.742701389720895,0.6686856298410859
Lawlor_LPS_T,mean,202937150118_R06C01,0.9139824951377069,0.902724491275325
Lawlor_LPS_T,mean,202937150118_R07C01,1.3806368421763715,1.3597887483478885
Lawlor_LPS_T,mean,202937150118_R08C01,0.5317918641189596,0.8589334474672464
Lawlor_LPS_T,rna_ridge,202937150091_R01C01,0.967987048067349,1.570128125145263
Lawlor_LPS_T,rna_ridge,202937150091_R02C01,1.8046006733170583,1.0752215194372443
Lawlor_LPS_T,rna_ridge,202937150118_R01C01,1.656350019417986,0.7892261039129822
Lawlor_LPS_T,rna_ridge,202937150118_R02C01,0.7071391512243692,1.0615519856927453
Lawlor_LPS_T,rna_ridge,202937150118_R03C01,0.7102661892335258,0.7807823814560753
Lawlor_LPS_T,rna_ridge,202937150118_R04C01,0.405864114635487,0.730891722088132
Lawlor_LPS_T,rna_ridge,202937150118_R05C01,0.718509690506,0.6894118458489562
Lawlor_LPS_T,rna_ridge,202937150118_R06C01,0.877312796204289,0.8858443516502633
Lawlor_LPS_T,rna_ridge,202937150118_R07C01,1.3038858066561474,1.361696050592811
Lawlor_LPS_T,rna_ridge,202937150118_R08C01,0.4725501815779086,0.8920930395817283
Lawlor_LPS_T,joint_ridge,202937150091_R01C01,0.9653851514773666,1.5670436686901037
Lawlor_LPS_T,joint_ridge,202937150091_R02C01,1.8006309999577812,1.072906435150269
Lawlor_LPS_T,joint_ridge,202937150118_R01C01,1.6239775684965905,0.7869158575489045
Lawlor_LPS_T,joint_ridge,202937150118_R02C01,0.7075070340866194,1.0613048367035953
Lawlor_LPS_T,joint_ridge,202937150118_R03C01,0.7154221331543967,0.7817020135043099
Lawlor_LPS_T,joint_ridge,202937150118_R04C01,0.4007742510232146,0.7287645155057653
Lawlor_LPS_T,joint_ridge,202937150118_R05C01,0.7147100990381596,0.6873378629295852
Lawlor_LPS_T,joint_ridge,202937150118_R06C01,0.8766850523386922,0.8858243379829247
Lawlor_LPS_T,joint_ridge,202937150118_R07C01,1.3052512146245447,1.3602458997910332
Lawlor_LPS_T,joint_ridge,202937150118_R08C01,0.4737931701937786,0.8932926867577489
Lawlor_LPS_T,v040_abundance_shrinkage,202937150091_R01C01,1.0449666307725987,1.555022928736896
Lawlor_LPS_T,v040_abundance_shrinkage,202937150091_R02C01,1.2777333429369215,1.001246788831206
Lawlor_LPS_T,v040_abundance_shrinkage,202937150118_R01C01,1.8598980993341068,0.850618707908304
Lawlor_LPS_T,v040_abundance_shrinkage,202937150118_R02C01,0.7137242554646744,1.0249229003115365
Lawlor_LPS_T,v040_abundance_shrinkage,202937150118_R03C01,0.7089765163912193,0.7972798433880514
Lawlor_LPS_T,v040_abundance_shrinkage,202937150118_R04C01,0.07469658744566372,0.6491076348289263
Lawlor_LPS_T,v040_abundance_shrinkage,202937150118_R05C01,0.46021919189573396,0.5871208755188418
Lawlor_LPS_T,v040_abundance_shrinkage,202937150118_R06C01,0.9608937909711995,0.857372489683717
Lawlor_LPS_T,v040_abundance_shrinkage,202937150118_R07C01,1.2039135186415284,1.237405817685408
Lawlor_LPS_T,v040_abundance_shrinkage,202937150118_R08C01,0.43429489648994213,0.9523455105512535
Lawlor_LPS_T,cellbridge[per_target],202937150091_R01C01,0.9517762634202905,1.2320149206625137
Lawlor_LPS_T,cellbridge[per_target],202937150091_R02C01,1.5047389260474997,0.9553571326526041
Lawlor_LPS_T,cellbridge[per_target],202937150118_R01C01,1.4325015541730555,0.8210160436137098
Lawlor_LPS_T,cellbridge[per_target],202937150118_R02C01,0.5380010956318225,0.9913807991057842
Lawlor_LPS_T,cellbridge[per_target],202937150118_R03C01,1.1463130063615568,0.8585731183290591
Lawlor_LPS_T,cellbridge[per_target],202937150118_R04C01,0.3449437827693496,0.6986628390858166
Lawlor_LPS_T,cellbridge[per_target],202937150118_R05C01,0.6483796961915367,0.6926259271859571
Lawlor_LPS_T,cellbridge[per_target],202937150118_R06C01,0.7307688994192314,1.0166710938307881
Lawlor_LPS_T,cellbridge[per_target],202937150118_R07C01,0.982916843701187,1.2107171880650254
Lawlor_LPS_T,cellbridge[per_target],202937150118_R08C01,0.25626095267233845,0.8484491442031843
Lawlor_LPS_T,cellbridge[shared],202937150091_R01C01,1.0900424448502324,1.359751208753285
Lawlor_LPS_T,cellbridge[shared],202937150091_R02C01,1.3937192302942867,0.9562610864134642
Lawlor_LPS_T,cellbridge[shared],202937150118_R01C01,1.3540611415373924,0.8506538114070724
Lawlor_LPS_T,cellbridge[shared],202937150118_R02C01,0.3758975409317365,0.9833700753485036
Lawlor_LPS_T,cellbridge[shared],202937150118_R03C01,0.8598567160711483,0.8156156010766392
Lawlor_LPS_T,cellbridge[shared],202937150118_R04C01,0.1675425509282718,0.5959491043314488
Lawlor_LPS_T,cellbridge[shared],202937150118_R05C01,0.5414726052630758,0.5620502921696647
Lawlor_LPS_T,cellbridge[shared],202937150118_R06C01,0.8400185317821149,0.8916094675406475
Lawlor_LPS_T,cellbridge[shared],202937150118_R07C01,0.9468150078776049,1.1632473970941986
Lawlor_LPS_T,cellbridge[shared],202937150118_R08C01,0.23566960802707346,0.7863934363649063
Lawlor_LPS_T,cellbridge[shared_top01],202937150091_R01C01,1.0512961333481974,1.3291650188828823
Lawlor_LPS_T,cellbridge[shared_top01],202937150091_R02C01,1.3969224833307234,0.956895788480574
Lawlor_LPS_T,cellbridge[shared_top01],202937150118_R01C01,1.3771438867062393,0.8349312157725743
Lawlor_LPS_T,cellbridge[shared_top01],202937150118_R02C01,0.37876355866823425,0.9796693378128993
Lawlor_LPS_T,cellbridge[shared_top01],202937150118_R03C01,0.8579165478703348,0.8066891842710109
Lawlor_LPS_T,cellbridge[shared_top01],202937150118_R04C01,0.16744495321476152,0.6025517257313515
Lawlor_LPS_T,cellbridge[shared_top01],202937150118_R05C01,0.5570928737879878,0.5704136969863259
Lawlor_LPS_T,cellbridge[shared_top01],202937150118_R06C01,0.8461611354392686,0.883267085153551
Lawlor_LPS_T,cellbridge[shared_top01],202937150118_R07C01,0.8831148893895486,1.1360865276485002
Lawlor_LPS_T,cellbridge[shared_top01],202937150118_R08C01,0.2201232397836509,0.8061576325547218
Lawlor_LPS_T,cellbridge[shared_top02],202937150091_R01C01,1.0472776165951179,1.313363024917348
Lawlor_LPS_T,cellbridge[shared_top02],202937150091_R02C01,1.3710172883873637,0.9336187013985991
Lawlor_LPS_T,cellbridge[shared_top02],202937150118_R01C01,1.3681018124035915,0.8403184913234045
Lawlor_LPS_T,cellbridge[shared_top02],202937150118_R02C01,0.37019459760826656,0.9744624993388881
Lawlor_LPS_T,cellbridge[shared_top02],202937150118_R03C01,0.8557907647922062,0.7945076444105427
Lawlor_LPS_T,cellbridge[shared_top02],202937150118_R04C01,0.15708133871028762,0.5993136331939831
Lawlor_LPS_T,cellbridge[shared_top02],202937150118_R05C01,0.5724525067459647,0.5768148843672605
Lawlor_LPS_T,cellbridge[shared_top02],202937150118_R06C01,0.8459995849991999,0.8792398125473389
Lawlor_LPS_T,cellbridge[shared_top02],202937150118_R07C01,0.904718925382018,1.1477178254500364
Lawlor_LPS_T,cellbridge[shared_top02],202937150118_R08C01,0.22214120373449617,0.8078906996359915
Lawlor_LPS_T,cellbridge[shared_top05],202937150091_R01C01,1.0543164309837931,1.318926467553572
Lawlor_LPS_T,cellbridge[shared_top05],202937150091_R02C01,1.3515517117370988,0.9103563119198553
Lawlor_LPS_T,cellbridge[shared_top05],202937150118_R01C01,1.395264357052021,0.8132659745076448
Lawlor_LPS_T,cellbridge[shared_top05],202937150118_R02C01,0.36802368590326123,0.9795524566587422
Lawlor_LPS_T,cellbridge[shared_top05],202937150118_R03C01,0.8331453105930515,0.7902277244221867
Lawlor_LPS_T,cellbridge[shared_top05],202937150118_R04C01,0.15501969191149761,0.598396350137772
Lawlor_LPS_T,cellbridge[shared_top05],202937150118_R05C01,0.5709839881691597,0.5834801666520587
Lawlor_LPS_T,cellbridge[shared_top05],202937150118_R06C01,0.8369773424085938,0.870901992780835
Lawlor_LPS_T,cellbridge[shared_top05],202937150118_R07C01,0.9345613947727608,1.1674758243307648
Lawlor_LPS_T,cellbridge[shared_top05],202937150118_R08C01,0.22707284218706583,0.8047224885691092
Lawlor_LPS_T,cellbridge[shared_top10],202937150091_R01C01,1.061291919035575,1.3366055237989158
Lawlor_LPS_T,cellbridge[shared_top10],202937150091_R02C01,1.3915104834621939,0.9054347131439766
Lawlor_LPS_T,cellbridge[shared_top10],202937150118_R01C01,1.426237513161328,0.8072197326102192
Lawlor_LPS_T,cellbridge[shared_top10],202937150118_R02C01,0.357350977892591,0.979534529538874
Lawlor_LPS_T,cellbridge[shared_top10],202937150118_R03C01,0.8227783445151742,0.788351525930316
Lawlor_LPS_T,cellbridge[shared_top10],202937150118_R04C01,0.22074672475470877,0.6070134456500783
Lawlor_LPS_T,cellbridge[shared_top10],202937150118_R05C01,0.5748685964204824,0.5942180565666632
Lawlor_LPS_T,cellbridge[shared_top10],202937150118_R06C01,0.8281617487862534,0.8638602884412329
Lawlor_LPS_T,cellbridge[shared_top10],202937150118_R07C01,0.9494474867507343,1.1749563772419591
Lawlor_LPS_T,cellbridge[shared_top10],202937150118_R08C01,0.24104683952647457,0.8118467816887615
Lawlor_LPS_T,cellbridge[per_target_top05],202937150091_R01C01,0.990110738879873,1.325436340051287
Lawlor_LPS_T,cellbridge[per_target_top05],202937150091_R02C01,1.597423739127635,0.9590441564473656
Lawlor_LPS_T,cellbridge[per_target_top05],202937150118_R01C01,1.4678589454500395,0.8168669989229974
Lawlor_LPS_T,cellbridge[per_target_top05],202937150118_R02C01,0.4855577491132993,0.9726579546857094
Lawlor_LPS_T,cellbridge[per_target_top05],202937150118_R03C01,0.9632089576888165,0.797295194701597
Lawlor_LPS_T,cellbridge[per_target_top05],202937150118_R04C01,0.30747910090733865,0.5918940068253765
Lawlor_LPS_T,cellbridge[per_target_top05],202937150118_R05C01,0.6382772327651277,0.6490223234768713
Lawlor_LPS_T,cellbridge[per_target_top05],202937150118_R06C01,0.7843477477242726,0.9586511667855883
Lawlor_LPS_T,cellbridge[per_target_top05],202937150118_R07C01,0.8946222498080909,1.156757910568388
Lawlor_LPS_T,cellbridge[per_target_top05],202937150118_R08C01,0.2232022198545699,0.7819826188374047
Lawlor_LPS_T,cellbridge[shared_top05|rna_only],202937150091_R01C01,1.048678237722638,1.3227350799983881
Lawlor_LPS_T,cellbridge[shared_top05|rna_only],202937150091_R02C01,1.3469753410304062,0.90974767965414
Lawlor_LPS_T,cellbridge[shared_top05|rna_only],202937150118_R01C01,1.402684326000476,0.8338392783783317
Lawlor_LPS_T,cellbridge[shared_top05|rna_only],202937150118_R02C01,0.3738388236023511,0.9852322049198179
Lawlor_LPS_T,cellbridge[shared_top05|rna_only],202937150118_R03C01,0.8293131335136312,0.7935532042985214
Lawlor_LPS_T,cellbridge[shared_top05|rna_only],202937150118_R04C01,0.15865099883952197,0.6101899759829125
Lawlor_LPS_T,cellbridge[shared_top05|rna_only],202937150118_R05C01,0.5811819204782008,0.5846062175671428
Lawlor_LPS_T,cellbridge[shared_top05|rna_only],202937150118_R06C01,0.8380212704406125,0.8753051832466784
Lawlor_LPS_T,cellbridge[shared_top05|rna_only],202937150118_R07C01,0.9645674555985011,1.1782037939984682
Lawlor_LPS_T,cellbridge[shared_top05|rna_only],202937150118_R08C01,0.21109865342990092,0.8047410439347304
Lawlor_LPS_T,cellbridge[shared_top05|anchors_required],202937150091_R01C01,1.0592361038071592,1.3200725139196832
Lawlor_LPS_T,cellbridge[shared_top05|anchors_required],202937150091_R02C01,1.3607012703966308,0.9134588130787995
Lawlor_LPS_T,cellbridge[shared_top05|anchors_required],202937150118_R01C01,1.3869897791416068,0.8028261615682957
Lawlor_LPS_T,cellbridge[shared_top05|anchors_required],202937150118_R02C01,0.3637213918066723,0.9753717812287955
Lawlor_LPS_T,cellbridge[shared_top05|anchors_required],202937150118_R03C01,0.8338891441228387,0.794077189678115
Lawlor_LPS_T,cellbridge[shared_top05|anchors_required],202937150118_R04C01,0.16788468247369376,0.5941054993617482
Lawlor_LPS_T,cellbridge[shared_top05|anchors_required],202937150118_R05C01,0.5665956576862996,0.5819626451208102
Lawlor_LPS_T,cellbridge[shared_top05|anchors_required],202937150118_R06C01,0.8398139813082348,0.870945709000806
Lawlor_LPS_T,cellbridge[shared_top05|anchors_required],202937150118_R07C01,0.9120362462812054,1.1589769189390575
Lawlor_LPS_T,cellbridge[shared_top05|anchors_required],202937150118_R08C01,0.23624700058229386,0.8050199807421244
Lawlor_LPS_T,cellbridge[shared_top05|rho0],202937150091_R01C01,1.037023343101861,1.2974832298228713
Lawlor_LPS_T,cellbridge[shared_top05|rho0],202937150091_R02C01,1.3570132258608165,0.918110408623474
Lawlor_LPS_T,cellbridge[shared_top05|rho0],202937150118_R01C01,1.4463687194073251,0.8006685868789624
Lawlor_LPS_T,cellbridge[shared_top05|rho0],202937150118_R02C01,0.36733925826199254,0.969540132827124
Lawlor_LPS_T,cellbridge[shared_top05|rho0],202937150118_R03C01,0.8696400526155916,0.7987359151464316
Lawlor_LPS_T,cellbridge[shared_top05|rho0],202937150118_R04C01,0.20276343257551732,0.6019787210472946
Lawlor_LPS_T,cellbridge[shared_top05|rho0],202937150118_R05C01,0.6043766379154518,0.5684268735768655
Lawlor_LPS_T,cellbridge[shared_top05|rho0],202937150118_R06C01,0.8759547168607533,0.8995340845360723
Lawlor_LPS_T,cellbridge[shared_top05|rho0],202937150118_R07C01,0.9251987910129558,1.1356111356520422
Lawlor_LPS_T,cellbridge[shared_top05|rho0],202937150118_R08C01,0.21767384860025318,0.7684593491671
Lawlor_LPS_T,cellbridge[shared_top05|rho_max],202937150091_R01C01,1.0718902655406213,1.3197905719325032
Lawlor_LPS_T,cellbridge[shared_top05|rho_max],202937150091_R02C01,1.2199863496089618,0.8659814193114639
Lawlor_LPS_T,cellbridge[shared_top05|rho_max],202937150118_R01C01,1.4008116778850581,0.7875203523981701
Lawlor_LPS_T,cellbridge[shared_top05|rho_max],202937150118_R02C01,0.37781903967690633,0.9424757514513509
Lawlor_LPS_T,cellbridge[shared_top05|rho_max],202937150118_R03C01,0.8539478260344864,0.8048380365249426
Lawlor_LPS_T,cellbridge[shared_top05|rho_max],202937150118_R04C01,0.1890566308427269,0.6035269758870271
Lawlor_LPS_T,cellbridge[shared_top05|rho_max],202937150118_R05C01,0.5448363154187615,0.5895487959065988
Lawlor_LPS_T,cellbridge[shared_top05|rho_max],202937150118_R06C01,0.8414072157719028,0.8958472696133177
Lawlor_LPS_T,cellbridge[shared_top05|rho_max],202937150118_R07C01,0.8447728626358202,1.1547620728310202
Lawlor_LPS_T,cellbridge[shared_top05|rho_max],202937150118_R08C01,0.26788614660463383,0.8200440312897431
Lawlor_LPS_T,cellbridge[shared_top05|no_level],202937150091_R01C01,1.0479463969020486,1.31538790086641
Lawlor_LPS_T,cellbridge[shared_top05|no_level],202937150091_R02C01,1.3358534192025706,0.910925254528962
Lawlor_LPS_T,cellbridge[shared_top05|no_level],202937150118_R01C01,1.4202128907516551,0.7950253325930976
Lawlor_LPS_T,cellbridge[shared_top05|no_level],202937150118_R02C01,0.38285955467046884,0.9602872060888051
Lawlor_LPS_T,cellbridge[shared_top05|no_level],202937150118_R03C01,0.8661724755606968,0.8020890759010676
Lawlor_LPS_T,cellbridge[shared_top05|no_level],202937150118_R04C01,0.2125110665557271,0.6076699686328192
Lawlor_LPS_T,cellbridge[shared_top05|no_level],202937150118_R05C01,0.5697652516154917,0.573578920432256
Lawlor_LPS_T,cellbridge[shared_top05|no_level],202937150118_R06C01,0.8593478563315987,0.8965342263313046
Lawlor_LPS_T,cellbridge[shared_top05|no_level],202937150118_R07C01,0.8810723364327593,1.1393791738329953
Lawlor_LPS_T,cellbridge[shared_top05|no_level],202937150118_R08C01,0.2224595561144011,0.7943615438401025
Lawlor_LPS_T,cellbridge[shared_top05|k1],202937150091_R01C01,1.0344790041150913,1.2440014062490297
Lawlor_LPS_T,cellbridge[shared_top05|k1],202937150091_R02C01,1.412091535862117,0.9667924691065503
Lawlor_LPS_T,cellbridge[shared_top05|k1],202937150118_R01C01,1.6145676118749308,0.7574762444334544
Lawlor_LPS_T,cellbridge[shared_top05|k1],202937150118_R02C01,0.4145637377402823,0.9910903107002498
Lawlor_LPS_T,cellbridge[shared_top05|k1],202937150118_R03C01,0.8616251634028036,0.803332821597686
Lawlor_LPS_T,cellbridge[shared_top05|k1],202937150118_R04C01,0.17687601801694552,0.6112068873931397
Lawlor_LPS_T,cellbridge[shared_top05|k1],202937150118_R05C01,0.6701391391017041,0.6119697115800548
Lawlor_LPS_T,cellbridge[shared_top05|k1],202937150118_R06C01,0.8241144595593323,0.8669188943214559
Lawlor_LPS_T,cellbridge[shared_top05|k1],202937150118_R07C01,0.8485486405920791,1.1412564001638106
Lawlor_LPS_T,cellbridge[shared_top05|k1],202937150118_R08C01,0.21861608779925573,0.8015181431822513
