task,method,donor,primary,all
GSE334503_train_T,mean,Donor001,0.39423133186112447,0.4352888881679709
GSE334503_train_T,mean,Donor005,0.9851715266102702,1.2321289341860746
GSE334503_train_T,mean,Donor011,0.23749180459514424,0.23137707750225958
GSE334503_train_T,mean,Donor015,1.4453265466702216,0.9925237531101575
GSE334503_train_T,mean,Donor017,0.7649708479269731,0.6995372115994705
GSE334503_train_T,mean,Donor022,0.22475445366053784,0.5263254171940684
GSE334503_train_T,mean,Donor024,0.4875179628614872,0.662203648770369
GSE334503_train_T,mean,Donor028,3.007329363698096,2.3368383848064704
GSE334503_train_T,mean,Donor037,0.38091376992818504,0.5012880471289528
GSE334503_train_T,mean,Donor041,1.3416075096319515,1.441660198983543
GSE334503_train_T,mean,Donor051,1.163460639032564,1.4222386290049627
GSE334503_train_T,rna_ridge,Donor001,0.39762364995278004,0.5322120510547526
GSE334503_train_T,rna_ridge,Donor005,0.47178339278290643,0.8887395127499806
GSE334503_train_T,rna_ridge,Donor011,0.11983849041170991,0.37827604440019313
GSE334503_train_T,rna_ridge,Donor015,0.7622629411675427,0.5394901233495881
GSE334503_train_T,rna_ridge,Donor017,0.41686429144363557,0.43681306240241524
GSE334503_train_T,rna_ridge,Donor022,0.2509121499895683,0.3122462209889816
GSE334503_train_T,rna_ridge,Donor024,0.7367698838071598,0.36844778427258756
GSE334503_train_T,rna_ridge,Donor028,2.7586848587549637,2.1058319160690893
GSE334503_train_T,rna_ridge,Donor037,0.561738950708828,0.7832967535094791
GSE334503_train_T,rna_ridge,Donor041,1.4290440390752397,1.4144606258591548
GSE334503_train_T,rna_ridge,Donor051,1.1710525879655198,1.3280095514863834
GSE334503_train_T,joint_ridge,Donor001,0.37154379153262096,0.5172197144588391
GSE334503_train_T,joint_ridge,Donor005,0.47307367410684814,0.882825413103102
GSE334503_train_T,joint_ridge,Donor011,0.11865960416171314,0.37200280303135436
GSE334503_train_T,joint_ridge,Donor015,0.7006673084579361,0.498395786115451
GSE334503_train_T,joint_ridge,Donor017,0.412527667250034,0.4349695194080894
GSE334503_train_T,joint_ridge,Donor022,0.23838186478570714,0.3085642011320798
GSE334503_train_T,joint_ridge,Donor024,0.7187316359712549,0.3615134625830156
GSE334503_train_T,joint_ridge,Donor028,2.6989449721103744,2.054757687369072
GSE334503_train_T,joint_ridge,Donor037,0.5330716122093344,0.7636393260034005
GSE334503_train_T,joint_ridge,Donor041,1.376409638862397,1.3712322275073763
GSE334503_train_T,joint_ridge,Donor051,1.0975057657755405,1.2680390564774293
GSE334503_train_T,v040_abundance_shrinkage,Donor001,0.44709926363576064,0.35282398355130595
GSE334503_train_T,v040_abundance_shrinkage,Donor005,0.4470368570863544,0.5631913477021212
GSE334503_train_T,v040_abundance_shrinkage,Donor011,0.26211376127282193,0.2602885265121278
GSE334503_train_T,v040_abundance_shrinkage,Donor015,0.10837433529618876,0.38806320235362773
GSE334503_train_T,v040_abundance_shrinkage,Donor017,0.4642628603597822,0.38488707522219817
GSE334503_train_T,v040_abundance_shrinkage,Donor022,0.057288672816633655,0.2927171899690873
GSE334503_train_T,v040_abundance_shrinkage,Donor024,0.5401494055752283,0.47916135522270614
GSE334503_train_T,v040_abundance_shrinkage,Donor028,0.557141442885841,0.6201657357793211
GSE334503_train_T,v040_abundance_shrinkage,Donor037,0.24087640454678289,0.5068704175161658
GSE334503_train_T,v040_abundance_shrinkage,Donor041,0.45457561469388696,0.5280143318370589
GSE334503_train_T,v040_abundance_shrinkage,Donor051,0.4018377470856509,0.4638246952955657
GSE334503_train_T,cellbridge[per_target],Donor001,0.18440181153199256,0.29693794109641203
GSE334503_train_T,cellbridge[per_target],Donor005,0.49360766036492304,0.5782676513418679
GSE334503_train_T,cellbridge[per_target],Donor011,0.13749629215197057,0.30796240361884814
GSE334503_train_T,cellbridge[per_target],Donor015,0.2142483218225646,0.4402269296813028
GSE334503_train_T,cellbridge[per_target],Donor017,0.3331661236080334,0.3250009951634802
GSE334503_train_T,cellbridge[per_target],Donor022,0.11054841246831945,0.3213125740610123
GSE334503_train_T,cellbridge[per_target],Donor024,0.4180659273583082,0.3815986736047537
GSE334503_train_T,cellbridge[per_target],Donor028,1.0379011746556164,0.8128319215710079
GSE334503_train_T,cellbridge[per_target],Donor037,0.1431895216218585,0.4831593652999263
GSE334503_train_T,cellbridge[per_target],Donor041,0.7037260718169778,0.6070905443718286
GSE334503_train_T,cellbridge[per_target],Donor051,0.508596089569807,0.6963362947048218
GSE334503_train_T,cellbridge[shared],Donor001,0.12708939207592848,0.30158072282305626
GSE334503_train_T,cellbridge[shared],Donor005,0.46046903444645537,0.5636770034310872
GSE334503_train_T,cellbridge[shared],Donor011,0.08490029301825278,0.23072308490857527
GSE334503_train_T,cellbridge[shared],Donor015,0.38966577368660604,0.4245268674119471
GSE334503_train_T,cellbridge[shared],Donor017,0.49574216803855253,0.28866862696345785
GSE334503_train_T,cellbridge[shared],Donor022,0.1703384284681793,0.30630559851578204
GSE334503_train_T,cellbridge[shared],Donor024,0.3224028000304437,0.36192736655806423
GSE334503_train_T,cellbridge[shared],Donor028,1.1045352734916833,0.6801051676241912
GSE334503_train_T,cellbridge[shared],Donor037,0.29421858833135484,0.47615315851438483
GSE334503_train_T,cellbridge[shared],Donor041,0.7027254914186021,0.5561870620880731
GSE334503_train_T,cellbridge[shared],Donor051,0.30850711646518164,0.6211733519075656
GSE334503_train_T,cellbridge[shared_top01],Donor001,0.14390881921624038,0.2957967542131758
GSE334503_train_T,cellbridge[shared_top01],Donor005,0.4676196232918363,0.5587772666043916
GSE334503_train_T,cellbridge[shared_top01],Donor011,0.03310315452052797,0.23262398953867072
GSE334503_train_T,cellbridge[shared_top01],Donor015,0.394189272204989,0.42770729539845004
GSE334503_train_T,cellbridge[shared_top01],Donor017,0.47866193128512713,0.2877291568793609
GSE334503_train_T,cellbridge[shared_top01],Donor022,0.18918321199637272,0.3055730208830905
GSE334503_train_T,cellbridge[shared_top01],Donor024,0.31207463431701266,0.35443918162594884
GSE334503_train_T,cellbridge[shared_top01],Donor028,1.1275058208611037,0.7010884045986593
GSE334503_train_T,cellbridge[shared_top01],Donor037,0.27313022744454934,0.4776703447800155
GSE334503_train_T,cellbridge[shared_top01],Donor041,0.7118168148100791,0.5728287995816618
GSE334503_train_T,cellbridge[shared_top01],Donor051,0.28566282474226723,0.6138798551064915
GSE334503_train_T,cellbridge[shared_top02],Donor001,0.1548816832624199,0.292245513630338
GSE334503_train_T,cellbridge[shared_top02],Donor005,0.4720134605686198,0.5581173769805186
GSE334503_train_T,cellbridge[shared_top02],Donor011,0.04632216974484526,0.24011668698107808
GSE334503_train_T,cellbridge[shared_top02],Donor015,0.3714670246148531,0.438388818291304
GSE334503_train_T,cellbridge[shared_top02],Donor017,0.4694317314417541,0.284810268444932
GSE334503_train_T,cellbridge[shared_top02],Donor022,0.21100588148998645,0.3060843113738619
GSE334503_train_T,cellbridge[shared_top02],Donor024,0.30323822923915067,0.3504705925204648
GSE334503_train_T,cellbridge[shared_top02],Donor028,1.1042370386381073,0.697827103956845
GSE334503_train_T,cellbridge[shared_top02],Donor037,0.26399036487295235,0.4808901513014812
GSE334503_train_T,cellbridge[shared_top02],Donor041,0.726204191318838,0.5904423777381678
GSE334503_train_T,cellbridge[shared_top02],Donor051,0.3275512247325427,0.6196881220288732
GSE334503_train_T,cellbridge[shared_top05],Donor001,0.15710817913477648,0.2771228756765336
GSE334503_train_T,cellbridge[shared_top05],Donor005,0.4828341777709171,0.5698956923913031
GSE334503_train_T,cellbridge[shared_top05],Donor011,0.05435968109885496,0.260386121105001
GSE334503_train_T,cellbridge[shared_top05],Donor015,0.3011801312550261,0.4401980186531738
GSE334503_train_T,cellbridge[shared_top05],Donor017,0.42169115414531616,0.28255402199382434
GSE334503_train_T,cellbridge[shared_top05],Donor022,0.20584740800000273,0.30347624497325165
GSE334503_train_T,cellbridge[shared_top05],Donor024,0.32352815855306605,0.3504085218354469
GSE334503_train_T,cellbridge[shared_top05],Donor028,1.0876310940915386,0.7254901054596639
GSE334503_train_T,cellbridge[shared_top05],Donor037,0.21681047265126832,0.48429477792375886
GSE334503_train_T,cellbridge[shared_top05],Donor041,0.7021009103512764,0.6009248757549528
GSE334503_train_T,cellbridge[shared_top05],Donor051,0.37562299144372313,0.6350248628266173
GSE334503_train_T,cellbridge[shared_top10],Donor001,0.18305413686687844,0.281260493719195
GSE334503_train_T,cellbridge[shared_top10],Donor005,0.5071955121608019,0.6137251385016326
GSE334503_train_T,cellbridge[shared_top10],Donor011,0.08840049657903247,0.269084332914702
GSE334503_train_T,cellbridge[shared_top10],Donor015,0.36915742444024396,0.4319845583768692
GSE334503_train_T,cellbridge[shared_top10],Donor017,0.42188174964033687,0.2956246587759017
GSE334503_train_T,cellbridge[shared_top10],Donor022,0.22365789320613494,0.3031840652764447
GSE334503_train_T,cellbridge[shared_top10],Donor024,0.33947744264037255,0.36615446888026343
GSE334503_train_T,cellbridge[shared_top10],Donor028,1.2404183591190967,0.8496482678859132
GSE334503_train_T,cellbridge[shared_top10],Donor037,0.26543885288201585,0.49747015726879623
GSE334503_train_T,cellbridge[shared_top10],Donor041,0.8072260842443185,0.6664080307276007
GSE334503_train_T,cellbridge[shared_top10],Donor051,0.46469990962695285,0.6896754145074484
GSE334503_train_T,cellbridge[per_target_top05],Donor001,0.17698059049009968,0.29393594430216846
GSE334503_train_T,cellbridge[per_target_top05],Donor005,0.49822947504307435,0.5656390792297888
GSE334503_train_T,cellbridge[per_target_top05],Donor011,0.04759357086407392,0.27575374200923547
GSE334503_train_T,cellbridge[per_target_top05],Donor015,0.27012413440050176,0.4259580875457392
GSE334503_train_T,cellbridge[per_target_top05],Donor017,0.3945349558395328,0.30603541027764336
GSE334503_train_T,cellbridge[per_target_top05],Donor022,0.19734508524062477,0.3058126111528699
GSE334503_train_T,cellbridge[per_target_top05],Donor024,0.3424655890614193,0.34523418604442097
GSE334503_train_T,cellbridge[per_target_top05],Donor028,1.07374459009979,0.8559502344215864
GSE334503_train_T,cellbridge[per_target_top05],Donor037,0.22444989104507643,0.48143733575543113
GSE334503_train_T,cellbridge[per_target_top05],Donor041,0.7262570655201774,0.6572470553900066
GSE334503_train_T,cellbridge[per_target_top05],Donor051,0.49905942571015566,0.6902536899290471
GSE334503_train_T,cellbridge[shared_top05|rna_only],Donor001,0.3084643554720329,0.4704551511564614
GSE334503_train_T,cellbridge[shared_top05|rna_only],Donor005,0.8264209889641114,1.0587314572304312
GSE334503_train_T,cellbridge[shared_top05|rna_only],Donor011,0.0502322604946497,0.2354754482988374
GSE334503_train_T,cellbridge[shared_top05|rna_only],Donor015,1.4400198536925468,0.8937385385824209
GSE334503_train_T,cellbridge[shared_top05|rna_only],Donor017,0.5350972566520815,0.3431748511730422
GSE334503_train_T,cellbridge[shared_top05|rna_only],Donor022,0.32894330262016747,0.29882478119383793
GSE334503_train_T,cellbridge[shared_top05|rna_only],Donor024,0.2909919973460955,0.4248763367601711
GSE334503_train_T,cellbridge[shared_top05|rna_only],Donor028,2.467104464377309,1.859901583741654
GSE334503_train_T,cellbridge[shared_top05|rna_only],Donor037,0.5905003286197104,0.7173722656913487
GSE334503_train_T,cellbridge[shared_top05|rna_only],Donor041,1.3427349985303534,1.1429830136567694
GSE334503_train_T,cellbridge[shared_top05|rna_only],Donor051,1.1190702567195523,1.310001576305075
GSE334503_train_T,cellbridge[shared_top05|anchors_required],Donor001,0.16166512991347887,0.28804616054017645
GSE334503_train_T,cellbridge[shared_top05|anchors_required],Donor005,0.47521280791035103,0.5592875486629623
GSE334503_train_T,cellbridge[shared_top05|anchors_required],Donor011,0.050223244143444076,0.24655486111398991
GSE334503_train_T,cellbridge[shared_top05|anchors_required],Donor015,0.3383327769473969,0.4418065563845967
GSE334503_train_T,cellbridge[shared_top05|anchors_required],Donor017,0.4617425765322621,0.28444377024938433
GSE334503_train_T,cellbridge[shared_top05|anchors_required],Donor022,0.215079327313673,0.30609372657727374
GSE334503_train_T,cellbridge[shared_top05|anchors_required],Donor024,0.31066683953728425,0.3485794687145374
GSE334503_train_T,cellbridge[shared_top05|anchors_required],Donor028,1.1159059429570077,0.7093190371552082
GSE334503_train_T,cellbridge[shared_top05|anchors_required],Donor037,0.24799568271184447,0.48020383654882304
GSE334503_train_T,cellbridge[shared_top05|anchors_required],Donor041,0.6979613092731403,0.5814344809497358
GSE334503_train_T,cellbridge[shared_top05|anchors_required],Donor051,0.33495044758206094,0.6188922137645337
GSE334503_train_T,cellbridge[shared_top05|rho0],Donor001,0.16496075218793352,0.3077459704910157
GSE334503_train_T,cellbridge[shared_top05|rho0],Donor005,0.4709181841997466,0.5724341220131329
GSE334503_train_T,cellbridge[shared_top05|rho0],Donor011,0.04963309812334801,0.23493898580178718
GSE334503_train_T,cellbridge[shared_top05|rho0],Donor015,0.4839303833793958,0.4306228524880536
GSE334503_train_T,cellbridge[shared_top05|rho0],Donor017,0.5124861878296694,0.30028065588898323
GSE334503_train_T,cellbridge[shared_top05|rho0],Donor022,0.2560606319269654,0.311552578336277
GSE334503_train_T,cellbridge[shared_top05|rho0],Donor024,0.258071559785852,0.3683100305673884
GSE334503_train_T,cellbridge[shared_top05|rho0],Donor028,1.199281400689248,0.7403287262628977
GSE334503_train_T,cellbridge[shared_top05|rho0],Donor037,0.302079882071555,0.49261575941533076
GSE334503_train_T,cellbridge[shared_top05|rho0],Donor041,0.697011376745113,0.5755675503576564
GSE334503_train_T,cellbridge[shared_top05|rho0],Donor051,0.23023052068641414,0.5769806575331045
GSE334503_train_T,cellbridge[shared_top05|rho_max],Donor001,0.14528805181154902,0.25691522224402874
GSE334503_train_T,cellbridge[shared_top05|rho_max],Donor005,0.49537536962131595,0.5758989887105516
GSE334503_train_T,cellbridge[shared_top05|rho_max],Donor011,0.04722785377960656,0.3348221745005751
GSE334503_train_T,cellbridge[shared_top05|rho_max],Donor015,0.22175829763779092,0.4839480983567144
GSE334503_train_T,cellbridge[shared_top05|rho_max],Donor017,0.27212742007907476,0.28558438313307466
GSE334503_train_T,cellbridge[shared_top05|rho_max],Donor022,0.15626840259777425,0.29924969500842546
GSE334503_train_T,cellbridge[shared_top05|rho_max],Donor024,0.3662333719343597,0.41609306089569237
GSE334503_train_T,cellbridge[shared_top05|rho_max],Donor028,0.9070521012225587,0.6912277800424649
GSE334503_train_T,cellbridge[shared_top05|rho_max],Donor037,0.111235636099459,0.47863892436951994
GSE334503_train_T,cellbridge[shared_top05|rho_max],Donor041,0.7079767402152162,0.6357376198697944
GSE334503_train_T,cellbridge[shared_top05|rho_max],Donor051,0.5120790014885853,0.6906791121514837
GSE334503_train_T,cellbridge[shared_top05|no_level],Donor001,0.15710817913477648,0.2771228756765336
GSE334503_train_T,cellbridge[shared_top05|no_level],Donor005,0.4828341777709171,0.5698956923913031
GSE334503_train_T,cellbridge[shared_top05|no_level],Donor011,0.05435968109885496,0.260386121105001
GSE334503_train_T,cellbridge[shared_top05|no_level],Donor015,0.3011801312550261,0.4401980186531738
GSE334503_train_T,cellbridge[shared_top05|no_level],Donor017,0.42169115414531616,0.28255402199382434
GSE334503_train_T,cellbridge[shared_top05|no_level],Donor022,0.20584740800000273,0.30347624497325165
GSE334503_train_T,cellbridge[shared_top05|no_level],Donor024,0.32352815855306605,0.3504085218354469
GSE334503_train_T,cellbridge[shared_top05|no_level],Donor028,1.0876310940915386,0.7254901054596639
GSE334503_train_T,cellbridge[shared_top05|no_level],Donor037,0.21681047265126832,0.48429477792375886
GSE334503_train_T,cellbridge[shared_top05|no_level],Donor041,0.7021009103512764,0.6009248757549528
GSE334503_train_T,cellbridge[shared_top05|no_level],Donor051,0.37562299144372313,0.6350248628266173
GSE334503_train_T,cellbridge[shared_top05|k1],Donor001,0.12570149498063,0.29295006130298745
GSE334503_train_T,cellbridge[shared_top05|k1],Donor005,0.46995172016966186,0.5641802314517329
GSE334503_train_T,cellbridge[shared_top05|k1],Donor011,0.04106626019829454,0.23645132790933537
GSE334503_train_T,cellbridge[shared_top05|k1],Donor015,0.3771117001994048,0.4217126536575899
GSE334503_train_T,cellbridge[shared_top05|k1],Donor017,0.4655045281808864,0.28565718350124486
GSE334503_train_T,cellbridge[shared_top05|k1],Donor022,0.16395198900694974,0.30193550399285024
GSE334503_train_T,cellbridge[shared_top05|k1],Donor024,0.3335114838413973,0.3513063018755039
GSE334503_train_T,cellbridge[shared_top05|k1],Donor028,1.1215972803794099,0.7040052038963688
GSE334503_train_T,cellbridge[shared_top05|k1],Donor037,0.25356188031011445,0.47940618904585164
GSE334503_train_T,cellbridge[shared_top05|k1],Donor041,0.7158972686730762,0.5765589617656355
GSE334503_train_T,cellbridge[shared_top05|k1],Donor051,0.3030598197241109,0.6201390265146016
Lawlor_CD3_CD28_Monocyte,mean,202937150091_R01C01,1.543328123904075,0.9661780589462242
Lawlor_CD3_CD28_Monocyte,mean,202937150091_R02C01,1.5315009189345505,1.4333052299792917
Lawlor_CD3_CD28_Monocyte,mean,202937150118_R01C01,0.4577344428955496,1.035491866389237
Lawlor_CD3_CD28_Monocyte,mean,202937150118_R02C01,1.4217882427114485,0.9302315864584846
Lawlor_CD3_CD28_Monocyte,mean,202937150118_R03C01,2.0623041778288473,1.1906436445487059
Lawlor_CD3_CD28_Monocyte,mean,202937150118_R04C01,0.1931647182881859,0.6889160765143486
Lawlor_CD3_CD28_Monocyte,mean,202937150118_R05C01,0.7143710934541833,0.8710479483535818
Lawlor_CD3_CD28_Monocyte,mean,202937150118_R06C01,0.6166823314994595,1.1148148918602605
Lawlor_CD3_CD28_Monocyte,mean,202937150118_R07C01,0.8523326876536583,0.6326420008373875
Lawlor_CD3_CD28_Monocyte,mean,202937150118_R08C01,0.509867435655595,1.042324520724355
Lawlor_CD3_CD28_Monocyte,rna_ridge,202937150091_R01C01,1.379742248866604,0.9813890022084839
Lawlor_CD3_CD28_Monocyte,rna_ridge,202937150091_R02C01,1.5315009189345523,1.4333052299792914
Lawlor_CD3_CD28_Monocyte,rna_ridge,202937150118_R01C01,0.36461408331391054,1.0341533231427973
Lawlor_CD3_CD28_Monocyte,rna_ridge,202937150118_R02C01,0.9082584204440352,0.9424385691847824
Lawlor_CD3_CD28_Monocyte,rna_ridge,202937150118_R03C01,1.9438392884752576,1.213136604570394
Lawlor_CD3_CD28_Monocyte,rna_ridge,202937150118_R04C01,0.603395228740971,0.7267476829102536
Lawlor_CD3_CD28_Monocyte,rna_ridge,202937150118_R05C01,0.3779104384339085,0.8481330910771878
Lawlor_CD3_CD28_Monocyte,rna_ridge,202937150118_R06C01,0.5659014624620646,1.090011930866011
Lawlor_CD3_CD28_Monocyte,rna_ridge,202937150118_R07C01,0.8523326876536574,0.6326420008373875
Lawlor_CD3_CD28_Monocyte,rna_ridge,202937150118_R08C01,0.47496179613844147,1.037451419840536
Lawlor_CD3_CD28_Monocyte,joint_ridge,202937150091_R01C01,1.3693860121568884,0.9793873867811309
Lawlor_CD3_CD28_Monocyte,joint_ridge,202937150091_R02C01,1.5315009189345523,1.4333052299792914
Lawlor_CD3_CD28_Monocyte,joint_ridge,202937150118_R01C01,0.35829452742455803,1.0336855814400552
Lawlor_CD3_CD28_Monocyte,joint_ridge,202937150118_R02C01,0.9030698630400936,0.9400955890640454
Lawlor_CD3_CD28_Monocyte,joint_ridge,202937150118_R03C01,1.9376079091195655,1.2127178945617716
Lawlor_CD3_CD28_Monocyte,joint_ridge,202937150118_R04C01,0.5859943495353365,0.7230517696494313
Lawlor_CD3_CD28_Monocyte,joint_ridge,202937150118_R05C01,0.37775260886592343,0.8488722299912711
Lawlor_CD3_CD28_Monocyte,joint_ridge,202937150118_R06C01,0.5733432628788789,1.0882589566126766
Lawlor_CD3_CD28_Monocyte,joint_ridge,202937150118_R07C01,0.8523326876536574,0.6326420008373875
Lawlor_CD3_CD28_Monocyte,joint_ridge,202937150118_R08C01,0.4772092093850403,1.0370009335478836
Lawlor_CD3_CD28_Monocyte,v040_abundance_shrinkage,202937150091_R01C01,1.4427437853749283,0.7964340986183834
Lawlor_CD3_CD28_Monocyte,v040_abundance_shrinkage,202937150091_R02C01,2.0178221256859463,0.8815248044207021
Lawlor_CD3_CD28_Monocyte,v040_abundance_shrinkage,202937150118_R01C01,0.36663484572526484,1.0275853706845333
Lawlor_CD3_CD28_Monocyte,v040_abundance_shrinkage,202937150118_R02C01,0.49099442756323464,0.8676142943369137
Lawlor_CD3_CD28_Monocyte,v040_abundance_shrinkage,202937150118_R03C01,0.8558108105487272,1.3273897424352183
Lawlor_CD3_CD28_Monocyte,v040_abundance_shrinkage,202937150118_R04C01,0.4180152395840091,0.7253990286972253
Lawlor_CD3_CD28_Monocyte,v040_abundance_shrinkage,202937150118_R05C01,0.7714697745631633,0.9030531521302502
Lawlor_CD3_CD28_Monocyte,v040_abundance_shrinkage,202937150118_R06C01,0.47511549829417543,0.9792473296256089
Lawlor_CD3_CD28_Monocyte,v040_abundance_shrinkage,202937150118_R07C01,0.9876556222022473,0.6060737603894829
Lawlor_CD3_CD28_Monocyte,v040_abundance_shrinkage,202937150118_R08C01,0.5666974313975823,1.0136816343970907
Lawlor_CD3_CD28_Monocyte,cellbridge[per_target],202937150091_R01C01,0.3610739594716764,0.6329327980905286
Lawlor_CD3_CD28_Monocyte,cellbridge[per_target],202937150091_R02C01,0.40248723767364586,0.8245528869075726
Lawlor_CD3_CD28_Monocyte,cellbridge[per_target],202937150118_R01C01,0.1799415178265667,0.7233890214325214
Lawlor_CD3_CD28_Monocyte,cellbridge[per_target],202937150118_R02C01,1.0057348317091914,0.796666781743526
Lawlor_CD3_CD28_Monocyte,cellbridge[per_target],202937150118_R03C01,0.9438420106725802,0.7106910902334281
Lawlor_CD3_CD28_Monocyte,cellbridge[per_target],202937150118_R04C01,0.5765140466682583,0.7874889005389233
Lawlor_CD3_CD28_Monocyte,cellbridge[per_target],202937150118_R05C01,0.2773701846062753,0.6144901271780107
Lawlor_CD3_CD28_Monocyte,cellbridge[per_target],202937150118_R06C01,0.47916720884206,0.7203536791548156
Lawlor_CD3_CD28_Monocyte,cellbridge[per_target],202937150118_R07C01,0.5543164955154722,0.4621452374913912
Lawlor_CD3_CD28_Monocyte,cellbridge[per_target],202937150118_R08C01,0.8339438746343555,0.6202180766134469
Lawlor_CD3_CD28_Monocyte,cellbridge[shared],202937150091_R01C01,0.5230931976555571,0.6239419966559857
Lawlor_CD3_CD28_Monocyte,cellbridge[shared],202937150091_R02C01,0.419873822305421,1.021430952057022
Lawlor_CD3_CD28_Monocyte,cellbridge[shared],202937150118_R01C01,0.15371629491364003,0.7593197242166616
Lawlor_CD3_CD28_Monocyte,cellbridge[shared],202937150118_R02C01,0.7150254307215174,0.7866171941638999
Lawlor_CD3_CD28_Monocyte,cellbridge[shared],202937150118_R03C01,1.093441909387023,0.750705172396349
Lawlor_CD3_CD28_Monocyte,cellbridge[shared],202937150118_R04C01,0.36103900297505637,0.5494864477825626
Lawlor_CD3_CD28_Monocyte,cellbridge[shared],202937150118_R05C01,0.29991542609228183,0.6500433765029894
Lawlor_CD3_CD28_Monocyte,cellbridge[shared],202937150118_R06C01,0.4099846375618438,0.5915192682238413
Lawlor_CD3_CD28_Monocyte,cellbridge[shared],202937150118_R07C01,0.713275895983659,0.5133334468245282
Lawlor_CD3_CD28_Monocyte,cellbridge[shared],202937150118_R08C01,0.8128149202521215,0.5274633356319307
Lawlor_CD3_CD28_Monocyte,cellbridge[shared_top01],202937150091_R01C01,0.5712397086439972,0.6067634258575114
Lawlor_CD3_CD28_Monocyte,cellbridge[shared_top01],202937150091_R02C01,0.36823669699708644,1.0341322761518776
Lawlor_CD3_CD28_Monocyte,cellbridge[shared_top01],202937150118_R01C01,0.13823310435668662,0.7646898715032696
Lawlor_CD3_CD28_Monocyte,cellbridge[shared_top01],202937150118_R02C01,0.6775317686989767,0.7517808102781021
Lawlor_CD3_CD28_Monocyte,cellbridge[shared_top01],202937150118_R03C01,0.975596880834749,0.6888133810070097
Lawlor_CD3_CD28_Monocyte,cellbridge[shared_top01],202937150118_R04C01,0.36516896089541573,0.5611107349893677
Lawlor_CD3_CD28_Monocyte,cellbridge[shared_top01],202937150118_R05C01,0.29649628128647,0.6892846943748457
Lawlor_CD3_CD28_Monocyte,cellbridge[shared_top01],202937150118_R06C01,0.39598553065269115,0.5623948915697078
Lawlor_CD3_CD28_Monocyte,cellbridge[shared_top01],202937150118_R07C01,0.7724431678941027,0.504822764250498
Lawlor_CD3_CD28_Monocyte,cellbridge[shared_top01],202937150118_R08C01,0.814491023933612,0.5128996548554052
Lawlor_CD3_CD28_Monocyte,cellbridge[shared_top02],202937150091_R01C01,0.5195907899227293,0.5955060537993212
Lawlor_CD3_CD28_Monocyte,cellbridge[shared_top02],202937150091_R02C01,0.43605322594604523,0.9378991251625374
Lawlor_CD3_CD28_Monocyte,cellbridge[shared_top02],202937150118_R01C01,0.1365934584288603,0.7690176229600649
Lawlor_CD3_CD28_Monocyte,cellbridge[shared_top02],202937150118_R02C01,0.6467798735615257,0.74759978730023
Lawlor_CD3_CD28_Monocyte,cellbridge[shared_top02],202937150118_R03C01,0.9472311403445284,0.6868865270548946
Lawlor_CD3_CD28_Monocyte,cellbridge[shared_top02],202937150118_R04C01,0.4184312358699736,0.5359303401343969
Lawlor_CD3_CD28_Monocyte,cellbridge[shared_top02],202937150118_R05C01,0.2669621446294802,0.6709011812933185
Lawlor_CD3_CD28_Monocyte,cellbridge[shared_top02],202937150118_R06C01,0.3692386791460276,0.5625045754516556
Lawlor_CD3_CD28_Monocyte,cellbridge[shared_top02],202937150118_R07C01,0.6679859215339713,0.4724304517294544
Lawlor_CD3_CD28_Monocyte,cellbridge[shared_top02],202937150118_R08C01,0.7832573605330448,0.5253937310896362
Lawlor_CD3_CD28_Monocyte,cellbridge[shared_top05],202937150091_R01C01,0.5739523377651286,0.5951620961435102
Lawlor_CD3_CD28_Monocyte,cellbridge[shared_top05],202937150091_R02C01,0.39790969125123077,0.9315835975976495
Lawlor_CD3_CD28_Monocyte,cellbridge[shared_top05],202937150118_R01C01,0.11202890605451046,0.7658897386917848
Lawlor_CD3_CD28_Monocyte,cellbridge[shared_top05],202937150118_R02C01,0.6096363826884972,0.7288156287415843
Lawlor_CD3_CD28_Monocyte,cellbridge[shared_top05],202937150118_R03C01,0.9338027273669212,0.6821749369269422
Lawlor_CD3_CD28_Monocyte,cellbridge[shared_top05],202937150118_R04C01,0.4615455821059753,0.5515402949396994
Lawlor_CD3_CD28_Monocyte,cellbridge[shared_top05],202937150118_R05C01,0.25104086509621926,0.6694226813437182
Lawlor_CD3_CD28_Monocyte,cellbridge[shared_top05],202937150118_R06C01,0.36316017867097605,0.5615333799384375
Lawlor_CD3_CD28_Monocyte,cellbridge[shared_top05],202937150118_R07C01,0.7287394082010169,0.4860113742750346
Lawlor_CD3_CD28_Monocyte,cellbridge[shared_top05],202937150118_R08C01,0.7890417289930094,0.5137234198579885
Lawlor_CD3_CD28_Monocyte,cellbridge[shared_top10],202937150091_R01C01,0.5914459342222966,0.6101171375912001
Lawlor_CD3_CD28_Monocyte,cellbridge[shared_top10],202937150091_R02C01,0.7406684827847901,0.8078077039840758
Lawlor_CD3_CD28_Monocyte,cellbridge[shared_top10],202937150118_R01C01,0.055400178426790764,0.7353955648415367
Lawlor_CD3_CD28_Monocyte,cellbridge[shared_top10],202937150118_R02C01,0.5711947441409889,0.7183303417812194
Lawlor_CD3_CD28_Monocyte,cellbridge[shared_top10],202937150118_R03C01,1.0018143618539856,0.6962253846154541
Lawlor_CD3_CD28_Monocyte,cellbridge[shared_top10],202937150118_R04C01,0.5251168068052758,0.6364887003158667
Lawlor_CD3_CD28_Monocyte,cellbridge[shared_top10],202937150118_R05C01,0.29862692111933836,0.6887532974289602
Lawlor_CD3_CD28_Monocyte,cellbridge[shared_top10],202937150118_R06C01,0.3002353156924672,0.5922126095137608
Lawlor_CD3_CD28_Monocyte,cellbridge[shared_top10],202937150118_R07C01,0.8065404839206908,0.5017807879397688
Lawlor_CD3_CD28_Monocyte,cellbridge[shared_top10],202937150118_R08C01,0.8599983864542466,0.5555203045984468
Lawlor_CD3_CD28_Monocyte,cellbridge[per_target_top05],202937150091_R01C01,0.11556672633407677,0.5642857671072357
Lawlor_CD3_CD28_Monocyte,cellbridge[per_target_top05],202937150091_R02C01,0.5638146858890161,0.711109294332568
Lawlor_CD3_CD28_Monocyte,cellbridge[per_target_top05],202937150118_R01C01,0.10485708004952649,0.7253269838440007
Lawlor_CD3_CD28_Monocyte,cellbridge[per_target_top05],202937150118_R02C01,0.931115449291149,0.7806721028241372
Lawlor_CD3_CD28_Monocyte,cellbridge[per_target_top05],202937150118_R03C01,0.9165501038263204,0.7116592998107888
Lawlor_CD3_CD28_Monocyte,cellbridge[per_target_top05],202937150118_R04C01,0.5492859632585606,0.6990124393723289
Lawlor_CD3_CD28_Monocyte,cellbridge[per_target_top05],202937150118_R05C01,0.19563747775360188,0.6169515588944223
Lawlor_CD3_CD28_Monocyte,cellbridge[per_target_top05],202937150118_R06C01,0.48230656285985507,0.6690349095269355
Lawlor_CD3_CD28_Monocyte,cellbridge[per_target_top05],202937150118_R07C01,0.7129302256009717,0.42845231910594994
Lawlor_CD3_CD28_Monocyte,cellbridge[per_target_top05],202937150118_R08C01,0.8431099586112694,0.5770878426067859
Lawlor_CD3_CD28_Monocyte,cellbridge[shared_top05|rna_only],202937150091_R01C01,0.6377187061036301,0.6192365924190214
Lawlor_CD3_CD28_Monocyte,cellbridge[shared_top05|rna_only],202937150091_R02C01,1.327874045240601,0.8936875569624728
Lawlor_CD3_CD28_Monocyte,cellbridge[shared_top05|rna_only],202937150118_R01C01,0.18583321338353725,0.7938272754179547
Lawlor_CD3_CD28_Monocyte,cellbridge[shared_top05|rna_only],202937150118_R02C01,0.6368736681920905,0.7781418288789719
Lawlor_CD3_CD28_Monocyte,cellbridge[shared_top05|rna_only],202937150118_R03C01,0.8649265902421792,0.6915302595496962
Lawlor_CD3_CD28_Monocyte,cellbridge[shared_top05|rna_only],202937150118_R04C01,0.7268320354368171,0.7004016350782017
Lawlor_CD3_CD28_Monocyte,cellbridge[shared_top05|rna_only],202937150118_R05C01,0.18189841075840396,0.7601126179467227
Lawlor_CD3_CD28_Monocyte,cellbridge[shared_top05|rna_only],202937150118_R06C01,0.17690605493973632,0.6277251812122964
Lawlor_CD3_CD28_Monocyte,cellbridge[shared_top05|rna_only],202937150118_R07C01,1.112516846445653,0.7060388941264581
Lawlor_CD3_CD28_Monocyte,cellbridge[shared_top05|rna_only],202937150118_R08C01,0.7931731305802648,0.579326780104456
Lawlor_CD3_CD28_Monocyte,cellbridge[shared_top05|anchors_required],202937150091_R01C01,0.527982160466865,0.5861801029119744
Lawlor_CD3_CD28_Monocyte,cellbridge[shared_top05|anchors_required],202937150091_R02C01,0.37044290344149045,0.9735159157299837
Lawlor_CD3_CD28_Monocyte,cellbridge[shared_top05|anchors_required],202937150118_R01C01,0.13526292476937174,0.7695737720399423
Lawlor_CD3_CD28_Monocyte,cellbridge[shared_top05|anchors_required],202937150118_R02C01,0.6330361316124213,0.7420712718239629
Lawlor_CD3_CD28_Monocyte,cellbridge[shared_top05|anchors_required],202937150118_R03C01,0.9222215768265178,0.678161767935953
Lawlor_CD3_CD28_Monocyte,cellbridge[shared_top05|anchors_required],202937150118_R04C01,0.4181853908787157,0.5479609098116328
Lawlor_CD3_CD28_Monocyte,cellbridge[shared_top05|anchors_required],202937150118_R05C01,0.2597272486657897,0.6726505721886812
Lawlor_CD3_CD28_Monocyte,cellbridge[shared_top05|anchors_required],202937150118_R06C01,0.3824052634432241,0.5597342578370635
Lawlor_CD3_CD28_Monocyte,cellbridge[shared_top05|anchors_required],202937150118_R07C01,0.6627419382543513,0.473648349926325
Lawlor_CD3_CD28_Monocyte,cellbridge[shared_top05|anchors_required],202937150118_R08C01,0.7732922621117699,0.5224890912864203
Lawlor_CD3_CD28_Monocyte,cellbridge[shared_top05|rho0],202937150091_R01C01,0.5337952565819981,0.5960078038658964
Lawlor_CD3_CD28_Monocyte,cellbridge[shared_top05|rho0],202937150091_R02C01,0.28880116131214717,0.9586561108946957
Lawlor_CD3_CD28_Monocyte,cellbridge[shared_top05|rho0],202937150118_R01C01,0.03717993848489048,0.7805565700345594
Lawlor_CD3_CD28_Monocyte,cellbridge[shared_top05|rho0],202937150118_R02C01,0.5842317705450988,0.6921569714565801
Lawlor_CD3_CD28_Monocyte,cellbridge[shared_top05|rho0],202937150118_R03C01,0.961843888742725,0.7191774115807258
Lawlor_CD3_CD28_Monocyte,cellbridge[shared_top05|rho0],202937150118_R04C01,0.4421016649043289,0.595502710778846
Lawlor_CD3_CD28_Monocyte,cellbridge[shared_top05|rho0],202937150118_R05C01,0.1930786922039097,0.6956704681153505
Lawlor_CD3_CD28_Monocyte,cellbridge[shared_top05|rho0],202937150118_R06C01,0.2468415258399909,0.5733798423139468
Lawlor_CD3_CD28_Monocyte,cellbridge[shared_top05|rho0],202937150118_R07C01,0.7762072416357135,0.5185590902465842
Lawlor_CD3_CD28_Monocyte,cellbridge[shared_top05|rho0],202937150118_R08C01,0.8173818765195859,0.5563853988391754
Lawlor_CD3_CD28_Monocyte,cellbridge[shared_top05|rho_max],202937150091_R01C01,0.5984790972239344,0.5933090470566886
Lawlor_CD3_CD28_Monocyte,cellbridge[shared_top05|rho_max],202937150091_R02C01,0.5062665791493063,0.8997193419326236
Lawlor_CD3_CD28_Monocyte,cellbridge[shared_top05|rho_max],202937150118_R01C01,0.15442645183793324,0.75232566719229
Lawlor_CD3_CD28_Monocyte,cellbridge[shared_top05|rho_max],202937150118_R02C01,0.6266863192526269,0.7554298566883132
Lawlor_CD3_CD28_Monocyte,cellbridge[shared_top05|rho_max],202937150118_R03C01,0.9277671388250796,0.6757525308273338
Lawlor_CD3_CD28_Monocyte,cellbridge[shared_top05|rho_max],202937150118_R04C01,0.4728155554961191,0.5355564539238978
Lawlor_CD3_CD28_Monocyte,cellbridge[shared_top05|rho_max],202937150118_R05C01,0.2778332442905553,0.6608259414474043
Lawlor_CD3_CD28_Monocyte,cellbridge[shared_top05|rho_max],202937150118_R06C01,0.4227637958856192,0.563980039323525
Lawlor_CD3_CD28_Monocyte,cellbridge[shared_top05|rho_max],202937150118_R07C01,0.6913247364240412,0.46918176864388916
Lawlor_CD3_CD28_Monocyte,cellbridge[shared_top05|rho_max],202937150118_R08C01,0.7750901467547291,0.4896766773872915
Lawlor_CD3_CD28_Monocyte,cellbridge[shared_top05|no_level],202937150091_R01C01,0.5739523377651286,0.5951620961435102
Lawlor_CD3_CD28_Monocyte,cellbridge[shared_top05|no_level],202937150091_R02C01,0.39790969125123077,0.9315835975976495
Lawlor_CD3_CD28_Monocyte,cellbridge[shared_top05|no_level],202937150118_R01C01,0.11202890605451046,0.7658897386917848
Lawlor_CD3_CD28_Monocyte,cellbridge[shared_top05|no_level],202937150118_R02C01,0.6096363826884972,0.7288156287415843
Lawlor_CD3_CD28_Monocyte,cellbridge[shared_top05|no_level],202937150118_R03C01,0.9338027273669212,0.6821749369269422
Lawlor_CD3_CD28_Monocyte,cellbridge[shared_top05|no_level],202937150118_R04C01,0.4615455821059753,0.5515402949396994
Lawlor_CD3_CD28_Monocyte,cellbridge[shared_top05|no_level],202937150118_R05C01,0.25104086509621926,0.6694226813437182
Lawlor_CD3_CD28_Monocyte,cellbridge[shared_top05|no_level],202937150118_R06C01,0.36316017867097605,0.5615333799384375
Lawlor_CD3_CD28_Monocyte,cellbridge[shared_top05|no_level],202937150118_R07C01,0.7287394082010169,0.4860113742750346
Lawlor_CD3_CD28_Monocyte,cellbridge[shared_top05|no_level],202937150118_R08C01,0.7890417289930094,0.5137234198579885
Lawlor_CD3_CD28_Monocyte,cellbridge[shared_top05|k1],202937150091_R01C01,0.5649632043013927,0.5686833967024758
Lawlor_CD3_CD28_Monocyte,cellbridge[shared_top05|k1],202937150091_R02C01,0.3482901466863123,1.0463515326537987
Lawlor_CD3_CD28_Monocyte,cellbridge[shared_top05|k1],202937150118_R01C01,0.1362578032125583,0.7527079773627714
Lawlor_CD3_CD28_Monocyte,cellbridge[shared_top05|k1],202937150118_R02C01,0.47130010553092927,0.6572227553448037
Lawlor_CD3_CD28_Monocyte,cellbridge[shared_top05|k1],202937150118_R03C01,1.117421555068691,0.7526228391778386
Lawlor_CD3_CD28_Monocyte,cellbridge[shared_top05|k1],202937150118_R04C01,0.5768782982918634,0.5632603978408871
Lawlor_CD3_CD28_Monocyte,cellbridge[shared_top05|k1],202937150118_R05C01,0.23860899761337795,0.7200829632375837
Lawlor_CD3_CD28_Monocyte,cellbridge[shared_top05|k1],202937150118_R06C01,0.3816572927434527,0.5947953188318947
Lawlor_CD3_CD28_Monocyte,cellbridge[shared_top05|k1],202937150118_R07C01,0.5397372792889771,0.43229013059839005
Lawlor_CD3_CD28_Monocyte,cellbridge[shared_top05|k1],202937150118_R08C01,0.8365297357956368,0.5394762367377841
Lawlor_CD3_CD28_T,mean,202937150091_R01C01,1.7404693764035906,1.7615318182484694
Lawlor_CD3_CD28_T,mean,202937150091_R02C01,1.1451605084456917,1.2626409181689007
Lawlor_CD3_CD28_T,mean,202937150118_R01C01,0.46287296406025336,0.6426787697208205
Lawlor_CD3_CD28_T,mean,202937150118_R02C01,1.6552801278158422,1.2939236112812644
Lawlor_CD3_CD28_T,mean,202937150118_R03C01,0.17793013963496104,0.9762272905424655
Lawlor_CD3_CD28_T,mean,202937150118_R04C01,1.5940992308022106,1.0107942103827454
Lawlor_CD3_CD28_T,mean,202937150118_R05C01,1.10612857232985,0.7264953809287319
Lawlor_CD3_CD28_T,mean,202937150118_R06C01,0.47414036645518054,0.9600340006822073
Lawlor_CD3_CD28_T,mean,202937150118_R07C01,0.15103389269959305,0.4621482953877533
Lawlor_CD3_CD28_T,mean,202937150118_R08C01,0.848471057841053,0.7564289773192824
Lawlor_CD3_CD28_T,rna_ridge,202937150091_R01C01,1.170363586056814,1.2592545216546212
Lawlor_CD3_CD28_T,rna_ridge,202937150091_R02C01,1.153111445147425,1.2854672076019058
Lawlor_CD3_CD28_T,rna_ridge,202937150118_R01C01,0.5355374589062439,0.6856902779402111
Lawlor_CD3_CD28_T,rna_ridge,202937150118_R02C01,1.5343716572198973,0.9691946866329372
Lawlor_CD3_CD28_T,rna_ridge,202937150118_R03C01,0.12622157516190588,0.8055186291755235
Lawlor_CD3_CD28_T,rna_ridge,202937150118_R04C01,1.4920804762501387,0.7771610602723282
Lawlor_CD3_CD28_T,rna_ridge,202937150118_R05C01,1.0123019877122292,0.707225821597002
Lawlor_CD3_CD28_T,rna_ridge,202937150118_R06C01,0.29472726138657745,0.7883027007308037
Lawlor_CD3_CD28_T,rna_ridge,202937150118_R07C01,0.28455498387887446,0.5606313839756806
Lawlor_CD3_CD28_T,rna_ridge,202937150118_R08C01,0.9145151952181604,0.7520123439216119
Lawlor_CD3_CD28_T,joint_ridge,202937150091_R01C01,1.1654222556720888,1.2582178653782843
Lawlor_CD3_CD28_T,joint_ridge,202937150091_R02C01,1.137523065387338,1.2814258147667508
Lawlor_CD3_CD28_T,joint_ridge,202937150118_R01C01,0.5345521711208044,0.6851812900814218
Lawlor_CD3_CD28_T,joint_ridge,202937150118_R02C01,1.5339562302883378,0.9694533261804098
Lawlor_CD3_CD28_T,joint_ridge,202937150118_R03C01,0.12529440183876758,0.805156513854037
Lawlor_CD3_CD28_T,joint_ridge,202937150118_R04C01,1.4866549238970954,0.7754007117929115
Lawlor_CD3_CD28_T,joint_ridge,202937150118_R05C01,1.0088808654391475,0.7055363867063594
Lawlor_CD3_CD28_T,joint_ridge,202937150118_R06C01,0.2933768504595437,0.7867645788667174
Lawlor_CD3_CD28_T,joint_ridge,202937150118_R07C01,0.28410881148590433,0.5581017376716996
Lawlor_CD3_CD28_T,joint_ridge,202937150118_R08C01,0.9125999419677485,0.7501620980150024
Lawlor_CD3_CD28_T,v040_abundance_shrinkage,202937150091_R01C01,0.8679033618181681,1.2861381380695927
Lawlor_CD3_CD28_T,v040_abundance_shrinkage,202937150091_R02C01,0.2521483817728825,1.1824392158396084
Lawlor_CD3_CD28_T,v040_abundance_shrinkage,202937150118_R01C01,0.5479656048957101,0.5861600061198157
Lawlor_CD3_CD28_T,v040_abundance_shrinkage,202937150118_R02C01,0.833867466684483,0.9182386910966285
Lawlor_CD3_CD28_T,v040_abundance_shrinkage,202937150118_R03C01,0.12521556329900327,0.8287167212368104
Lawlor_CD3_CD28_T,v040_abundance_shrinkage,202937150118_R04C01,1.0371854297518959,0.6662235581838274
Lawlor_CD3_CD28_T,v040_abundance_shrinkage,202937150118_R05C01,0.4002345961407001,0.5931183554375514
Lawlor_CD3_CD28_T,v040_abundance_shrinkage,202937150118_R06C01,0.07681606144954603,0.7656151053411784
Lawlor_CD3_CD28_T,v040_abundance_shrinkage,202937150118_R07C01,0.40360601818122843,0.7936905339337158
Lawlor_CD3_CD28_T,v040_abundance_shrinkage,202937150118_R08C01,0.7200298872503825,0.6447126354224114
Lawlor_CD3_CD28_T,cellbridge[per_target],202937150091_R01C01,0.6133870390192511,1.2691986521649807
Lawlor_CD3_CD28_T,cellbridge[per_target],202937150091_R02C01,1.271848973165152,1.406049785786941
Lawlor_CD3_CD28_T,cellbridge[per_target],202937150118_R01C01,0.5542781687519525,0.9266523468360494
Lawlor_CD3_CD28_T,cellbridge[per_target],202937150118_R02C01,1.7108008944768325,0.9597775506097977
Lawlor_CD3_CD28_T,cellbridge[per_target],202937150118_R03C01,0.6241525134864581,1.083765484573722
Lawlor_CD3_CD28_T,cellbridge[per_target],202937150118_R04C01,2.207724481724182,0.9916837277405454
Lawlor_CD3_CD28_T,cellbridge[per_target],202937150118_R05C01,0.722968194679366,0.7147533166210351
Lawlor_CD3_CD28_T,cellbridge[per_target],202937150118_R06C01,0.24248823405303274,0.9245693763903433
Lawlor_CD3_CD28_T,cellbridge[per_target],202937150118_R07C01,0.7426819848864984,0.7155667475151607
Lawlor_CD3_CD28_T,cellbridge[per_target],202937150118_R08C01,0.7941468139822183,0.6805670602487163
Lawlor_CD3_CD28_T,cellbridge[shared],202937150091_R01C01,0.8736305950283674,1.102792881221543
Lawlor_CD3_CD28_T,cellbridge[shared],202937150091_R02C01,1.0657425354211558,1.1767123811383529
Lawlor_CD3_CD28_T,cellbridge[shared],202937150118_R01C01,0.5364936733369705,0.7554919549010969
Lawlor_CD3_CD28_T,cellbridge[shared],202937150118_R02C01,1.482622939000638,0.8681298884159548
Lawlor_CD3_CD28_T,cellbridge[shared],202937150118_R03C01,0.34147956947498725,0.9217611896153604
Lawlor_CD3_CD28_T,cellbridge[shared],202937150118_R04C01,0.9546823577331764,0.7948152280783279
Lawlor_CD3_CD28_T,cellbridge[shared],202937150118_R05C01,0.8506073084890278,0.723269416363555
Lawlor_CD3_CD28_T,cellbridge[shared],202937150118_R06C01,0.11464018456452593,0.7978406471111023
Lawlor_CD3_CD28_T,cellbridge[shared],202937150118_R07C01,0.3925362531165567,0.47261361585794837
Lawlor_CD3_CD28_T,cellbridge[shared],202937150118_R08C01,0.7146414652855019,0.6332226343601551
Lawlor_CD3_CD28_T,cellbridge[shared_top01],202937150091_R01C01,0.796242281089563,1.1457472041535062
Lawlor_CD3_CD28_T,cellbridge[shared_top01],202937150091_R02C01,1.0689738749355167,1.1738172291944484
Lawlor_CD3_CD28_T,cellbridge[shared_top01],202937150118_R01C01,0.5512270907264271,0.7583839199965305
Lawlor_CD3_CD28_T,cellbridge[shared_top01],202937150118_R02C01,1.441679466203114,0.8796972784125202
Lawlor_CD3_CD28_T,cellbridge[shared_top01],202937150118_R03C01,0.3644555455971339,0.9342956527035845
Lawlor_CD3_CD28_T,cellbridge[shared_top01],202937150118_R04C01,0.871804101490965,0.7990548168835621
Lawlor_CD3_CD28_T,cellbridge[shared_top01],202937150118_R05C01,0.8539437878939982,0.7305823522159315
Lawlor_CD3_CD28_T,cellbridge[shared_top01],202937150118_R06C01,0.11901751618364154,0.8147439604212302
Lawlor_CD3_CD28_T,cellbridge[shared_top01],202937150118_R07C01,0.40583603160267545,0.473368735178225
Lawlor_CD3_CD28_T,cellbridge[shared_top01],202937150118_R08C01,0.6938367551880618,0.6382556330121278
Lawlor_CD3_CD28_T,cellbridge[shared_top02],202937150091_R01C01,0.7764618259861046,1.1506712894681836
Lawlor_CD3_CD28_T,cellbridge[shared_top02],202937150091_R02C01,1.0652911930316133,1.1751282669052787
Lawlor_CD3_CD28_T,cellbridge[shared_top02],202937150118_R01C01,0.5497515583563843,0.751218290618971
Lawlor_CD3_CD28_T,cellbridge[shared_top02],202937150118_R02C01,1.4285567213538979,0.8962652388571148
Lawlor_CD3_CD28_T,cellbridge[shared_top02],202937150118_R03C01,0.3676110856586093,0.9412719098318049
Lawlor_CD3_CD28_T,cellbridge[shared_top02],202937150118_R04C01,0.8335363497405088,0.8038824942792894
Lawlor_CD3_CD28_T,cellbridge[shared_top02],202937150118_R05C01,0.8540491609479184,0.7303540268824662
Lawlor_CD3_CD28_T,cellbridge[shared_top02],202937150118_R06C01,0.10079171448771602,0.8221385852394768
Lawlor_CD3_CD28_T,cellbridge[shared_top02],202937150118_R07C01,0.4095639321617352,0.46958359506445746
Lawlor_CD3_CD28_T,cellbridge[shared_top02],202937150118_R08C01,0.6887709994692899,0.6376866310163394
Lawlor_CD3_CD28_T,cellbridge[shared_top05],202937150091_R01C01,0.7321952422462871,1.171866313322028
Lawlor_CD3_CD28_T,cellbridge[shared_top05],202937150091_R02C01,1.049263483629831,1.1699500776925162
Lawlor_CD3_CD28_T,cellbridge[shared_top05],202937150118_R01C01,0.54698066705676,0.7385509520014182
Lawlor_CD3_CD28_T,cellbridge[shared_top05],202937150118_R02C01,1.3967710170486813,0.9137782732427823
Lawlor_CD3_CD28_T,cellbridge[shared_top05],202937150118_R03C01,0.3634194072770761,0.9451366391766846
Lawlor_CD3_CD28_T,cellbridge[shared_top05],202937150118_R04C01,0.8381365391921626,0.8032697712100332
Lawlor_CD3_CD28_T,cellbridge[shared_top05],202937150118_R05C01,0.8694412605455469,0.7235838918334927
Lawlor_CD3_CD28_T,cellbridge[shared_top05],202937150118_R06C01,0.08914660871457955,0.8256345383874817
Lawlor_CD3_CD28_T,cellbridge[shared_top05],202937150118_R07C01,0.40693213088444724,0.471269921896541
Lawlor_CD3_CD28_T,cellbridge[shared_top05],202937150118_R08C01,0.6939974740476826,0.6450501607202559
Lawlor_CD3_CD28_T,cellbridge[shared_top10],202937150091_R01C01,0.6905971915218797,1.1975271753975927
Lawlor_CD3_CD28_T,cellbridge[shared_top10],202937150091_R02C01,1.0261225725801413,1.1552555217974303
Lawlor_CD3_CD28_T,cellbridge[shared_top10],202937150118_R01C01,0.537529350901583,0.733097407332087
Lawlor_CD3_CD28_T,cellbridge[shared_top10],202937150118_R02C01,1.3684593381485692,0.9299371966541892
Lawlor_CD3_CD28_T,cellbridge[shared_top10],202937150118_R03C01,0.38161027835633843,0.9528807256143347
Lawlor_CD3_CD28_T,cellbridge[shared_top10],202937150118_R04C01,0.8674092788715515,0.8031449402003369
Lawlor_CD3_CD28_T,cellbridge[shared_top10],202937150118_R05C01,0.8851998414666966,0.7078681933183127
Lawlor_CD3_CD28_T,cellbridge[shared_top10],202937150118_R06C01,0.09046173792588152,0.8275313869852665
Lawlor_CD3_CD28_T,cellbridge[shared_top10],202937150118_R07C01,0.39512468757117925,0.46577027027415624
Lawlor_CD3_CD28_T,cellbridge[shared_top10],202937150118_R08C01,0.6773635840188497,0.6493836556518093
Lawlor_CD3_CD28_T,cellbridge[per_target_top05],202937150091_R01C01,0.8361843391635168,1.2839215858058035
Lawlor_CD3_CD28_T,cellbridge[per_target_top05],202937150091_R02C01,1.190192923151223,1.2408304770281784
Lawlor_CD3_CD28_T,cellbridge[per_target_top05],202937150118_R01C01,0.5086444141649985,0.837599942362539
Lawlor_CD3_CD28_T,cellbridge[per_target_top05],202937150118_R02C01,1.6267851000898232,0.9317276095127022
Lawlor_CD3_CD28_T,cellbridge[per_target_top05],202937150118_R03C01,0.7680438829802858,1.0536547781258419
Lawlor_CD3_CD28_T,cellbridge[per_target_top05],202937150118_R04C01,1.3386079572063831,0.9184758079283861
Lawlor_CD3_CD28_T,cellbridge[per_target_top05],202937150118_R05C01,0.8605884632599365,0.6993643200388726
Lawlor_CD3_CD28_T,cellbridge[per_target_top05],202937150118_R06C01,0.20443109315052838,0.90085185711894
Lawlor_CD3_CD28_T,cellbridge[per_target_top05],202937150118_R07C01,0.6621078009082252,0.5772210389723139
Lawlor_CD3_CD28_T,cellbridge[per_target_top05],202937150118_R08C01,0.8051162635786043,0.6762281515509027
Lawlor_CD3_CD28_T,cellbridge[shared_top05|rna_only],202937150091_R01C01,0.7324257010425785,1.174584315803968
Lawlor_CD3_CD28_T,cellbridge[shared_top05|rna_only],202937150091_R02C01,1.0661482873216108,1.1840522647843503
Lawlor_CD3_CD28_T,cellbridge[shared_top05|rna_only],202937150118_R01C01,0.5440668275563565,0.7410025887794766
Lawlor_CD3_CD28_T,cellbridge[shared_top05|rna_only],202937150118_R02C01,1.3812599864815494,0.9308118088170414
Lawlor_CD3_CD28_T,cellbridge[shared_top05|rna_only],202937150118_R03C01,0.37556135195613227,0.9482625262467996
Lawlor_CD3_CD28_T,cellbridge[shared_top05|rna_only],202937150118_R04C01,0.8481376882761176,0.8023692793711211
Lawlor_CD3_CD28_T,cellbridge[shared_top05|rna_only],202937150118_R05C01,0.8692884966770478,0.7280118688109155
Lawlor_CD3_CD28_T,cellbridge[shared_top05|rna_only],202937150118_R06C01,0.08351246590105299,0.8201184598953465
Lawlor_CD3_CD28_T,cellbridge[shared_top05|rna_only],202937150118_R07C01,0.40677518808594787,0.4740453267636747
Lawlor_CD3_CD28_T,cellbridge[shared_top05|rna_only],202937150118_R08C01,0.699594714414858,0.6490740882955891
Lawlor_CD3_CD28_T,cellbridge[shared_top05|anchors_required],202937150091_R01C01,0.7316879460256623,1.1616854301804787
Lawlor_CD3_CD28_T,cellbridge[shared_top05|anchors_required],202937150091_R02C01,1.0365321415934223,1.1650624807618168
Lawlor_CD3_CD28_T,cellbridge[shared_top05|anchors_required],202937150118_R01C01,0.5524459107303548,0.7378454997098076
Lawlor_CD3_CD28_T,cellbridge[shared_top05|anchors_required],202937150118_R02C01,1.4139838005337224,0.9002956074388843
Lawlor_CD3_CD28_T,cellbridge[shared_top05|anchors_required],202937150118_R03C01,0.352413000007871,0.9424069626038161
Lawlor_CD3_CD28_T,cellbridge[shared_top05|anchors_required],202937150118_R04C01,0.8254792675522696,0.804144515247543
Lawlor_CD3_CD28_T,cellbridge[shared_top05|anchors_required],202937150118_R05C01,0.8695940244140561,0.71915591485607
Lawlor_CD3_CD28_T,cellbridge[shared_top05|anchors_required],202937150118_R06C01,0.09654975220729338,0.8300176489080948
Lawlor_CD3_CD28_T,cellbridge[shared_top05|anchors_required],202937150118_R07C01,0.4057625654943908,0.46826347008457403
Lawlor_CD3_CD28_T,cellbridge[shared_top05|anchors_required],202937150118_R08C01,0.6762997058179119,0.6385378316915258
Lawlor_CD3_CD28_T,cellbridge[shared_top05|rho0],202937150091_R01C01,0.5145906206158156,1.2221924121270393
Lawlor_CD3_CD28_T,cellbridge[shared_top05|rho0],202937150091_R02C01,0.9993669707669488,1.1702033427454128
Lawlor_CD3_CD28_T,cellbridge[shared_top05|rho0],202937150118_R01C01,0.5088143512092529,0.7520774503529734
Lawlor_CD3_CD28_T,cellbridge[shared_top05|rho0],202937150118_R02C01,1.278489167195141,0.9733273964305136
Lawlor_CD3_CD28_T,cellbridge[shared_top05|rho0],202937150118_R03C01,0.41098932449342207,0.9922911954328969
Lawlor_CD3_CD28_T,cellbridge[shared_top05|rho0],202937150118_R04C01,0.9652800815030402,0.8125883360484214
Lawlor_CD3_CD28_T,cellbridge[shared_top05|rho0],202937150118_R05C01,0.941737328947267,0.6823570070197124
Lawlor_CD3_CD28_T,cellbridge[shared_top05|rho0],202937150118_R06C01,0.06732442523361913,0.8695584080525446
Lawlor_CD3_CD28_T,cellbridge[shared_top05|rho0],202937150118_R07C01,0.4596835820042607,0.4704764837427007
Lawlor_CD3_CD28_T,cellbridge[shared_top05|rho0],202937150118_R08C01,0.7465359016848848,0.6724422855780612
Lawlor_CD3_CD28_T,cellbridge[shared_top05|rho_max],202937150091_R01C01,0.8486217333074776,1.133387555001666
Lawlor_CD3_CD28_T,cellbridge[shared_top05|rho_max],202937150091_R02C01,1.0746160325508944,1.1804662989907908
Lawlor_CD3_CD28_T,cellbridge[shared_top05|rho_max],202937150118_R01C01,0.5474616112263395,0.7447716677304584
Lawlor_CD3_CD28_T,cellbridge[shared_top05|rho_max],202937150118_R02C01,1.464462918506942,0.8869352281457354
Lawlor_CD3_CD28_T,cellbridge[shared_top05|rho_max],202937150118_R03C01,0.3709827687516306,0.9337700092053423
Lawlor_CD3_CD28_T,cellbridge[shared_top05|rho_max],202937150118_R04C01,0.8849998294926693,0.8005741421763328
Lawlor_CD3_CD28_T,cellbridge[shared_top05|rho_max],202937150118_R05C01,0.8545211814810193,0.7350331523881469
Lawlor_CD3_CD28_T,cellbridge[shared_top05|rho_max],202937150118_R06C01,0.12416290247048709,0.8005077136331797
Lawlor_CD3_CD28_T,cellbridge[shared_top05|rho_max],202937150118_R07C01,0.415477484904724,0.4783909267343997
Lawlor_CD3_CD28_T,cellbridge[shared_top05|rho_max],202937150118_R08C01,0.7057780508567565,0.6369734726701289
Lawlor_CD3_CD28_T,cellbridge[shared_top05|no_level],202937150091_R01C01,0.7321952422462871,1.171866313322028
Lawlor_CD3_CD28_T,cellbridge[shared_top05|no_level],202937150091_R02C01,1.049263483629831,1.1699500776925162
Lawlor_CD3_CD28_T,cellbridge[shared_top05|no_level],202937150118_R01C01,0.54698066705676,0.7385509520014182
Lawlor_CD3_CD28_T,cellbridge[shared_top05|no_level],202937150118_R02C01,1.3967710170486813,0.9137782732427823
Lawlor_CD3_CD28_T,cellbridge[shared_top05|no_level],202937150118_R03C01,0.3634194072770761,0.9451366391766846
Lawlor_CD3_CD28_T,cellbridge[shared_top05|no_level],202937150118_R04C01,0.8381365391921626,0.8032697712100332
Lawlor_CD3_CD28_T,cellbridge[shared_top05|no_level],202937150118_R05C01,0.8694412605455469,0.7235838918334927
Lawlor_CD3_CD28_T,cellbridge[shared_top05|no_level],202937150118_R06C01,0.08914660871457955,0.8256345383874817
Lawlor_CD3_CD28_T,cellbridge[shared_top05|no_level],202937150118_R07C01,0.40693213088444724,0.471269921896541
Lawlor_CD3_CD28_T,cellbridge[shared_top05|no_level],202937150118_R08C01,0.6939974740476826,0.6450501607202559
Lawlor_CD3_CD28_T,cellbridge[shared_top05|k1],202937150091_R01C01,0.7543104610149601,1.13860719207578
Lawlor_CD3_CD28_T,cellbridge[shared_top05|k1],202937150091_R02C01,1.048044271317622,1.1509352250776919
Lawlor_CD3_CD28_T,cellbridge[shared_top05|k1],202937150118_R01C01,0.5356002905302742,0.763958520533046
Lawlor_CD3_CD28_T,cellbridge[shared_top05|k1],202937150118_R02C01,1.4138315573276636,0.9044733706590885
Lawlor_CD3_CD28_T,cellbridge[shared_top05|k1],202937150118_R03C01,0.3783368425875355,0.919910163851061
Lawlor_CD3_CD28_T,cellbridge[shared_top05|k1],202937150118_R04C01,0.9768308818394731,0.7907390804741455
Lawlor_CD3_CD28_T,cellbridge[shared_top05|k1],202937150118_R05C01,0.8801659934187455,0.7176161235219717
Lawlor_CD3_CD28_T,cellbridge[shared_top05|k1],202937150118_R06C01,0.08986652474365686,0.8232866061694423
Lawlor_CD3_CD28_T,cellbridge[shared_top05|k1],202937150118_R07C01,0.38587811536210903,0.4692209448204695
Lawlor_CD3_CD28_T,cellbridge[shared_top05|k1],202937150118_R08C01,0.7020647620141506,0.6436643020367111
Lawlor_IgM_IgG_B,mean,202937150118_R02C01,0.9462499541040585,0.9828866222314983
Lawlor_IgM_IgG_B,mean,202937150118_R05C01,0.7678354664004738,1.13898037885159
Lawlor_IgM_IgG_B,mean,202937150118_R06C01,4.751056312450651,2.374435186306894
Lawlor_IgM_IgG_B,mean,202937150118_R07C01,0.5397052188673399,0.8765547906855485
Lawlor_IgM_IgG_B,mean,202937150118_R08C01,0.7793215619178032,1.6226870728932647
Lawlor_IgM_IgG_B,rna_ridge,202937150118_R02C01,0.911213572311482,0.9549140404041095
Lawlor_IgM_IgG_B,rna_ridge,202937150118_R05C01,0.7355811087301577,1.1583331682719922
Lawlor_IgM_IgG_B,rna_ridge,202937150118_R06C01,4.726042304966684,2.3009469788537626
Lawlor_IgM_IgG_B,rna_ridge,202937150118_R07C01,0.7482551156077785,0.8987414221040716
Lawlor_IgM_IgG_B,rna_ridge,202937150118_R08C01,0.7793215619178032,1.6226870728932647
Lawlor_IgM_IgG_B,joint_ridge,202937150118_R02C01,0.9122521618242659,0.9550559897358463
Lawlor_IgM_IgG_B,joint_ridge,202937150118_R05C01,0.735703457343468,1.157654603762836
Lawlor_IgM_IgG_B,joint_ridge,202937150118_R06C01,4.726390537881854,2.302484176992059
Lawlor_IgM_IgG_B,joint_ridge,202937150118_R07C01,0.7503303501496119,0.8990383283562948
Lawlor_IgM_IgG_B,joint_ridge,202937150118_R08C01,0.7793215619178032,1.6226870728932647
Lawlor_IgM_IgG_B,v040_abundance_shrinkage,202937150118_R02C01,0.7418051159908358,1.2764807020896214
Lawlor_IgM_IgG_B,v040_abundance_shrinkage,202937150118_R05C01,0.7761925882122728,1.1228395213708084
Lawlor_IgM_IgG_B,v040_abundance_shrinkage,202937150118_R06C01,4.751056312450651,2.374435186306894
Lawlor_IgM_IgG_B,v040_abundance_shrinkage,202937150118_R07C01,0.5397052188673399,0.8765547906855485
Lawlor_IgM_IgG_B,v040_abundance_shrinkage,202937150118_R08C01,0.7793215619178032,1.6226870728932647
Lawlor_IgM_IgG_B,cellbridge[per_target],202937150118_R02C01,0.6923741900431273,1.1984932212022248
Lawlor_IgM_IgG_B,cellbridge[per_target],202937150118_R05C01,1.0927628807328396,1.212422749897847
Lawlor_IgM_IgG_B,cellbridge[per_target],202937150118_R06C01,3.3348742614006524,1.8968379564287703
Lawlor_IgM_IgG_B,cellbridge[per_target],202937150118_R07C01,0.4240467477560445,0.8824939155667602
Lawlor_IgM_IgG_B,cellbridge[per_target],202937150118_R08C01,0.18013377927705465,1.2561922256928568
Lawlor_IgM_IgG_B,cellbridge[shared],202937150118_R02C01,0.6478891987997242,0.9288877952421248
Lawlor_IgM_IgG_B,cellbridge[shared],202937150118_R05C01,0.6715479096099679,1.0400231871134407
Lawlor_IgM_IgG_B,cellbridge[shared],202937150118_R06C01,3.2153493056307947,1.794911344492472
Lawlor_IgM_IgG_B,cellbridge[shared],202937150118_R07C01,0.6190343000348681,0.8473600256866541
Lawlor_IgM_IgG_B,cellbridge[shared],202937150118_R08C01,0.5092872578138461,1.0659336171618887
Lawlor_IgM_IgG_B,cellbridge[shared_top01],202937150118_R02C01,0.5997824192251782,0.908580274296909
Lawlor_IgM_IgG_B,cellbridge[shared_top01],202937150118_R05C01,0.6714963319646778,1.0400984105578888
Lawlor_IgM_IgG_B,cellbridge[shared_top01],202937150118_R06C01,3.174554185006994,1.7892467116680644
Lawlor_IgM_IgG_B,cellbridge[shared_top01],202937150118_R07C01,0.6324944338568993,0.7799651461519022
Lawlor_IgM_IgG_B,cellbridge[shared_top01],202937150118_R08C01,0.508988603051259,1.0662147188106652
Lawlor_IgM_IgG_B,cellbridge[shared_top02],202937150118_R02C01,0.5680540590501812,0.871816153988497
Lawlor_IgM_IgG_B,cellbridge[shared_top02],202937150118_R05C01,0.6716696191619824,1.0405813046727752
Lawlor_IgM_IgG_B,cellbridge[shared_top02],202937150118_R06C01,3.1546030726159655,1.7875360353567245
Lawlor_IgM_IgG_B,cellbridge[shared_top02],202937150118_R07C01,0.6287602486481775,0.8132741454775074
Lawlor_IgM_IgG_B,cellbridge[shared_top02],202937150118_R08C01,0.5077448810942463,1.0673975979755421
Lawlor_IgM_IgG_B,cellbridge[shared_top05],202937150118_R02C01,0.49748734513344295,0.7998583158084643
Lawlor_IgM_IgG_B,cellbridge[shared_top05],202937150118_R05C01,0.6793762890876042,1.0469852520534189
Lawlor_IgM_IgG_B,cellbridge[shared_top05],202937150118_R06C01,3.1965937678948713,1.7899683207821524
Lawlor_IgM_IgG_B,cellbridge[shared_top05],202937150118_R07C01,0.6426834253446618,0.7605838296372874
Lawlor_IgM_IgG_B,cellbridge[shared_top05],202937150118_R08C01,0.49628622465464955,1.090463331384922
Lawlor_IgM_IgG_B,cellbridge[shared_top10],202937150118_R02C01,0.5039245802526526,0.8137765745535596
Lawlor_IgM_IgG_B,cellbridge[shared_top10],202937150118_R05C01,0.6929696102250766,1.0612392666612835
Lawlor_IgM_IgG_B,cellbridge[shared_top10],202937150118_R06C01,3.235488284371832,1.8179033999063714
Lawlor_IgM_IgG_B,cellbridge[shared_top10],202937150118_R07C01,0.6595067474478007,0.761867809433444
Lawlor_IgM_IgG_B,cellbridge[shared_top10],202937150118_R08C01,0.46773630572740854,1.1124465499561893
Lawlor_IgM_IgG_B,cellbridge[per_target_top05],202937150118_R02C01,0.635772429981521,1.0570517702753992
Lawlor_IgM_IgG_B,cellbridge[per_target_top05],202937150118_R05C01,1.2645766661614806,1.2118765270199001
Lawlor_IgM_IgG_B,cellbridge[per_target_top05],202937150118_R06C01,3.4442311736514486,1.9192358699521967
Lawlor_IgM_IgG_B,cellbridge[per_target_top05],202937150118_R07C01,0.5067947672745607,0.8757030452634487
Lawlor_IgM_IgG_B,cellbridge[per_target_top05],202937150118_R08C01,0.14543813238884556,1.2392494760056225
Lawlor_IgM_IgG_B,cellbridge[shared_top05|rna_only],202937150118_R02C01,0.4746612454739384,0.8155359465403026
Lawlor_IgM_IgG_B,cellbridge[shared_top05|rna_only],202937150118_R05C01,0.6821275986541799,1.0545875346511224
Lawlor_IgM_IgG_B,cellbridge[shared_top05|rna_only],202937150118_R06C01,3.2636307503640425,1.8552238577676798
Lawlor_IgM_IgG_B,cellbridge[shared_top05|rna_only],202937150118_R07C01,0.6663179535084823,0.7719015921020366
Lawlor_IgM_IgG_B,cellbridge[shared_top05|rna_only],202937150118_R08C01,0.5001710456337352,1.122387130011309
Lawlor_IgM_IgG_B,cellbridge[shared_top05|anchors_required],202937150118_R02C01,0.5546352478190728,0.8551905957816923
Lawlor_IgM_IgG_B,cellbridge[shared_top05|anchors_required],202937150118_R05C01,0.677834567253679,1.0421807346548622
Lawlor_IgM_IgG_B,cellbridge[shared_top05|anchors_required],202937150118_R06C01,3.150023101703005,1.787148125045165
Lawlor_IgM_IgG_B,cellbridge[shared_top05|anchors_required],202937150118_R07C01,0.6330051405987804,0.794236641664879
Lawlor_IgM_IgG_B,cellbridge[shared_top05|anchors_required],202937150118_R08C01,0.5062320663147224,1.0687300201757222
Lawlor_IgM_IgG_B,cellbridge[shared_top05|rho0],202937150118_R02C01,0.5721856184882241,0.8282574139213378
Lawlor_IgM_IgG_B,cellbridge[shared_top05|rho0],202937150118_R05C01,0.7262326783421649,1.0657761493331612
Lawlor_IgM_IgG_B,cellbridge[shared_top05|rho0],202937150118_R06C01,3.1017561985293627,1.7416168295299042
Lawlor_IgM_IgG_B,cellbridge[shared_top05|rho0],202937150118_R07C01,0.6229171410410108,0.7554695543516553
Lawlor_IgM_IgG_B,cellbridge[shared_top05|rho0],202937150118_R08C01,0.42653492265217724,1.0693821824838563
Lawlor_IgM_IgG_B,cellbridge[shared_top05|rho_max],202937150118_R02C01,0.4664043143980708,0.790658106785106
Lawlor_IgM_IgG_B,cellbridge[shared_top05|rho_max],202937150118_R05C01,0.672198075715752,1.0451632364637917
Lawlor_IgM_IgG_B,cellbridge[shared_top05|rho_max],202937150118_R06C01,3.188911529882322,1.792849206798779
Lawlor_IgM_IgG_B,cellbridge[shared_top05|rho_max],202937150118_R07C01,0.651053998067574,0.7631111019792295
Lawlor_IgM_IgG_B,cellbridge[shared_top05|rho_max],202937150118_R08C01,0.4947575996723604,1.0862672366114654
Lawlor_IgM_IgG_B,cellbridge[shared_top05|no_level],202937150118_R02C01,0.49748734513344295,0.7998583158084643
Lawlor_IgM_IgG_B,cellbridge[shared_top05|no_level],202937150118_R05C01,0.6793762890876042,1.0469852520534189
Lawlor_IgM_IgG_B,cellbridge[shared_top05|no_level],202937150118_R06C01,3.1965937678948713,1.7899683207821524
Lawlor_IgM_IgG_B,cellbridge[shared_top05|no_level],202937150118_R07C01,0.6426834253446618,0.7605838296372874
Lawlor_IgM_IgG_B,cellbridge[shared_top05|no_level],202937150118_R08C01,0.49628622465464955,1.090463331384922
Lawlor_IgM_IgG_B,cellbridge[shared_top05|k1],202937150118_R02C01,0.5901874754361948,0.90780362716028
Lawlor_IgM_IgG_B,cellbridge[shared_top05|k1],202937150118_R05C01,0.8391854910176796,1.1977964462799464
Lawlor_IgM_IgG_B,cellbridge[shared_top05|k1],202937150118_R06C01,3.0953555690162924,1.7419071010545715
Lawlor_IgM_IgG_B,cellbridge[shared_top05|k1],202937150118_R07C01,0.6227117551293472,0.8556254782893158
Lawlor_IgM_IgG_B,cellbridge[shared_top05|k1],202937150118_R08C01,0.2806293927131662,1.1519386095708346
Lawlor_IgM_IgG_Monocyte,mean,202937150091_R01C01,0.6639552424853713,0.7356599648113571
Lawlor_IgM_IgG_Monocyte,mean,202937150091_R02C01,1.4818059473241658,0.9473495157960724
Lawlor_IgM_IgG_Monocyte,mean,202937150118_R01C01,0.17556109003977127,0.7818872797501382
Lawlor_IgM_IgG_Monocyte,mean,202937150118_R02C01,2.5299723484935495,1.3368742876987947
Lawlor_IgM_IgG_Monocyte,mean,202937150118_R03C01,0.4824178361787592,0.9554964946708738
Lawlor_IgM_IgG_Monocyte,mean,202937150118_R04C01,1.5538039689175442,1.1386469943368325
Lawlor_IgM_IgG_Monocyte,mean,202937150118_R05C01,0.3319047391479435,0.8952465890088412
Lawlor_IgM_IgG_Monocyte,mean,202937150118_R06C01,0.46370404417395616,1.641977091011435
Lawlor_IgM_IgG_Monocyte,mean,202937150118_R07C01,0.3955741193212496,0.5959739012686435
Lawlor_IgM_IgG_Monocyte,mean,202937150118_R08C01,1.4728105398578513,0.9515972444502735
Lawlor_IgM_IgG_Monocyte,rna_ridge,202937150091_R01C01,0.6854907229168622,0.6966011249753103
Lawlor_IgM_IgG_Monocyte,rna_ridge,202937150091_R02C01,1.0534285942923614,0.8860639170919274
Lawlor_IgM_IgG_Monocyte,rna_ridge,202937150118_R01C01,0.2646601089144977,0.7725535700588253
Lawlor_IgM_IgG_Monocyte,rna_ridge,202937150118_R02C01,2.017320531616888,1.0959454957419055
Lawlor_IgM_IgG_Monocyte,rna_ridge,202937150118_R03C01,0.7644672392021103,0.9090076748386867
Lawlor_IgM_IgG_Monocyte,rna_ridge,202937150118_R04C01,1.5705654274309397,1.1861930779970051
Lawlor_IgM_IgG_Monocyte,rna_ridge,202937150118_R05C01,0.46186158773738184,1.0456291791252337
Lawlor_IgM_IgG_Monocyte,rna_ridge,202937150118_R06C01,0.402545220434379,1.642135091849912
Lawlor_IgM_IgG_Monocyte,rna_ridge,202937150118_R07C01,0.32379801037231315,0.6049249039344851
Lawlor_IgM_IgG_Monocyte,rna_ridge,202937150118_R08C01,1.2548292056742296,0.8218436311204952
Lawlor_IgM_IgG_Monocyte,joint_ridge,202937150091_R01C01,0.6881571116107817,0.6955581463122454
Lawlor_IgM_IgG_Monocyte,joint_ridge,202937150091_R02C01,1.0542991988897752,0.8856158466640665
Lawlor_IgM_IgG_Monocyte,joint_ridge,202937150118_R01C01,0.2711914643123773,0.7728011310905285
Lawlor_IgM_IgG_Monocyte,joint_ridge,202937150118_R02C01,2.0118049453445654,1.094072675150342
Lawlor_IgM_IgG_Monocyte,joint_ridge,202937150118_R03C01,0.7965584664914325,0.91112511378668
Lawlor_IgM_IgG_Monocyte,joint_ridge,202937150118_R04C01,1.5662486269666223,1.1981697477813031
Lawlor_IgM_IgG_Monocyte,joint_ridge,202937150118_R05C01,0.45227463795961836,1.0501252392263634
Lawlor_IgM_IgG_Monocyte,joint_ridge,202937150118_R06C01,0.4021161466996723,1.63456238640845
Lawlor_IgM_IgG_Monocyte,joint_ridge,202937150118_R07C01,0.3249009424314972,0.6045641859225727
Lawlor_IgM_IgG_Monocyte,joint_ridge,202937150118_R08C01,1.25248649437777,0.8186967137264424
Lawlor_IgM_IgG_Monocyte,v040_abundance_shrinkage,202937150091_R01C01,0.7166711061016626,0.5764262413989603
Lawlor_IgM_IgG_Monocyte,v040_abundance_shrinkage,202937150091_R02C01,0.45962411704878126,0.9149962224701093
Lawlor_IgM_IgG_Monocyte,v040_abundance_shrinkage,202937150118_R01C01,0.7204460174838473,0.8654395324465359
Lawlor_IgM_IgG_Monocyte,v040_abundance_shrinkage,202937150118_R02C01,1.0671863755222317,0.9779544194003095
Lawlor_IgM_IgG_Monocyte,v040_abundance_shrinkage,202937150118_R03C01,0.8760752064623212,0.9303400198620648
Lawlor_IgM_IgG_Monocyte,v040_abundance_shrinkage,202937150118_R04C01,1.179297666981837,0.7087143777168755
Lawlor_IgM_IgG_Monocyte,v040_abundance_shrinkage,202937150118_R05C01,0.4742948812786669,0.6770261895026953
Lawlor_IgM_IgG_Monocyte,v040_abundance_shrinkage,202937150118_R06C01,0.7731288321154379,0.9213042776636816
Lawlor_IgM_IgG_Monocyte,v040_abundance_shrinkage,202937150118_R07C01,0.30388018867974864,0.5212469839781751
Lawlor_IgM_IgG_Monocyte,v040_abundance_shrinkage,202937150118_R08C01,1.1037578979802927,0.5760457830903001
Lawlor_IgM_IgG_Monocyte,cellbridge[per_target],202937150091_R01C01,0.2993001816836103,0.5822157991313499
Lawlor_IgM_IgG_Monocyte,cellbridge[per_target],202937150091_R02C01,1.2143333195116537,0.9730093209512561
Lawlor_IgM_IgG_Monocyte,cellbridge[per_target],202937150118_R01C01,0.536687351495702,0.5500155204055703
Lawlor_IgM_IgG_Monocyte,cellbridge[per_target],202937150118_R02C01,1.0924402072716695,0.9271772310261525
Lawlor_IgM_IgG_Monocyte,cellbridge[per_target],202937150118_R03C01,0.6290792625577003,0.9020904349087288
Lawlor_IgM_IgG_Monocyte,cellbridge[per_target],202937150118_R04C01,1.2882592500390542,0.7089274910437817
Lawlor_IgM_IgG_Monocyte,cellbridge[per_target],202937150118_R05C01,0.2840098431241731,0.7080442376647487
Lawlor_IgM_IgG_Monocyte,cellbridge[per_target],202937150118_R06C01,0.41621319367645965,1.1685934933084252
Lawlor_IgM_IgG_Monocyte,cellbridge[per_target],202937150118_R07C01,0.456640154863153,0.5102248239569973
Lawlor_IgM_IgG_Monocyte,cellbridge[per_target],202937150118_R08C01,1.2283558650781767,0.6357957662250981
Lawlor_IgM_IgG_Monocyte,cellbridge[shared],202937150091_R01C01,0.320860934843076,0.4625525651616117
Lawlor_IgM_IgG_Monocyte,cellbridge[shared],202937150091_R02C01,1.3813879957313782,0.8194635477984199
Lawlor_IgM_IgG_Monocyte,cellbridge[shared],202937150118_R01C01,0.4030779427270092,0.4889932965313081
Lawlor_IgM_IgG_Monocyte,cellbridge[shared],202937150118_R02C01,0.9682576362517225,0.9525622254229609
Lawlor_IgM_IgG_Monocyte,cellbridge[shared],202937150118_R03C01,0.30218216197520376,0.7281620011361282
Lawlor_IgM_IgG_Monocyte,cellbridge[shared],202937150118_R04C01,0.8107390092779951,0.5598883981815692
Lawlor_IgM_IgG_Monocyte,cellbridge[shared],202937150118_R05C01,0.127196494116008,0.6029057820154293
Lawlor_IgM_IgG_Monocyte,cellbridge[shared],202937150118_R06C01,0.5605470247157021,0.7519121997618206
Lawlor_IgM_IgG_Monocyte,cellbridge[shared],202937150118_R07C01,0.5234683833638638,0.47268338126311527
Lawlor_IgM_IgG_Monocyte,cellbridge[shared],202937150118_R08C01,1.3563928101859661,0.5770550172837886
Lawlor_IgM_IgG_Monocyte,cellbridge[shared_top01],202937150091_R01C01,0.3287031776710113,0.46552802820264966
Lawlor_IgM_IgG_Monocyte,cellbridge[shared_top01],202937150091_R02C01,1.3712318200335873,0.8147033943334564
Lawlor_IgM_IgG_Monocyte,cellbridge[shared_top01],202937150118_R01C01,0.39275974916614903,0.487140642156402
Lawlor_IgM_IgG_Monocyte,cellbridge[shared_top01],202937150118_R02C01,0.9680425501844295,0.9573322091870028
Lawlor_IgM_IgG_Monocyte,cellbridge[shared_top01],202937150118_R03C01,0.3141807456830296,0.7286288603677638
Lawlor_IgM_IgG_Monocyte,cellbridge[shared_top01],202937150118_R04C01,0.8239659449814601,0.5654105486944105
Lawlor_IgM_IgG_Monocyte,cellbridge[shared_top01],202937150118_R05C01,0.20797855107836963,0.6455175372669437
Lawlor_IgM_IgG_Monocyte,cellbridge[shared_top01],202937150118_R06C01,0.5661028219253996,0.7539516190778112
Lawlor_IgM_IgG_Monocyte,cellbridge[shared_top01],202937150118_R07C01,0.5807712898497902,0.5041313706674
Lawlor_IgM_IgG_Monocyte,cellbridge[shared_top01],202937150118_R08C01,1.3618364221906505,0.5780278084921335
Lawlor_IgM_IgG_Monocyte,cellbridge[shared_top02],202937150091_R01C01,0.3698707507921825,0.46638896148206427
Lawlor_IgM_IgG_Monocyte,cellbridge[shared_top02],202937150091_R02C01,1.3527932351328988,0.8102437449172352
Lawlor_IgM_IgG_Monocyte,cellbridge[shared_top02],202937150118_R01C01,0.41673050205658,0.48551796516187673
Lawlor_IgM_IgG_Monocyte,cellbridge[shared_top02],202937150118_R02C01,0.9759735828386374,0.9526730360397783
Lawlor_IgM_IgG_Monocyte,cellbridge[shared_top02],202937150118_R03C01,0.27631938546514817,0.7146944878572572
Lawlor_IgM_IgG_Monocyte,cellbridge[shared_top02],202937150118_R04C01,0.8058204193198374,0.5594453362150273
Lawlor_IgM_IgG_Monocyte,cellbridge[shared_top02],202937150118_R05C01,0.1385818786654075,0.6242429215243651
Lawlor_IgM_IgG_Monocyte,cellbridge[shared_top02],202937150118_R06C01,0.5663521014269313,0.7523557175916906
Lawlor_IgM_IgG_Monocyte,cellbridge[shared_top02],202937150118_R07C01,0.5796244720692415,0.5013244653816332
Lawlor_IgM_IgG_Monocyte,cellbridge[shared_top02],202937150118_R08C01,1.334077964966068,0.575355265208794
Lawlor_IgM_IgG_Monocyte,cellbridge[shared_top05],202937150091_R01C01,0.4272871587491716,0.45883052130529756
Lawlor_IgM_IgG_Monocyte,cellbridge[shared_top05],202937150091_R02C01,1.3229157062760826,0.8118854178967447
Lawlor_IgM_IgG_Monocyte,cellbridge[shared_top05],202937150118_R01C01,0.41728060770308867,0.5182565396725436
Lawlor_IgM_IgG_Monocyte,cellbridge[shared_top05],202937150118_R02C01,1.0150417526330602,0.9012207992893704
Lawlor_IgM_IgG_Monocyte,cellbridge[shared_top05],202937150118_R03C01,0.44133096812193395,0.726239939827549
Lawlor_IgM_IgG_Monocyte,cellbridge[shared_top05],202937150118_R04C01,0.9315367151247357,0.6521605646048984
Lawlor_IgM_IgG_Monocyte,cellbridge[shared_top05],202937150118_R05C01,0.18206918063574487,0.6184367740136172
Lawlor_IgM_IgG_Monocyte,cellbridge[shared_top05],202937150118_R06C01,0.36895552115108965,0.8726853171388712
Lawlor_IgM_IgG_Monocyte,cellbridge[shared_top05],202937150118_R07C01,0.5383997236003913,0.48267396272934626
Lawlor_IgM_IgG_Monocyte,cellbridge[shared_top05],202937150118_R08C01,1.34828497730735,0.6003503625380255
Lawlor_IgM_IgG_Monocyte,cellbridge[shared_top10],202937150091_R01C01,0.34429665173847956,0.47143823049136613
Lawlor_IgM_IgG_Monocyte,cellbridge[shared_top10],202937150091_R02C01,1.3217700907645653,0.8624884204455965
Lawlor_IgM_IgG_Monocyte,cellbridge[shared_top10],202937150118_R01C01,0.40559643763513753,0.5460179575170682
Lawlor_IgM_IgG_Monocyte,cellbridge[shared_top10],202937150118_R02C01,1.0144592556241554,0.8739637734138636
Lawlor_IgM_IgG_Monocyte,cellbridge[shared_top10],202937150118_R03C01,0.5339579719168317,0.7451853545752474
Lawlor_IgM_IgG_Monocyte,cellbridge[shared_top10],202937150118_R04C01,1.1669934161528421,0.8196472880328421
Lawlor_IgM_IgG_Monocyte,cellbridge[shared_top10],202937150118_R05C01,0.20670784037630646,0.6360464802605128
Lawlor_IgM_IgG_Monocyte,cellbridge[shared_top10],202937150118_R06C01,0.06734480274982137,1.0764727093796322
Lawlor_IgM_IgG_Monocyte,cellbridge[shared_top10],202937150118_R07C01,0.4991964895784881,0.48638951337392083
Lawlor_IgM_IgG_Monocyte,cellbridge[shared_top10],202937150118_R08C01,1.3891861139402435,0.648264491738482
Lawlor_IgM_IgG_Monocyte,cellbridge[per_target_top05],202937150091_R01C01,0.3763104621308629,0.5438009497997905
Lawlor_IgM_IgG_Monocyte,cellbridge[per_target_top05],202937150091_R02C01,1.1836291000014374,0.8636336020200405
Lawlor_IgM_IgG_Monocyte,cellbridge[per_target_top05],202937150118_R01C01,0.4766266677043342,0.5390100842642462
Lawlor_IgM_IgG_Monocyte,cellbridge[per_target_top05],202937150118_R02C01,1.3765309859722221,0.8742017795252177
Lawlor_IgM_IgG_Monocyte,cellbridge[per_target_top05],202937150118_R03C01,0.6712776714427237,0.799192144244967
Lawlor_IgM_IgG_Monocyte,cellbridge[per_target_top05],202937150118_R04C01,1.550762405446388,0.8082462540687427
Lawlor_IgM_IgG_Monocyte,cellbridge[per_target_top05],202937150118_R05C01,0.24747383517737614,0.639967046098534
Lawlor_IgM_IgG_Monocyte,cellbridge[per_target_top05],202937150118_R06C01,0.18794476116965897,1.2190153234761698
Lawlor_IgM_IgG_Monocyte,cellbridge[per_target_top05],202937150118_R07C01,0.4729175063865998,0.4838312503418047
Lawlor_IgM_IgG_Monocyte,cellbridge[per_target_top05],202937150118_R08C01,1.3455616442569551,0.6567610144598536
Lawlor_IgM_IgG_Monocyte,cellbridge[shared_top05|rna_only],202937150091_R01C01,0.06597640690943476,0.5278799118121947
Lawlor_IgM_IgG_Monocyte,cellbridge[shared_top05|rna_only],202937150091_R02C01,1.2379484650329327,0.8380083089746201
Lawlor_IgM_IgG_Monocyte,cellbridge[shared_top05|rna_only],202937150118_R01C01,0.5182182447897545,0.5662698954271428
Lawlor_IgM_IgG_Monocyte,cellbridge[shared_top05|rna_only],202937150118_R02C01,1.183759683886589,0.9205460164841732
Lawlor_IgM_IgG_Monocyte,cellbridge[shared_top05|rna_only],202937150118_R03C01,0.44297628945323375,0.797007366595338
Lawlor_IgM_IgG_Monocyte,cellbridge[shared_top05|rna_only],202937150118_R04C01,1.562068630256998,1.115774035973141
Lawlor_IgM_IgG_Monocyte,cellbridge[shared_top05|rna_only],202937150118_R05C01,0.2686947744409491,0.6893251624476223
Lawlor_IgM_IgG_Monocyte,cellbridge[shared_top05|rna_only],202937150118_R06C01,0.5183981539347955,1.521312893245108
Lawlor_IgM_IgG_Monocyte,cellbridge[shared_top05|rna_only],202937150118_R07C01,0.3769658269532601,0.45748712619199844
Lawlor_IgM_IgG_Monocyte,cellbridge[shared_top05|rna_only],202937150118_R08C01,1.5392889150415336,0.6578810020953577
Lawlor_IgM_IgG_Monocyte,cellbridge[shared_top05|anchors_required],202937150091_R01C01,0.4165617664675836,0.4674141673742652
Lawlor_IgM_IgG_Monocyte,cellbridge[shared_top05|anchors_required],202937150091_R02C01,1.3387174207293222,0.805180374829773
Lawlor_IgM_IgG_Monocyte,cellbridge[shared_top05|anchors_required],202937150118_R01C01,0.4327083428661033,0.485676996500186
Lawlor_IgM_IgG_Monocyte,cellbridge[shared_top05|anchors_required],202937150118_R02C01,0.9879300234580543,0.9428723568343231
Lawlor_IgM_IgG_Monocyte,cellbridge[shared_top05|anchors_required],202937150118_R03C01,0.26672791138946056,0.7090191634247897
Lawlor_IgM_IgG_Monocyte,cellbridge[shared_top05|anchors_required],202937150118_R04C01,0.7785382140832955,0.5544180059249955
Lawlor_IgM_IgG_Monocyte,cellbridge[shared_top05|anchors_required],202937150118_R05C01,0.14472235349853368,0.6163619667160317
Lawlor_IgM_IgG_Monocyte,cellbridge[shared_top05|anchors_required],202937150118_R06C01,0.5671575713869528,0.7536035106216772
Lawlor_IgM_IgG_Monocyte,cellbridge[shared_top05|anchors_required],202937150118_R07C01,0.5624677596638371,0.492115095990792
Lawlor_IgM_IgG_Monocyte,cellbridge[shared_top05|anchors_required],202937150118_R08C01,1.341875866532712,0.5765803276321304
Lawlor_IgM_IgG_Monocyte,cellbridge[shared_top05|rho0],202937150091_R01C01,0.2573847799348571,0.4837040651677174
Lawlor_IgM_IgG_Monocyte,cellbridge[shared_top05|rho0],202937150091_R02C01,1.399275059226964,0.8415248414651193
Lawlor_IgM_IgG_Monocyte,cellbridge[shared_top05|rho0],202937150118_R01C01,0.35993021380627893,0.516087937965986
Lawlor_IgM_IgG_Monocyte,cellbridge[shared_top05|rho0],202937150118_R02C01,1.1024738869168473,0.8542279672916188
Lawlor_IgM_IgG_Monocyte,cellbridge[shared_top05|rho0],202937150118_R03C01,0.5081397720252083,0.7706530667512554
Lawlor_IgM_IgG_Monocyte,cellbridge[shared_top05|rho0],202937150118_R04C01,0.9998951343115805,0.661249868562582
Lawlor_IgM_IgG_Monocyte,cellbridge[shared_top05|rho0],202937150118_R05C01,0.2142653168869174,0.6009858900182946
Lawlor_IgM_IgG_Monocyte,cellbridge[shared_top05|rho0],202937150118_R06C01,0.4257155450336174,0.8073593240254455
Lawlor_IgM_IgG_Monocyte,cellbridge[shared_top05|rho0],202937150118_R07C01,0.5562495326748842,0.47157153018056347
Lawlor_IgM_IgG_Monocyte,cellbridge[shared_top05|rho0],202937150118_R08C01,1.407315607345826,0.604255662600023
Lawlor_IgM_IgG_Monocyte,cellbridge[shared_top05|rho_max],202937150091_R01C01,0.6475873026615898,0.4874717247064022
Lawlor_IgM_IgG_Monocyte,cellbridge[shared_top05|rho_max],202937150091_R02C01,1.2482247908749284,0.8224470583221052
Lawlor_IgM_IgG_Monocyte,cellbridge[shared_top05|rho_max],202937150118_R01C01,0.4969681028903629,0.5235432949316362
Lawlor_IgM_IgG_Monocyte,cellbridge[shared_top05|rho_max],202937150118_R02C01,0.9278952126958239,0.9799966448484324
Lawlor_IgM_IgG_Monocyte,cellbridge[shared_top05|rho_max],202937150118_R03C01,0.4091699644121928,0.715281685090874
Lawlor_IgM_IgG_Monocyte,cellbridge[shared_top05|rho_max],202937150118_R04C01,0.818534608735954,0.6098075879698972
Lawlor_IgM_IgG_Monocyte,cellbridge[shared_top05|rho_max],202937150118_R05C01,0.3764268941408621,0.6738641998390348
Lawlor_IgM_IgG_Monocyte,cellbridge[shared_top05|rho_max],202937150118_R06C01,0.36554687460363267,0.9058024143307358
Lawlor_IgM_IgG_Monocyte,cellbridge[shared_top05|rho_max],202937150118_R07C01,0.5715501777117782,0.5019916355791272
Lawlor_IgM_IgG_Monocyte,cellbridge[shared_top05|rho_max],202937150118_R08C01,1.3869857389619755,0.6184571052501695
Lawlor_IgM_IgG_Monocyte,cellbridge[shared_top05|no_level],202937150091_R01C01,0.4272871587491716,0.45883052130529756
Lawlor_IgM_IgG_Monocyte,cellbridge[shared_top05|no_level],202937150091_R02C01,1.3229157062760826,0.8118854178967447
Lawlor_IgM_IgG_Monocyte,cellbridge[shared_top05|no_level],202937150118_R01C01,0.41728060770308867,0.5182565396725436
Lawlor_IgM_IgG_Monocyte,cellbridge[shared_top05|no_level],202937150118_R02C01,1.0150417526330602,0.9012207992893704
Lawlor_IgM_IgG_Monocyte,cellbridge[shared_top05|no_level],202937150118_R03C01,0.44133096812193395,0.726239939827549
Lawlor_IgM_IgG_Monocyte,cellbridge[shared_top05|no_level],202937150118_R04C01,0.9315367151247357,0.6521605646048984
Lawlor_IgM_IgG_Monocyte,cellbridge[shared_top05|no_level],202937150118_R05C01,0.18206918063574487,0.6184367740136172
Lawlor_IgM_IgG_Monocyte,cellbridge[shared_top05|no_level],202937150118_R06C01,0.36895552115108965,0.8726853171388712
Lawlor_IgM_IgG_Monocyte,cellbridge[shared_top05|no_level],202937150118_R07C01,0.5383997236003913,0.48267396272934626
Lawlor_IgM_IgG_Monocyte,cellbridge[shared_top05|no_level],202937150118_R08C01,1.34828497730735,0.6003503625380255
Lawlor_IgM_IgG_Monocyte,cellbridge[shared_top05|k1],202937150091_R01C01,0.33874524358852565,0.46444452407242276
Lawlor_IgM_IgG_Monocyte,cellbridge[shared_top05|k1],202937150091_R02C01,1.3711747105010796,0.8114446437644122
Lawlor_IgM_IgG_Monocyte,cellbridge[shared_top05|k1],202937150118_R01C01,0.3872442829286044,0.48579947544463425
Lawlor_IgM_IgG_Monocyte,cellbridge[shared_top05|k1],202937150118_R02C01,0.969080012171565,0.9574838941045835
Lawlor_IgM_IgG_Monocyte,cellbridge[shared_top05|k1],202937150118_R03C01,0.30459878141667657,0.7267019283246278
Lawlor_IgM_IgG_Monocyte,cellbridge[shared_top05|k1],202937150118_R04C01,0.8256063570165424,0.5628792952309098
Lawlor_IgM_IgG_Monocyte,cellbridge[shared_top05|k1],202937150118_R05C01,0.19014803440603784,0.6426436304414455
Lawlor_IgM_IgG_Monocyte,cellbridge[shared_top05|k1],202937150118_R06C01,0.567946624180433,0.7520619963093951
Lawlor_IgM_IgG_Monocyte,cellbridge[shared_top05|k1],202937150118_R07C01,0.5736092892341869,0.5000156537589554
Lawlor_IgM_IgG_Monocyte,cellbridge[shared_top05|k1],202937150118_R08C01,1.3562096860174808,0.5775727468710292
Lawlor_IgM_IgG_NK,mean,202937150091_R01C01,0.5241748708391081,0.7948515660583466
Lawlor_IgM_IgG_NK,mean,202937150091_R02C01,0.9801215752517147,0.754038156648555
Lawlor_IgM_IgG_NK,mean,202937150118_R01C01,0.21690120890387565,0.6478632415765495
Lawlor_IgM_IgG_NK,mean,202937150118_R02C01,1.6812708720142977,1.2219453617591824
Lawlor_IgM_IgG_NK,mean,202937150118_R03C01,0.44468470736863874,0.8735421669917793
Lawlor_IgM_IgG_NK,mean,202937150118_R04C01,0.3426458545789578,1.3120379240577944
Lawlor_IgM_IgG_NK,mean,202937150118_R05C01,1.5381727835910435,1.4235529790652544
Lawlor_IgM_IgG_NK,mean,202937150118_R06C01,0.343593532030146,0.9426975344240083
Lawlor_IgM_IgG_NK,mean,202937150118_R07C01,0.9726092170056804,1.0746301151728959
Lawlor_IgM_IgG_NK,mean,202937150118_R08C01,2.42244445859511,0.8407048489752859
Lawlor_IgM_IgG_NK,rna_ridge,202937150091_R01C01,0.6958558407415558,0.7839787643837194
Lawlor_IgM_IgG_NK,rna_ridge,202937150091_R02C01,0.9220364338698691,0.7393358921297096
Lawlor_IgM_IgG_NK,rna_ridge,202937150118_R01C01,0.2067957554556477,0.6871170678066509
Lawlor_IgM_IgG_NK,rna_ridge,202937150118_R02C01,1.707463684147611,1.1569938610576735
Lawlor_IgM_IgG_NK,rna_ridge,202937150118_R03C01,0.4904470795152085,0.8504362858781005
Lawlor_IgM_IgG_NK,rna_ridge,202937150118_R04C01,0.2718748080732504,1.2462670424919604
Lawlor_IgM_IgG_NK,rna_ridge,202937150118_R05C01,1.432063984279423,1.4597748131352768
Lawlor_IgM_IgG_NK,rna_ridge,202937150118_R06C01,0.2619281179763282,0.9117241630505365
Lawlor_IgM_IgG_NK,rna_ridge,202937150118_R07C01,0.988441484436607,1.01080788044581
Lawlor_IgM_IgG_NK,rna_ridge,202937150118_R08C01,2.3999525760724585,0.8829437011591231
Lawlor_IgM_IgG_NK,joint_ridge,202937150091_R01C01,0.6932874675602674,0.7839128851700048
Lawlor_IgM_IgG_NK,joint_ridge,202937150091_R02C01,0.9156761709899178,0.7396023087750652
Lawlor_IgM_IgG_NK,joint_ridge,202937150118_R01C01,0.20476170888436504,0.6849789273916342
Lawlor_IgM_IgG_NK,joint_ridge,202937150118_R02C01,1.7007308106300218,1.1550727695061465
Lawlor_IgM_IgG_NK,joint_ridge,202937150118_R03C01,0.4920877385403115,0.8491485392485936
Lawlor_IgM_IgG_NK,joint_ridge,202937150118_R04C01,0.28108547189506156,1.2490175586944547
Lawlor_IgM_IgG_NK,joint_ridge,202937150118_R05C01,1.4208522670189065,1.4613914070988683
Lawlor_IgM_IgG_NK,joint_ridge,202937150118_R06C01,0.23061832248219202,0.9033175980134994
Lawlor_IgM_IgG_NK,joint_ridge,202937150118_R07C01,0.988111260660476,1.0107468567793831
Lawlor_IgM_IgG_NK,joint_ridge,202937150118_R08C01,2.397098984182932,0.8830369375409506
Lawlor_IgM_IgG_NK,v040_abundance_shrinkage,202937150091_R01C01,0.5026763967470875,0.7478124821413703
Lawlor_IgM_IgG_NK,v040_abundance_shrinkage,202937150091_R02C01,0.8785677663027442,0.7024749325529153
Lawlor_IgM_IgG_NK,v040_abundance_shrinkage,202937150118_R01C01,0.212932981623136,0.6376638236189863
Lawlor_IgM_IgG_NK,v040_abundance_shrinkage,202937150118_R02C01,1.400215055421263,1.1473711557426818
Lawlor_IgM_IgG_NK,v040_abundance_shrinkage,202937150118_R03C01,0.39261740820981295,0.8473982015083157
Lawlor_IgM_IgG_NK,v040_abundance_shrinkage,202937150118_R04C01,0.44742278252167494,1.4297081299725753
Lawlor_IgM_IgG_NK,v040_abundance_shrinkage,202937150118_R05C01,1.678250413342647,1.4454566108464175
Lawlor_IgM_IgG_NK,v040_abundance_shrinkage,202937150118_R06C01,0.2868755455914025,0.871989291570782
Lawlor_IgM_IgG_NK,v040_abundance_shrinkage,202937150118_R07C01,1.0996959235726749,1.1105884816248746
Lawlor_IgM_IgG_NK,v040_abundance_shrinkage,202937150118_R08C01,2.53919892325634,0.8788260531524117
Lawlor_IgM_IgG_NK,cellbridge[per_target],202937150091_R01C01,0.7015257543686917,0.7812447568821907
Lawlor_IgM_IgG_NK,cellbridge[per_target],202937150091_R02C01,0.7549137598159886,0.676773518111298
Lawlor_IgM_IgG_NK,cellbridge[per_target],202937150118_R01C01,0.7019685868032461,0.6435031383969296
Lawlor_IgM_IgG_NK,cellbridge[per_target],202937150118_R02C01,1.5536976153855528,0.986863016363264
Lawlor_IgM_IgG_NK,cellbridge[per_target],202937150118_R03C01,0.5860592888460319,0.8498174449846796
Lawlor_IgM_IgG_NK,cellbridge[per_target],202937150118_R04C01,0.6908955425038434,1.1050890075414364
Lawlor_IgM_IgG_NK,cellbridge[per_target],202937150118_R05C01,1.5859626462848868,1.454100561666842
Lawlor_IgM_IgG_NK,cellbridge[per_target],202937150118_R06C01,0.4145047364266083,0.8474546364562875
Lawlor_IgM_IgG_NK,cellbridge[per_target],202937150118_R07C01,0.9794800569120002,1.1412260700388015
Lawlor_IgM_IgG_NK,cellbridge[per_target],202937150118_R08C01,2.5855442770566253,0.9496072034549077
Lawlor_IgM_IgG_NK,cellbridge[shared],202937150091_R01C01,0.518040267111049,0.760517930267914
Lawlor_IgM_IgG_NK,cellbridge[shared],202937150091_R02C01,0.7443675138442095,0.6549093242731103
Lawlor_IgM_IgG_NK,cellbridge[shared],202937150118_R01C01,0.2517200703628548,0.672659338992913
Lawlor_IgM_IgG_NK,cellbridge[shared],202937150118_R02C01,1.5468869386317472,1.0118434665683131
Lawlor_IgM_IgG_NK,cellbridge[shared],202937150118_R03C01,0.3809859453362223,0.8070730910813
Lawlor_IgM_IgG_NK,cellbridge[shared],202937150118_R04C01,0.6314224741657056,1.2255711323940284
Lawlor_IgM_IgG_NK,cellbridge[shared],202937150118_R05C01,1.3824273175529425,1.4550419619149306
Lawlor_IgM_IgG_NK,cellbridge[shared],202937150118_R06C01,0.36361640126484535,0.8015190073614744
Lawlor_IgM_IgG_NK,cellbridge[shared],202937150118_R07C01,0.9938611593869482,1.0631647303333387
Lawlor_IgM_IgG_NK,cellbridge[shared],202937150118_R08C01,2.658824185066444,0.9659796863227031
Lawlor_IgM_IgG_NK,cellbridge[shared_top01],202937150091_R01C01,0.5624576366517366,0.7541784604423397
Lawlor_IgM_IgG_NK,cellbridge[shared_top01],202937150091_R02C01,0.7312633655717222,0.6398432256211072
Lawlor_IgM_IgG_NK,cellbridge[shared_top01],202937150118_R01C01,0.25140303696656396,0.6427204956361752
Lawlor_IgM_IgG_NK,cellbridge[shared_top01],202937150118_R02C01,1.5435952669817574,1.0303085768672373
Lawlor_IgM_IgG_NK,cellbridge[shared_top01],202937150118_R03C01,0.31957639009128963,0.802180425539098
Lawlor_IgM_IgG_NK,cellbridge[shared_top01],202937150118_R04C01,0.6334491145853188,1.2329586732982234
Lawlor_IgM_IgG_NK,cellbridge[shared_top01],202937150118_R05C01,1.4141046335878409,1.4663312095545653
Lawlor_IgM_IgG_NK,cellbridge[shared_top01],202937150118_R06C01,0.30449520418913584,0.8282703668565712
Lawlor_IgM_IgG_NK,cellbridge[shared_top01],202937150118_R07C01,0.9968316462521937,1.0631687915376804
Lawlor_IgM_IgG_NK,cellbridge[shared_top01],202937150118_R08C01,2.770620711832254,0.963909323109922
Lawlor_IgM_IgG_NK,cellbridge[shared_top02],202937150091_R01C01,0.5555319861674646,0.7460443004700951
Lawlor_IgM_IgG_NK,cellbridge[shared_top02],202937150091_R02C01,0.7419413323994493,0.6496764737270052
Lawlor_IgM_IgG_NK,cellbridge[shared_top02],202937150118_R01C01,0.23259553400302538,0.6470673410910238
Lawlor_IgM_IgG_NK,cellbridge[shared_top02],202937150118_R02C01,1.5345160395579438,1.0368777327725305
Lawlor_IgM_IgG_NK,cellbridge[shared_top02],202937150118_R03C01,0.3204947721281993,0.8048985517356418
Lawlor_IgM_IgG_NK,cellbridge[shared_top02],202937150118_R04C01,0.6929993365400964,1.2291959882856633
Lawlor_IgM_IgG_NK,cellbridge[shared_top02],202937150118_R05C01,1.4681125990183546,1.446827175024425
Lawlor_IgM_IgG_NK,cellbridge[shared_top02],202937150118_R06C01,0.2928075107540241,0.8234689720748354
Lawlor_IgM_IgG_NK,cellbridge[shared_top02],202937150118_R07C01,1.0000149232893891,1.0623112907209307
Lawlor_IgM_IgG_NK,cellbridge[shared_top02],202937150118_R08C01,2.751505668971804,0.9592152770924115
Lawlor_IgM_IgG_NK,cellbridge[shared_top05],202937150091_R01C01,0.5445821687556629,0.7440615342354491
Lawlor_IgM_IgG_NK,cellbridge[shared_top05],202937150091_R02C01,0.7600753234410668,0.6576132678162543
Lawlor_IgM_IgG_NK,cellbridge[shared_top05],202937150118_R01C01,0.21315881995787758,0.6615933919651547
Lawlor_IgM_IgG_NK,cellbridge[shared_top05],202937150118_R02C01,1.5155283869401868,1.0775956712857502
Lawlor_IgM_IgG_NK,cellbridge[shared_top05],202937150118_R03C01,0.3294496571075478,0.8098593582647434
Lawlor_IgM_IgG_NK,cellbridge[shared_top05],202937150118_R04C01,0.6810769746763864,1.2302322858196177
Lawlor_IgM_IgG_NK,cellbridge[shared_top05],202937150118_R05C01,1.4943936032650844,1.4323626021606826
Lawlor_IgM_IgG_NK,cellbridge[shared_top05],202937150118_R06C01,0.2850145393084886,0.8311506333510413
Lawlor_IgM_IgG_NK,cellbridge[shared_top05],202937150118_R07C01,0.9940926411331719,1.0583253848497203
Lawlor_IgM_IgG_NK,cellbridge[shared_top05],202937150118_R08C01,2.674283274109313,0.9327445352112973
Lawlor_IgM_IgG_NK,cellbridge[shared_top10],202937150091_R01C01,0.5681648467692965,0.7532655069132326
Lawlor_IgM_IgG_NK,cellbridge[shared_top10],202937150091_R02C01,0.7806969535467282,0.6687003864965482
Lawlor_IgM_IgG_NK,cellbridge[shared_top10],202937150118_R01C01,0.21124524143194737,0.6684224772560737
Lawlor_IgM_IgG_NK,cellbridge[shared_top10],202937150118_R02C01,1.5144922075923999,1.1043971547623992
Lawlor_IgM_IgG_NK,cellbridge[shared_top10],202937150118_R03C01,0.3488132702662744,0.8409018705938327
Lawlor_IgM_IgG_NK,cellbridge[shared_top10],202937150118_R04C01,0.6418110253964008,1.2299561246176747
Lawlor_IgM_IgG_NK,cellbridge[shared_top10],202937150118_R05C01,1.501912473698374,1.4321170320293988
Lawlor_IgM_IgG_NK,cellbridge[shared_top10],202937150118_R06C01,0.28090781104027096,0.8411227385459235
Lawlor_IgM_IgG_NK,cellbridge[shared_top10],202937150118_R07C01,0.9800211811373831,1.061766373715879
Lawlor_IgM_IgG_NK,cellbridge[shared_top10],202937150118_R08C01,2.589944423407884,0.905001910364363
Lawlor_IgM_IgG_NK,cellbridge[per_target_top05],202937150091_R01C01,0.687566794726956,0.7452669854561745
Lawlor_IgM_IgG_NK,cellbridge[per_target_top05],202937150091_R02C01,0.7093055369497637,0.6686374200664001
Lawlor_IgM_IgG_NK,cellbridge[per_target_top05],202937150118_R01C01,0.7506842704738821,0.6808552037598302
Lawlor_IgM_IgG_NK,cellbridge[per_target_top05],202937150118_R02C01,1.5179392281332333,0.9394508751397167
Lawlor_IgM_IgG_NK,cellbridge[per_target_top05],202937150118_R03C01,0.5478223761670762,0.8411246135458366
Lawlor_IgM_IgG_NK,cellbridge[per_target_top05],202937150118_R04C01,0.6780998156265031,1.1126895203949743
Lawlor_IgM_IgG_NK,cellbridge[per_target_top05],202937150118_R05C01,1.5820067018122388,1.3849020076379248
Lawlor_IgM_IgG_NK,cellbridge[per_target_top05],202937150118_R06C01,0.45900101971645746,0.8336051526276964
Lawlor_IgM_IgG_NK,cellbridge[per_target_top05],202937150118_R07C01,0.960280812710162,1.1046603720729558
Lawlor_IgM_IgG_NK,cellbridge[per_target_top05],202937150118_R08C01,2.596990072153679,0.958252918347808
Lawlor_IgM_IgG_NK,cellbridge[shared_top05|rna_only],202937150091_R01C01,0.5531515689702453,0.7483969785938139
Lawlor_IgM_IgG_NK,cellbridge[shared_top05|rna_only],202937150091_R02C01,0.8075249827183325,0.6868580496087907
Lawlor_IgM_IgG_NK,cellbridge[shared_top05|rna_only],202937150118_R01C01,0.2227572662429248,0.6882136180844304
Lawlor_IgM_IgG_NK,cellbridge[shared_top05|rna_only],202937150118_R02C01,1.528855719442328,1.11859598611485
Lawlor_IgM_IgG_NK,cellbridge[shared_top05|rna_only],202937150118_R03C01,0.3823006963438361,0.8377365604490488
Lawlor_IgM_IgG_NK,cellbridge[shared_top05|rna_only],202937150118_R04C01,0.7154781969879874,1.238018569425511
Lawlor_IgM_IgG_NK,cellbridge[shared_top05|rna_only],202937150118_R05C01,1.4989014508295275,1.4366041106828935
Lawlor_IgM_IgG_NK,cellbridge[shared_top05|rna_only],202937150118_R06C01,0.2681781610120313,0.8375165464191481
Lawlor_IgM_IgG_NK,cellbridge[shared_top05|rna_only],202937150118_R07C01,0.979865017876497,1.0572713722447409
Lawlor_IgM_IgG_NK,cellbridge[shared_top05|rna_only],202937150118_R08C01,2.640147086352494,0.9279139888147035
Lawlor_IgM_IgG_NK,cellbridge[shared_top05|anchors_required],202937150091_R01C01,0.5569432807788017,0.7465461465990215
Lawlor_IgM_IgG_NK,cellbridge[shared_top05|anchors_required],202937150091_R02C01,0.750612184021997,0.652058811526861
Lawlor_IgM_IgG_NK,cellbridge[shared_top05|anchors_required],202937150118_R01C01,0.20935075752641666,0.6372165743443177
Lawlor_IgM_IgG_NK,cellbridge[shared_top05|anchors_required],202937150118_R02C01,1.5220823868927913,1.0430422460828923
Lawlor_IgM_IgG_NK,cellbridge[shared_top05|anchors_required],202937150118_R03C01,0.3024442424573283,0.8003075385954453
Lawlor_IgM_IgG_NK,cellbridge[shared_top05|anchors_required],202937150118_R04C01,0.6828107611628436,1.2284463922968862
Lawlor_IgM_IgG_NK,cellbridge[shared_top05|anchors_required],202937150118_R05C01,1.477983682954092,1.4427740222286802
Lawlor_IgM_IgG_NK,cellbridge[shared_top05|anchors_required],202937150118_R06C01,0.29820050174509716,0.822774824572136
Lawlor_IgM_IgG_NK,cellbridge[shared_top05|anchors_required],202937150118_R07C01,1.0021949510383223,1.0643734629249906
Lawlor_IgM_IgG_NK,cellbridge[shared_top05|anchors_required],202937150118_R08C01,2.739337106882056,0.9542299387831734
Lawlor_IgM_IgG_NK,cellbridge[shared_top05|rho0],202937150091_R01C01,0.48513822740603874,0.7502783565514063
Lawlor_IgM_IgG_NK,cellbridge[shared_top05|rho0],202937150091_R02C01,0.8072715041215179,0.672917731531857
Lawlor_IgM_IgG_NK,cellbridge[shared_top05|rho0],202937150118_R01C01,0.15905960821659496,0.6268276691816046
Lawlor_IgM_IgG_NK,cellbridge[shared_top05|rho0],202937150118_R02C01,1.5436646551582585,1.0923124185902253
Lawlor_IgM_IgG_NK,cellbridge[shared_top05|rho0],202937150118_R03C01,0.27666704627565614,0.816519288540445
Lawlor_IgM_IgG_NK,cellbridge[shared_top05|rho0],202937150118_R04C01,0.6491753899609163,1.251353093855628
Lawlor_IgM_IgG_NK,cellbridge[shared_top05|rho0],202937150118_R05C01,1.609960790247873,1.4115433937272712
Lawlor_IgM_IgG_NK,cellbridge[shared_top05|rho0],202937150118_R06C01,0.3296513569644952,0.8408754987956926
Lawlor_IgM_IgG_NK,cellbridge[shared_top05|rho0],202937150118_R07C01,1.0031236955812,1.088929611322909
Lawlor_IgM_IgG_NK,cellbridge[shared_top05|rho0],202937150118_R08C01,2.802995440088825,0.8970909577420046
Lawlor_IgM_IgG_NK,cellbridge[shared_top05|rho_max],202937150091_R01C01,0.6234874918087814,0.7360912311344476
Lawlor_IgM_IgG_NK,cellbridge[shared_top05|rho_max],202937150091_R02C01,0.7009822101188764,0.639156740682821
Lawlor_IgM_IgG_NK,cellbridge[shared_top05|rho_max],202937150118_R01C01,0.2546775594282602,0.6743895669715446
Lawlor_IgM_IgG_NK,cellbridge[shared_top05|rho_max],202937150118_R02C01,1.4950997991930963,1.0634101852416233
Lawlor_IgM_IgG_NK,cellbridge[shared_top05|rho_max],202937150118_R03C01,0.3533407408415097,0.8114460222218024
Lawlor_IgM_IgG_NK,cellbridge[shared_top05|rho_max],202937150118_R04C01,0.6598456013672348,1.213312034642961
Lawlor_IgM_IgG_NK,cellbridge[shared_top05|rho_max],202937150118_R05C01,1.3892176474241893,1.4588374867124774
Lawlor_IgM_IgG_NK,cellbridge[shared_top05|rho_max],202937150118_R06C01,0.22485541995220512,0.8321354897810339
Lawlor_IgM_IgG_NK,cellbridge[shared_top05|rho_max],202937150118_R07C01,0.9907201846415272,1.0355935112543617
Lawlor_IgM_IgG_NK,cellbridge[shared_top05|rho_max],202937150118_R08C01,2.600613714284959,0.9611618451521977
Lawlor_IgM_IgG_NK,cellbridge[shared_top05|no_level],202937150091_R01C01,0.5445821687556629,0.7440615342354491
Lawlor_IgM_IgG_NK,cellbridge[shared_top05|no_level],202937150091_R02C01,0.7600753234410668,0.6576132678162543
Lawlor_IgM_IgG_NK,cellbridge[shared_top05|no_level],202937150118_R01C01,0.21315881995787758,0.6615933919651547
Lawlor_IgM_IgG_NK,cellbridge[shared_top05|no_level],202937150118_R02C01,1.5155283869401868,1.0775956712857502
Lawlor_IgM_IgG_NK,cellbridge[shared_top05|no_level],202937150118_R03C01,0.3294496571075478,0.8098593582647434
Lawlor_IgM_IgG_NK,cellbridge[shared_top05|no_level],202937150118_R04C01,0.6810769746763864,1.2302322858196177
Lawlor_IgM_IgG_NK,cellbridge[shared_top05|no_level],202937150118_R05C01,1.4943936032650844,1.4323626021606826
Lawlor_IgM_IgG_NK,cellbridge[shared_top05|no_level],202937150118_R06C01,0.2850145393084886,0.8311506333510413
Lawlor_IgM_IgG_NK,cellbridge[shared_top05|no_level],202937150118_R07C01,0.9940926411331719,1.0583253848497203
Lawlor_IgM_IgG_NK,cellbridge[shared_top05|no_level],202937150118_R08C01,2.674283274109313,0.9327445352112973
Lawlor_IgM_IgG_NK,cellbridge[shared_top05|k1],202937150091_R01C01,0.566722780788792,0.7535670894154073
Lawlor_IgM_IgG_NK,cellbridge[shared_top05|k1],202937150091_R02C01,0.7203516180473923,0.6428314008891354
Lawlor_IgM_IgG_NK,cellbridge[shared_top05|k1],202937150118_R01C01,0.22096820157364472,0.6248711065506947
Lawlor_IgM_IgG_NK,cellbridge[shared_top05|k1],202937150118_R02C01,1.5592658307880227,1.0179123766446372
Lawlor_IgM_IgG_NK,cellbridge[shared_top05|k1],202937150118_R03C01,0.33345487626242154,0.8037810190895024
Lawlor_IgM_IgG_NK,cellbridge[shared_top05|k1],202937150118_R04C01,0.6148603587306568,1.2372621646232422
Lawlor_IgM_IgG_NK,cellbridge[shared_top05|k1],202937150118_R05C01,1.4974183656291387,1.4254544734891057
Lawlor_IgM_IgG_NK,cellbridge[shared_top05|k1],202937150118_R06C01,0.3367424019681229,0.8047869385830152
Lawlor_IgM_IgG_NK,cellbridge[shared_top05|k1],202937150118_R07C01,0.995663728263399,1.0702497575065901
Lawlor_IgM_IgG_NK,cellbridge[shared_top05|k1],202937150118_R08C01,2.771984360421772,0.9526471330620947
Lawlor_IgM_IgG_T,mean,202937150091_R01C01,1.0936469828048434,1.4232577466809218
Lawlor_IgM_IgG_T,mean,202937150091_R02C01,1.3922480824497974,0.9378338982883924
Lawlor_IgM_IgG_T,mean,202937150118_R01C01,0.9526762256688768,0.8097886608371181
Lawlor_IgM_IgG_T,mean,202937150118_R02C01,0.1712736315053591,0.8956473144276899
Lawlor_IgM_IgG_T,mean,202937150118_R03C01,1.7517777860290336,1.5529031784149243
Lawlor_IgM_IgG_T,mean,202937150118_R04C01,0.651117423893401,0.8312203683502347
Lawlor_IgM_IgG_T,mean,202937150118_R05C01,1.462378603633128,0.9160561818979467
Lawlor_IgM_IgG_T,mean,202937150118_R06C01,0.6346156249957258,0.7662383833003743
Lawlor_IgM_IgG_T,mean,202937150118_R07C01,1.4067957053354094,1.193176274124662
Lawlor_IgM_IgG_T,mean,202937150118_R08C01,0.46555121422918766,0.6635957341132552
Lawlor_IgM_IgG_T,rna_ridge,202937150091_R01C01,1.0936469828048436,1.4232577466809218
Lawlor_IgM_IgG_T,rna_ridge,202937150091_R02C01,1.2166268314386477,0.8818375204746031
Lawlor_IgM_IgG_T,rna_ridge,202937150118_R01C01,0.9228434868791788,0.8252085671029409
Lawlor_IgM_IgG_T,rna_ridge,202937150118_R02C01,0.12819168310602674,0.8919860198336323
Lawlor_IgM_IgG_T,rna_ridge,202937150118_R03C01,1.8433167477497852,1.516742649579619
Lawlor_IgM_IgG_T,rna_ridge,202937150118_R04C01,0.673230456368364,0.8204672515286563
Lawlor_IgM_IgG_T,rna_ridge,202937150118_R05C01,1.4757984740996832,0.9649621909000995
Lawlor_IgM_IgG_T,rna_ridge,202937150118_R06C01,0.6087830602674952,0.7571499247726424
Lawlor_IgM_IgG_T,rna_ridge,202937150118_R07C01,1.3857296278278544,1.19192498703517
Lawlor_IgM_IgG_T,rna_ridge,202937150118_R08C01,0.40342572854248215,0.6803437087024136
Lawlor_IgM_IgG_T,joint_ridge,202937150091_R01C01,1.0936469828048436,1.4232577466809218
Lawlor_IgM_IgG_T,joint_ridge,202937150091_R02C01,1.2158403709892474,0.8826682194736999
Lawlor_IgM_IgG_T,joint_ridge,202937150118_R01C01,0.9160907526745403,0.8252107046605902
Lawlor_IgM_IgG_T,joint_ridge,202937150118_R02C01,0.13075611848861954,0.8914025547140975
Lawlor_IgM_IgG_T,joint_ridge,202937150118_R03C01,1.8333023647529598,1.5097537886221826
Lawlor_IgM_IgG_T,joint_ridge,202937150118_R04C01,0.6639720037046348,0.8129717467156432
Lawlor_IgM_IgG_T,joint_ridge,202937150118_R05C01,1.4670841500234795,0.9585944586795717
Lawlor_IgM_IgG_T,joint_ridge,202937150118_R06C01,0.6051868118198216,0.7549894438513604
Lawlor_IgM_IgG_T,joint_ridge,202937150118_R07C01,1.3851123985992797,1.190324985264197
Lawlor_IgM_IgG_T,joint_ridge,202937150118_R08C01,0.39487390158958735,0.6851432069962559
Lawlor_IgM_IgG_T,v040_abundance_shrinkage,202937150091_R01C01,0.8311873605415153,1.0645439190992578
Lawlor_IgM_IgG_T,v040_abundance_shrinkage,202937150091_R02C01,1.1861783138975004,1.0479730134005822
Lawlor_IgM_IgG_T,v040_abundance_shrinkage,202937150118_R01C01,0.6618477730715083,0.7526314591758871
Lawlor_IgM_IgG_T,v040_abundance_shrinkage,202937150118_R02C01,0.30718491659728586,0.857712524030344
Lawlor_IgM_IgG_T,v040_abundance_shrinkage,202937150118_R03C01,1.398884883478001,1.432540191396178
Lawlor_IgM_IgG_T,v040_abundance_shrinkage,202937150118_R04C01,0.29911441207878714,0.5869950396675838
Lawlor_IgM_IgG_T,v040_abundance_shrinkage,202937150118_R05C01,1.0717637149731907,0.9076562581512787
Lawlor_IgM_IgG_T,v040_abundance_shrinkage,202937150118_R06C01,0.47108018222460696,0.6669450352245012
Lawlor_IgM_IgG_T,v040_abundance_shrinkage,202937150118_R07C01,1.1335933209673346,1.0428372411526743
Lawlor_IgM_IgG_T,v040_abundance_shrinkage,202937150118_R08C01,0.3063960826217972,0.6389784516045175
Lawlor_IgM_IgG_T,cellbridge[per_target],202937150091_R01C01,1.0408124059616675,1.025616525610938
Lawlor_IgM_IgG_T,cellbridge[per_target],202937150091_R02C01,0.7188302292792864,1.0181442229673805
Lawlor_IgM_IgG_T,cellbridge[per_target],202937150118_R01C01,0.8678432347853157,0.930930920632647
Lawlor_IgM_IgG_T,cellbridge[per_target],202937150118_R02C01,0.10356175326586071,0.8579577119360231
Lawlor_IgM_IgG_T,cellbridge[per_target],202937150118_R03C01,0.6281046885787257,1.338435247348445
Lawlor_IgM_IgG_T,cellbridge[per_target],202937150118_R04C01,0.39296050168013696,0.6775735665213092
Lawlor_IgM_IgG_T,cellbridge[per_target],202937150118_R05C01,1.4763184574678705,1.0241553466429916
Lawlor_IgM_IgG_T,cellbridge[per_target],202937150118_R06C01,0.4743894820319816,0.741363181317705
Lawlor_IgM_IgG_T,cellbridge[per_target],202937150118_R07C01,1.246421852549868,0.9511963967872411
Lawlor_IgM_IgG_T,cellbridge[per_target],202937150118_R08C01,0.4794068382678235,0.6632426857456015
Lawlor_IgM_IgG_T,cellbridge[shared],202937150091_R01C01,0.7346931598201218,0.8980636773864336
Lawlor_IgM_IgG_T,cellbridge[shared],202937150091_R02C01,0.8525734948562862,1.0564842027591224
Lawlor_IgM_IgG_T,cellbridge[shared],202937150118_R01C01,0.9603636258453367,0.8016672684251694
Lawlor_IgM_IgG_T,cellbridge[shared],202937150118_R02C01,0.2511092274600485,0.8939317794150027
Lawlor_IgM_IgG_T,cellbridge[shared],202937150118_R03C01,1.0345198747428488,1.2432343339339968
Lawlor_IgM_IgG_T,cellbridge[shared],202937150118_R04C01,0.23811606634033164,0.6224117873313153
Lawlor_IgM_IgG_T,cellbridge[shared],202937150118_R05C01,1.519769545642029,1.021918332600246
Lawlor_IgM_IgG_T,cellbridge[shared],202937150118_R06C01,0.6466639742496393,0.6569574661381479
Lawlor_IgM_IgG_T,cellbridge[shared],202937150118_R07C01,0.7974616936431915,0.7484742874499416
Lawlor_IgM_IgG_T,cellbridge[shared],202937150118_R08C01,0.5209069476213775,0.69665094671604
Lawlor_IgM_IgG_T,cellbridge[shared_top01],202937150091_R01C01,0.8215137608693838,0.8977514333404895
Lawlor_IgM_IgG_T,cellbridge[shared_top01],202937150091_R02C01,0.8875475265799122,1.0481495408001125
Lawlor_IgM_IgG_T,cellbridge[shared_top01],202937150118_R01C01,0.9406615729840795,0.7779852548608062
Lawlor_IgM_IgG_T,cellbridge[shared_top01],202937150118_R02C01,0.15973908075643176,0.8375316455942877
Lawlor_IgM_IgG_T,cellbridge[shared_top01],202937150118_R03C01,0.9314408873381913,1.2286011853979848
Lawlor_IgM_IgG_T,cellbridge[shared_top01],202937150118_R04C01,0.20171685164259792,0.6050161521558333
Lawlor_IgM_IgG_T,cellbridge[shared_top01],202937150118_R05C01,1.48103353259811,1.0366414498770016
Lawlor_IgM_IgG_T,cellbridge[shared_top01],202937150118_R06C01,0.6468850535957451,0.6554719619925251
Lawlor_IgM_IgG_T,cellbridge[shared_top01],202937150118_R07C01,0.8612782814270438,0.7861733344892071
Lawlor_IgM_IgG_T,cellbridge[shared_top01],202937150118_R08C01,0.4988932946740805,0.695499744302762
Lawlor_IgM_IgG_T,cellbridge[shared_top02],202937150091_R01C01,0.8226484891731851,0.9009918358457735
Lawlor_IgM_IgG_T,cellbridge[shared_top02],202937150091_R02C01,0.906050964477728,1.0474639261912373
Lawlor_IgM_IgG_T,cellbridge[shared_top02],202937150118_R01C01,0.9353120461184004,0.7668998407058568
Lawlor_IgM_IgG_T,cellbridge[shared_top02],202937150118_R02C01,0.15854037644727587,0.8354949916310402
Lawlor_IgM_IgG_T,cellbridge[shared_top02],202937150118_R03C01,0.9270816362374164,1.2312277523957307
Lawlor_IgM_IgG_T,cellbridge[shared_top02],202937150118_R04C01,0.2106461274020705,0.5991080863018292
Lawlor_IgM_IgG_T,cellbridge[shared_top02],202937150118_R05C01,1.4710729591589597,1.0410377609046293
Lawlor_IgM_IgG_T,cellbridge[shared_top02],202937150118_R06C01,0.6562816100270993,0.6559987964393024
Lawlor_IgM_IgG_T,cellbridge[shared_top02],202937150118_R07C01,0.8493112728911658,0.7784312064392414
Lawlor_IgM_IgG_T,cellbridge[shared_top02],202937150118_R08C01,0.48442168387740236,0.6889703710643758
Lawlor_IgM_IgG_T,cellbridge[shared_top05],202937150091_R01C01,0.8343523102325601,0.908127971411679
Lawlor_IgM_IgG_T,cellbridge[shared_top05],202937150091_R02C01,0.929881263321311,1.0476573337740915
Lawlor_IgM_IgG_T,cellbridge[shared_top05],202937150118_R01C01,0.953036026935373,0.767440409370534
Lawlor_IgM_IgG_T,cellbridge[shared_top05],202937150118_R02C01,0.22074094305032546,0.8501965694435556
Lawlor_IgM_IgG_T,cellbridge[shared_top05],202937150118_R03C01,0.9513411452563683,1.2600330287053283
Lawlor_IgM_IgG_T,cellbridge[shared_top05],202937150118_R04C01,0.2651339007718706,0.6188835866964852
Lawlor_IgM_IgG_T,cellbridge[shared_top05],202937150118_R05C01,1.4892787839016872,1.042998468554852
Lawlor_IgM_IgG_T,cellbridge[shared_top05],202937150118_R06C01,0.6732237744126871,0.6569350540002303
Lawlor_IgM_IgG_T,cellbridge[shared_top05],202937150118_R07C01,0.7925872094152466,0.7543064990886152
Lawlor_IgM_IgG_T,cellbridge[shared_top05],202937150118_R08C01,0.47165524190010044,0.6730735054706118
Lawlor_IgM_IgG_T,cellbridge[shared_top10],202937150091_R01C01,0.8210449600331182,0.9552704940784091
Lawlor_IgM_IgG_T,cellbridge[shared_top10],202937150091_R02C01,0.9156904213469589,0.9914975300450578
Lawlor_IgM_IgG_T,cellbridge[shared_top10],202937150118_R01C01,0.9981983713912042,0.7978579218668205
Lawlor_IgM_IgG_T,cellbridge[shared_top10],202937150118_R02C01,0.25515601036146407,0.8627651163850889
Lawlor_IgM_IgG_T,cellbridge[shared_top10],202937150118_R03C01,0.9955109071540666,1.2755693023144068
Lawlor_IgM_IgG_T,cellbridge[shared_top10],202937150118_R04C01,0.33279652636582807,0.6611228640312549
Lawlor_IgM_IgG_T,cellbridge[shared_top10],202937150118_R05C01,1.5861795010314603,1.0431060372279204
Lawlor_IgM_IgG_T,cellbridge[shared_top10],202937150118_R06C01,0.6454523103397213,0.66419103146182
Lawlor_IgM_IgG_T,cellbridge[shared_top10],202937150118_R07C01,0.9425140894590233,0.8412914868950504
Lawlor_IgM_IgG_T,cellbridge[shared_top10],202937150118_R08C01,0.5028180467862795,0.6812053166355091
Lawlor_IgM_IgG_T,cellbridge[per_target_top05],202937150091_R01C01,1.0202826077883733,0.9127919260239971
Lawlor_IgM_IgG_T,cellbridge[per_target_top05],202937150091_R02C01,0.7715121270575476,0.9610188872202223
Lawlor_IgM_IgG_T,cellbridge[per_target_top05],202937150118_R01C01,0.8257183768223876,0.8807476460935042
Lawlor_IgM_IgG_T,cellbridge[per_target_top05],202937150118_R02C01,0.21224633730150438,0.8000879629630236
Lawlor_IgM_IgG_T,cellbridge[per_target_top05],202937150118_R03C01,0.9083590309406279,1.3294587398665838
Lawlor_IgM_IgG_T,cellbridge[per_target_top05],202937150118_R04C01,0.3300741787971909,0.6780483171748829
Lawlor_IgM_IgG_T,cellbridge[per_target_top05],202937150118_R05C01,1.4486141529834349,1.0018297960481615
Lawlor_IgM_IgG_T,cellbridge[per_target_top05],202937150118_R06C01,0.5138375279655683,0.7137772749601556
Lawlor_IgM_IgG_T,cellbridge[per_target_top05],202937150118_R07C01,1.241037301362081,0.9768391562717659
Lawlor_IgM_IgG_T,cellbridge[per_target_top05],202937150118_R08C01,0.5909153461765391,0.6634923814308862
Lawlor_IgM_IgG_T,cellbridge[shared_top05|rna_only],202937150091_R01C01,0.7666394676739858,1.0639997507818302
Lawlor_IgM_IgG_T,cellbridge[shared_top05|rna_only],202937150091_R02C01,0.8339155414367577,0.9293888713098077
Lawlor_IgM_IgG_T,cellbridge[shared_top05|rna_only],202937150118_R01C01,1.060894274022737,0.8404957745343925
Lawlor_IgM_IgG_T,cellbridge[shared_top05|rna_only],202937150118_R02C01,0.35664714638814315,0.8978667358726447
Lawlor_IgM_IgG_T,cellbridge[shared_top05|rna_only],202937150118_R03C01,1.0848937617138816,1.3151251844581133
Lawlor_IgM_IgG_T,cellbridge[shared_top05|rna_only],202937150118_R04C01,0.6169435109057958,0.8165532715821344
Lawlor_IgM_IgG_T,cellbridge[shared_top05|rna_only],202937150118_R05C01,1.7110000143999151,1.0936809933169744
Lawlor_IgM_IgG_T,cellbridge[shared_top05|rna_only],202937150118_R06C01,0.6636401250104793,0.6908087170672144
Lawlor_IgM_IgG_T,cellbridge[shared_top05|rna_only],202937150118_R07C01,1.0056523783410354,0.9501297857951151
Lawlor_IgM_IgG_T,cellbridge[shared_top05|rna_only],202937150118_R08C01,0.5340565329195078,0.7047111611320274
Lawlor_IgM_IgG_T,cellbridge[shared_top05|anchors_required],202937150091_R01C01,0.8006724847324787,0.9212075852837431
Lawlor_IgM_IgG_T,cellbridge[shared_top05|anchors_required],202937150091_R02C01,0.9104541595250868,1.0598870534398563
Lawlor_IgM_IgG_T,cellbridge[shared_top05|anchors_required],202937150118_R01C01,0.9268464221547806,0.7608434615357395
Lawlor_IgM_IgG_T,cellbridge[shared_top05|anchors_required],202937150118_R02C01,0.1645187198614918,0.8355283102543065
Lawlor_IgM_IgG_T,cellbridge[shared_top05|anchors_required],202937150118_R03C01,0.9550677595702146,1.246207198850026
Lawlor_IgM_IgG_T,cellbridge[shared_top05|anchors_required],202937150118_R04C01,0.21617102153371445,0.5968703225038486
Lawlor_IgM_IgG_T,cellbridge[shared_top05|anchors_required],202937150118_R05C01,1.4526419201948793,1.0513211593650829
Lawlor_IgM_IgG_T,cellbridge[shared_top05|anchors_required],202937150118_R06C01,0.6615468226375083,0.6564267169143697
Lawlor_IgM_IgG_T,cellbridge[shared_top05|anchors_required],202937150118_R07C01,0.8194437974357207,0.7620712594836225
Lawlor_IgM_IgG_T,cellbridge[shared_top05|anchors_required],202937150118_R08C01,0.4775901698119694,0.688061321335021
Lawlor_IgM_IgG_T,cellbridge[shared_top05|rho0],202937150091_R01C01,0.8749544795066911,0.9504766799943474
Lawlor_IgM_IgG_T,cellbridge[shared_top05|rho0],202937150091_R02C01,0.9737904770623023,1.036088018539575
Lawlor_IgM_IgG_T,cellbridge[shared_top05|rho0],202937150118_R01C01,0.971013125555382,0.762305287316806
Lawlor_IgM_IgG_T,cellbridge[shared_top05|rho0],202937150118_R02C01,0.29015223527940404,0.9081874565583393
Lawlor_IgM_IgG_T,cellbridge[shared_top05|rho0],202937150118_R03C01,0.93384071945793,1.2875000005520265
Lawlor_IgM_IgG_T,cellbridge[shared_top05|rho0],202937150118_R04C01,0.2194956323297254,0.6028498547607175
Lawlor_IgM_IgG_T,cellbridge[shared_top05|rho0],202937150118_R05C01,1.496136577583628,1.0426045089187836
Lawlor_IgM_IgG_T,cellbridge[shared_top05|rho0],202937150118_R06C01,0.6895845593548582,0.6591663595559909
Lawlor_IgM_IgG_T,cellbridge[shared_top05|rho0],202937150118_R07C01,0.8132499034782943,0.7714581769741717
Lawlor_IgM_IgG_T,cellbridge[shared_top05|rho0],202937150118_R08C01,0.45226568504930464,0.6475909136259739
Lawlor_IgM_IgG_T,cellbridge[shared_top05|rho_max],202937150091_R01C01,0.7855937972340951,0.8682325278498351
Lawlor_IgM_IgG_T,cellbridge[shared_top05|rho_max],202937150091_R02C01,0.88378201109056,1.0638453918009132
Lawlor_IgM_IgG_T,cellbridge[shared_top05|rho_max],202937150118_R01C01,0.9267210823491225,0.7611220082111174
Lawlor_IgM_IgG_T,cellbridge[shared_top05|rho_max],202937150118_R02C01,0.0964775844077583,0.7948488976316874
Lawlor_IgM_IgG_T,cellbridge[shared_top05|rho_max],202937150118_R03C01,0.9881938418292372,1.2273961604583268
Lawlor_IgM_IgG_T,cellbridge[shared_top05|rho_max],202937150118_R04C01,0.3038958080888431,0.6271466814591088
Lawlor_IgM_IgG_T,cellbridge[shared_top05|rho_max],202937150118_R05C01,1.4904707919697961,1.0475798672830456
Lawlor_IgM_IgG_T,cellbridge[shared_top05|rho_max],202937150118_R06C01,0.6546520703821835,0.6578857905018038
Lawlor_IgM_IgG_T,cellbridge[shared_top05|rho_max],202937150118_R07C01,0.771030212580017,0.7378884270753951
Lawlor_IgM_IgG_T,cellbridge[shared_top05|rho_max],202937150118_R08C01,0.4966523953265993,0.6994769413155824
Lawlor_IgM_IgG_T,cellbridge[shared_top05|no_level],202937150091_R01C01,0.8343523102325601,0.908127971411679
Lawlor_IgM_IgG_T,cellbridge[shared_top05|no_level],202937150091_R02C01,0.929881263321311,1.0476573337740915
Lawlor_IgM_IgG_T,cellbridge[shared_top05|no_level],202937150118_R01C01,0.953036026935373,0.767440409370534
Lawlor_IgM_IgG_T,cellbridge[shared_top05|no_level],202937150118_R02C01,0.22074094305032546,0.8501965694435556
Lawlor_IgM_IgG_T,cellbridge[shared_top05|no_level],202937150118_R03C01,0.9513411452563683,1.2600330287053283
Lawlor_IgM_IgG_T,cellbridge[shared_top05|no_level],202937150118_R04C01,0.2651339007718706,0.6188835866964852
Lawlor_IgM_IgG_T,cellbridge[shared_top05|no_level],202937150118_R05C01,1.4892787839016872,1.042998468554852
Lawlor_IgM_IgG_T,cellbridge[shared_top05|no_level],202937150118_R06C01,0.6732237744126871,0.6569350540002303
Lawlor_IgM_IgG_T,cellbridge[shared_top05|no_level],202937150118_R07C01,0.7925872094152466,0.7543064990886152
Lawlor_IgM_IgG_T,cellbridge[shared_top05|no_level],202937150118_R08C01,0.47165524190010044,0.6730735054706118
Lawlor_IgM_IgG_T,cellbridge[shared_top05|k1],202937150091_R01C01,0.7985346009636032,0.9092828719449312
Lawlor_IgM_IgG_T,cellbridge[shared_top05|k1],202937150091_R02C01,0.8920903261742048,1.0561213110118401
Lawlor_IgM_IgG_T,cellbridge[shared_top05|k1],202937150118_R01C01,0.9437230270802595,0.7784862620979693
Lawlor_IgM_IgG_T,cellbridge[shared_top05|k1],202937150118_R02C01,0.18196170887039492,0.8418640139634672
Lawlor_IgM_IgG_T,cellbridge[shared_top05|k1],202937150118_R03C01,0.8708379442253112,1.2181499180421858
Lawlor_IgM_IgG_T,cellbridge[shared_top05|k1],202937150118_R04C01,0.18942351286786951,0.6051125584959353
Lawlor_IgM_IgG_T,cellbridge[shared_top05|k1],202937150118_R05C01,1.489281240706702,1.0310525625685236
Lawlor_IgM_IgG_T,cellbridge[shared_top05|k1],202937150118_R06C01,0.6533527073231268,0.6560736719845759
Lawlor_IgM_IgG_T,cellbridge[shared_top05|k1],202937150118_R07C01,0.8253487203769825,0.7655233741054197
Lawlor_IgM_IgG_T,cellbridge[shared_top05|k1],202937150118_R08C01,0.4937343427173461,0.6892440120113562
Lawlor_LPS_Monocyte,mean,202937150091_R01C01,0.8559157709792473,0.9105641179510754
Lawlor_LPS_Monocyte,mean,202937150091_R02C01,0.5033567982622189,0.7613988783196576
Lawlor_LPS_Monocyte,mean,202937150118_R01C01,1.1550221377422152,0.9403856524955548
Lawlor_LPS_Monocyte,mean,202937150118_R02C01,1.0507637205179667,0.8338590255014079
Lawlor_LPS_Monocyte,mean,202937150118_R03C01,2.276643293384188,1.5389818798945292
Lawlor_LPS_Monocyte,mean,202937150118_R04C01,1.4592801947128304,0.6743127701572277
Lawlor_LPS_Monocyte,mean,202937150118_R05C01,0.5758688371551164,1.0130216484157537
Lawlor_LPS_Monocyte,mean,202937150118_R06C01,0.6179031965503752,2.12290346480379
Lawlor_LPS_Monocyte,mean,202937150118_R07C01,0.6810301496686916,0.4642014415051552
Lawlor_LPS_Monocyte,mean,202937150118_R08C01,0.8813652288586431,0.6254552528866145
Lawlor_LPS_Monocyte,rna_ridge,202937150091_R01C01,0.6496025893802952,0.8548031205234051
Lawlor_LPS_Monocyte,rna_ridge,202937150091_R02C01,0.9087410003160062,0.6525902565201929
Lawlor_LPS_Monocyte,rna_ridge,202937150118_R01C01,1.0180098451260584,0.9902836358167362
Lawlor_LPS_Monocyte,rna_ridge,202937150118_R02C01,0.9374924038033945,0.6870193559949072
Lawlor_LPS_Monocyte,rna_ridge,202937150118_R03C01,2.1656515758637847,1.4745139563165859
Lawlor_LPS_Monocyte,rna_ridge,202937150118_R04C01,1.4347364094146653,0.576771715365706
Lawlor_LPS_Monocyte,rna_ridge,202937150118_R05C01,1.153982650698414,0.8650153106479188
Lawlor_LPS_Monocyte,rna_ridge,202937150118_R06C01,0.7187868634260554,2.0364075594816833
Lawlor_LPS_Monocyte,rna_ridge,202937150118_R07C01,0.49373813184667026,0.3859839285807341
Lawlor_LPS_Monocyte,rna_ridge,202937150118_R08C01,0.588365901032711,0.5738697436660958
Lawlor_LPS_Monocyte,joint_ridge,202937150091_R01C01,0.6448905484974269,0.8530209121690281
Lawlor_LPS_Monocyte,joint_ridge,202937150091_R02C01,0.9091234113773322,0.6523956339093794
Lawlor_LPS_Monocyte,joint_ridge,202937150118_R01C01,1.021598807042898,0.9885497589805101
Lawlor_LPS_Monocyte,joint_ridge,202937150118_R02C01,0.9359328232049192,0.6855733359545617
Lawlor_LPS_Monocyte,joint_ridge,202937150118_R03C01,2.1708451646702143,1.4603959707191654
Lawlor_LPS_Monocyte,joint_ridge,202937150118_R04C01,1.4350239153987832,0.5767538517878418
Lawlor_LPS_Monocyte,joint_ridge,202937150118_R05C01,1.1563066383665417,0.8643475905546641
Lawlor_LPS_Monocyte,joint_ridge,202937150118_R06C01,0.7134552209188861,2.0280781457020756
Lawlor_LPS_Monocyte,joint_ridge,202937150118_R07C01,0.49114488087873087,0.3865389598171102
Lawlor_LPS_Monocyte,joint_ridge,202937150118_R08C01,0.5911280739355806,0.5724324494028055
Lawlor_LPS_Monocyte,v040_abundance_shrinkage,202937150091_R01C01,0.3549656091572386,0.8119768077490191
Lawlor_LPS_Monocyte,v040_abundance_shrinkage,202937150091_R02C01,0.8634186038079044,0.7447506838539336
Lawlor_LPS_Monocyte,v040_abundance_shrinkage,202937150118_R01C01,1.2655844512177081,1.0382792131997371
Lawlor_LPS_Monocyte,v040_abundance_shrinkage,202937150118_R02C01,1.0698189750912883,0.6467798027407134
Lawlor_LPS_Monocyte,v040_abundance_shrinkage,202937150118_R03C01,1.4233390015321867,0.8900685571421044
Lawlor_LPS_Monocyte,v040_abundance_shrinkage,202937150118_R04C01,0.9468718816212798,0.6196967608211789
Lawlor_LPS_Monocyte,v040_abundance_shrinkage,202937150118_R05C01,1.0629609369891073,0.6949880759188273
Lawlor_LPS_Monocyte,v040_abundance_shrinkage,202937150118_R06C01,0.4662311746456559,1.697259001824315
Lawlor_LPS_Monocyte,v040_abundance_shrinkage,202937150118_R07C01,0.18598404532066495,0.6488699168129004
Lawlor_LPS_Monocyte,v040_abundance_shrinkage,202937150118_R08C01,0.663583748550509,0.5345066710164459
Lawlor_LPS_Monocyte,cellbridge[per_target],202937150091_R01C01,0.10538140348560693,0.7292722278243365
Lawlor_LPS_Monocyte,cellbridge[per_target],202937150091_R02C01,0.700860383878051,0.725390411335886
Lawlor_LPS_Monocyte,cellbridge[per_target],202937150118_R01C01,0.7190156369531024,0.644626962524467
Lawlor_LPS_Monocyte,cellbridge[per_target],202937150118_R02C01,0.9749411678986107,0.43524686017053393
Lawlor_LPS_Monocyte,cellbridge[per_target],202937150118_R03C01,1.0809470428139312,0.7837590347531326
Lawlor_LPS_Monocyte,cellbridge[per_target],202937150118_R04C01,0.5417154909818443,0.6102237843056492
Lawlor_LPS_Monocyte,cellbridge[per_target],202937150118_R05C01,1.0813266182482135,0.6422024321412519
Lawlor_LPS_Monocyte,cellbridge[per_target],202937150118_R06C01,0.18534980251879263,1.171587269463379
Lawlor_LPS_Monocyte,cellbridge[per_target],202937150118_R07C01,0.5813395429963734,0.5340588144154482
Lawlor_LPS_Monocyte,cellbridge[per_target],202937150118_R08C01,0.603492616436195,0.6038999027728947
Lawlor_LPS_Monocyte,cellbridge[shared],202937150091_R01C01,0.12077501736151199,0.6725558449904883
Lawlor_LPS_Monocyte,cellbridge[shared],202937150091_R02C01,0.7041964491739514,0.69580063759384
Lawlor_LPS_Monocyte,cellbridge[shared],202937150118_R01C01,0.9080511201210619,0.6343644845699307
Lawlor_LPS_Monocyte,cellbridge[shared],202937150118_R02C01,0.9252236681987862,0.48809200820769194
Lawlor_LPS_Monocyte,cellbridge[shared],202937150118_R03C01,1.2179946479973776,0.7615822527776717
Lawlor_LPS_Monocyte,cellbridge[shared],202937150118_R04C01,0.6161042260487193,0.5036973345453358
Lawlor_LPS_Monocyte,cellbridge[shared],202937150118_R05C01,1.0898541472628565,0.5564178827684443
Lawlor_LPS_Monocyte,cellbridge[shared],202937150118_R06C01,0.41129078973318545,0.9547291727610608
Lawlor_LPS_Monocyte,cellbridge[shared],202937150118_R07C01,0.21943936942430797,0.4316584867795885
Lawlor_LPS_Monocyte,cellbridge[shared],202937150118_R08C01,0.5023584503849434,0.4918465339241566
Lawlor_LPS_Monocyte,cellbridge[shared_top01],202937150091_R01C01,0.11155832521007268,0.6671784807951565
Lawlor_LPS_Monocyte,cellbridge[shared_top01],202937150091_R02C01,0.70515227883925,0.6982430565287356
Lawlor_LPS_Monocyte,cellbridge[shared_top01],202937150118_R01C01,0.8034626098645803,0.6051667110521199
Lawlor_LPS_Monocyte,cellbridge[shared_top01],202937150118_R02C01,0.9125158636694544,0.48595809157749315
Lawlor_LPS_Monocyte,cellbridge[shared_top01],202937150118_R03C01,1.1949188834456979,0.7474621563943156
Lawlor_LPS_Monocyte,cellbridge[shared_top01],202937150118_R04C01,0.603809558682072,0.4952829568733949
Lawlor_LPS_Monocyte,cellbridge[shared_top01],202937150118_R05C01,1.0602844978644974,0.5511667518202412
Lawlor_LPS_Monocyte,cellbridge[shared_top01],202937150118_R06C01,0.37575663747132654,0.9282356458567331
Lawlor_LPS_Monocyte,cellbridge[shared_top01],202937150118_R07C01,0.21021636748714542,0.4260143964172359
Lawlor_LPS_Monocyte,cellbridge[shared_top01],202937150118_R08C01,0.4991748377084308,0.4872105565451418
Lawlor_LPS_Monocyte,cellbridge[shared_top02],202937150091_R01C01,0.08660298369685518,0.6655606614583937
Lawlor_LPS_Monocyte,cellbridge[shared_top02],202937150091_R02C01,0.700988751246122,0.6958346249980527
Lawlor_LPS_Monocyte,cellbridge[shared_top02],202937150118_R01C01,0.773498705030429,0.5992499589656386
Lawlor_LPS_Monocyte,cellbridge[shared_top02],202937150118_R02C01,0.9287597065346597,0.49048150490196624
Lawlor_LPS_Monocyte,cellbridge[shared_top02],202937150118_R03C01,1.1885659109020874,0.7503571723302025
Lawlor_LPS_Monocyte,cellbridge[shared_top02],202937150118_R04C01,0.6238282205684537,0.5005793380826605
Lawlor_LPS_Monocyte,cellbridge[shared_top02],202937150118_R05C01,1.023247196289827,0.558321511157682
Lawlor_LPS_Monocyte,cellbridge[shared_top02],202937150118_R06C01,0.3750435810098909,0.9302665466133067
Lawlor_LPS_Monocyte,cellbridge[shared_top02],202937150118_R07C01,0.2156452442509329,0.42316060994783977
Lawlor_LPS_Monocyte,cellbridge[shared_top02],202937150118_R08C01,0.5013891025074331,0.4983024907195094
Lawlor_LPS_Monocyte,cellbridge[shared_top05],202937150091_R01C01,0.12668874691286522,0.6373113739808426
Lawlor_LPS_Monocyte,cellbridge[shared_top05],202937150091_R02C01,0.6971487894414612,0.6974021955546028
Lawlor_LPS_Monocyte,cellbridge[shared_top05],202937150118_R01C01,0.7904966277292829,0.6074346569418848
Lawlor_LPS_Monocyte,cellbridge[shared_top05],202937150118_R02C01,0.8806453353845233,0.5014301375429802
Lawlor_LPS_Monocyte,cellbridge[shared_top05],202937150118_R03C01,1.201750148496671,0.7581647244663359
Lawlor_LPS_Monocyte,cellbridge[shared_top05],202937150118_R04C01,0.5877739992229309,0.4889733896860086
Lawlor_LPS_Monocyte,cellbridge[shared_top05],202937150118_R05C01,1.080917072227413,0.5186729427939262
Lawlor_LPS_Monocyte,cellbridge[shared_top05],202937150118_R06C01,0.38296633228670596,0.9977362375257456
Lawlor_LPS_Monocyte,cellbridge[shared_top05],202937150118_R07C01,0.10039184026564738,0.47605416519866306
Lawlor_LPS_Monocyte,cellbridge[shared_top05],202937150118_R08C01,0.5005748741720757,0.47154789435346733
Lawlor_LPS_Monocyte,cellbridge[shared_top10],202937150091_R01C01,0.14123178288916907,0.6336284699867601
Lawlor_LPS_Monocyte,cellbridge[shared_top10],202937150091_R02C01,0.6735352701491665,0.7138131867584511
Lawlor_LPS_Monocyte,cellbridge[shared_top10],202937150118_R01C01,0.8296803027439572,0.6178245822602361
Lawlor_LPS_Monocyte,cellbridge[shared_top10],202937150118_R02C01,0.7778298935347479,0.5027812311809178
Lawlor_LPS_Monocyte,cellbridge[shared_top10],202937150118_R03C01,1.2200377633707238,0.7837411307280739
Lawlor_LPS_Monocyte,cellbridge[shared_top10],202937150118_R04C01,0.4699432814876704,0.48105665717157164
Lawlor_LPS_Monocyte,cellbridge[shared_top10],202937150118_R05C01,1.319338260105248,0.5192291060513685
Lawlor_LPS_Monocyte,cellbridge[shared_top10],202937150118_R06C01,0.3713230451005294,1.16196068890613
Lawlor_LPS_Monocyte,cellbridge[shared_top10],202937150118_R07C01,0.11535406817584012,0.46950640250814046
Lawlor_LPS_Monocyte,cellbridge[shared_top10],202937150118_R08C01,0.48444680109038046,0.464813406117579
Lawlor_LPS_Monocyte,cellbridge[per_target_top05],202937150091_R01C01,0.10440577974339588,0.7034219280808113
Lawlor_LPS_Monocyte,cellbridge[per_target_top05],202937150091_R02C01,0.6428149345129144,0.7023585122435375
Lawlor_LPS_Monocyte,cellbridge[per_target_top05],202937150118_R01C01,0.6197765112411261,0.6728714214288184
Lawlor_LPS_Monocyte,cellbridge[per_target_top05],202937150118_R02C01,0.8777289144283699,0.4619869362531752
Lawlor_LPS_Monocyte,cellbridge[per_target_top05],202937150118_R03C01,1.199462208286143,0.8184363316904576
Lawlor_LPS_Monocyte,cellbridge[per_target_top05],202937150118_R04C01,0.538124656687828,0.5436904820718531
Lawlor_LPS_Monocyte,cellbridge[per_target_top05],202937150118_R05C01,1.468065287341083,0.6562356483055296
Lawlor_LPS_Monocyte,cellbridge[per_target_top05],202937150118_R06C01,0.23194458612122915,1.2269204260001159
Lawlor_LPS_Monocyte,cellbridge[per_target_top05],202937150118_R07C01,0.3477472077767263,0.5143610380163627
Lawlor_LPS_Monocyte,cellbridge[per_target_top05],202937150118_R08C01,0.5871325437421068,0.5705951578282611
Lawlor_LPS_Monocyte,cellbridge[shared_top05|rna_only],202937150091_R01C01,0.4038976310075576,0.7294025037962613
Lawlor_LPS_Monocyte,cellbridge[shared_top05|rna_only],202937150091_R02C01,0.6504988007470783,0.7247880897774814
Lawlor_LPS_Monocyte,cellbridge[shared_top05|rna_only],202937150118_R01C01,0.958991143100435,0.6630099678574626
Lawlor_LPS_Monocyte,cellbridge[shared_top05|rna_only],202937150118_R02C01,0.9083398156784546,0.5108164534008341
Lawlor_LPS_Monocyte,cellbridge[shared_top05|rna_only],202937150118_R03C01,1.14723145598134,0.8253392411683508
Lawlor_LPS_Monocyte,cellbridge[shared_top05|rna_only],202937150118_R04C01,0.33660368777699157,0.5432937057285971
Lawlor_LPS_Monocyte,cellbridge[shared_top05|rna_only],202937150118_R05C01,1.4908955000085098,0.6082465120360986
Lawlor_LPS_Monocyte,cellbridge[shared_top05|rna_only],202937150118_R06C01,0.4243533669557812,1.4108368746792763
Lawlor_LPS_Monocyte,cellbridge[shared_top05|rna_only],202937150118_R07C01,0.24889176835028257,0.3836000094788165
Lawlor_LPS_Monocyte,cellbridge[shared_top05|rna_only],202937150118_R08C01,0.4663042454398014,0.5526500189693608
Lawlor_LPS_Monocyte,cellbridge[shared_top05|anchors_required],202937150091_R01C01,0.08404244084826931,0.6638805776688066
Lawlor_LPS_Monocyte,cellbridge[shared_top05|anchors_required],202937150091_R02C01,0.7032864462592104,0.6975665625561026
Lawlor_LPS_Monocyte,cellbridge[shared_top05|anchors_required],202937150118_R01C01,0.7624588093830624,0.5974789771950724
Lawlor_LPS_Monocyte,cellbridge[shared_top05|anchors_required],202937150118_R02C01,0.948018849726688,0.49294839308881583
Lawlor_LPS_Monocyte,cellbridge[shared_top05|anchors_required],202937150118_R03C01,1.1702554378287557,0.7366175408299261
Lawlor_LPS_Monocyte,cellbridge[shared_top05|anchors_required],202937150118_R04C01,0.6276336500165725,0.5012468016704944
Lawlor_LPS_Monocyte,cellbridge[shared_top05|anchors_required],202937150118_R05C01,1.008876140145319,0.55627272074947
Lawlor_LPS_Monocyte,cellbridge[shared_top05|anchors_required],202937150118_R06C01,0.3694451535334723,0.9019323755635426
Lawlor_LPS_Monocyte,cellbridge[shared_top05|anchors_required],202937150118_R07C01,0.22623086351880534,0.42680050054800545
Lawlor_LPS_Monocyte,cellbridge[shared_top05|anchors_required],202937150118_R08C01,0.508811633786972,0.505121602128496
Lawlor_LPS_Monocyte,cellbridge[shared_top05|rho0],202937150091_R01C01,0.1192525971428089,0.6317704827456898
Lawlor_LPS_Monocyte,cellbridge[shared_top05|rho0],202937150091_R02C01,0.6287869467383055,0.6783175282632277
Lawlor_LPS_Monocyte,cellbridge[shared_top05|rho0],202937150118_R01C01,0.8637047119674913,0.6487069791112292
Lawlor_LPS_Monocyte,cellbridge[shared_top05|rho0],202937150118_R02C01,0.9576189458455299,0.5304263947714695
Lawlor_LPS_Monocyte,cellbridge[shared_top05|rho0],202937150118_R03C01,1.159890810127147,0.7917563753492057
Lawlor_LPS_Monocyte,cellbridge[shared_top05|rho0],202937150118_R04C01,0.5988630130224218,0.4995083504928554
Lawlor_LPS_Monocyte,cellbridge[shared_top05|rho0],202937150118_R05C01,1.1879843821538265,0.5424369629069764
Lawlor_LPS_Monocyte,cellbridge[shared_top05|rho0],202937150118_R06C01,0.4393312337509627,0.998029885136795
Lawlor_LPS_Monocyte,cellbridge[shared_top05|rho0],202937150118_R07C01,0.1399442417698095,0.46071817665262055
Lawlor_LPS_Monocyte,cellbridge[shared_top05|rho0],202937150118_R08C01,0.48412339584208613,0.4601626683026938
Lawlor_LPS_Monocyte,cellbridge[shared_top05|rho_max],202937150091_R01C01,0.12957928033669056,0.644748974011052
Lawlor_LPS_Monocyte,cellbridge[shared_top05|rho_max],202937150091_R02C01,0.7382670861936981,0.7247135325373723
Lawlor_LPS_Monocyte,cellbridge[shared_top05|rho_max],202937150118_R01C01,0.6863515183978411,0.5775212944266562
Lawlor_LPS_Monocyte,cellbridge[shared_top05|rho_max],202937150118_R02C01,0.8081268575960143,0.4956425350125523
Lawlor_LPS_Monocyte,cellbridge[shared_top05|rho_max],202937150118_R03C01,1.2373437053489524,0.7615390472876653
Lawlor_LPS_Monocyte,cellbridge[shared_top05|rho_max],202937150118_R04C01,0.5805054755692183,0.48448594842774007
Lawlor_LPS_Monocyte,cellbridge[shared_top05|rho_max],202937150118_R05C01,1.00712551653809,0.5109339899431127
Lawlor_LPS_Monocyte,cellbridge[shared_top05|rho_max],202937150118_R06C01,0.34009869869209336,0.9986378810963646
Lawlor_LPS_Monocyte,cellbridge[shared_top05|rho_max],202937150118_R07C01,0.11988347542972057,0.49894661420827374
Lawlor_LPS_Monocyte,cellbridge[shared_top05|rho_max],202937150118_R08C01,0.5128054632228735,0.4831437734232914
Lawlor_LPS_Monocyte,cellbridge[shared_top05|no_level],202937150091_R01C01,0.12668874691286522,0.6373113739808426
Lawlor_LPS_Monocyte,cellbridge[shared_top05|no_level],202937150091_R02C01,0.6971487894414612,0.6974021955546028
Lawlor_LPS_Monocyte,cellbridge[shared_top05|no_level],202937150118_R01C01,0.7904966277292829,0.6074346569418848
Lawlor_LPS_Monocyte,cellbridge[shared_top05|no_level],202937150118_R02C01,0.8806453353845233,0.5014301375429802
Lawlor_LPS_Monocyte,cellbridge[shared_top05|no_level],202937150118_R03C01,1.201750148496671,0.7581647244663359
Lawlor_LPS_Monocyte,cellbridge[shared_top05|no_level],202937150118_R04C01,0.5877739992229309,0.4889733896860086
Lawlor_LPS_Monocyte,cellbridge[shared_top05|no_level],202937150118_R05C01,1.080917072227413,0.5186729427939262
Lawlor_LPS_Monocyte,cellbridge[shared_top05|no_level],202937150118_R06C01,0.38296633228670596,0.9977362375257456
Lawlor_LPS_Monocyte,cellbridge[shared_top05|no_level],202937150118_R07C01,0.10039184026564738,0.47605416519866306
Lawlor_LPS_Monocyte,cellbridge[shared_top05|no_level],202937150118_R08C01,0.5005748741720757,0.47154789435346733
Lawlor_LPS_Monocyte,cellbridge[shared_top05|k1],202937150091_R01C01,0.10298640948454198,0.6637990214410272
Lawlor_LPS_Monocyte,cellbridge[shared_top05|k1],202937150091_R02C01,0.7036705976245848,0.6980524638130594
Lawlor_LPS_Monocyte,cellbridge[shared_top05|k1],202937150118_R01C01,0.8044461186199553,0.6093819765496137
Lawlor_LPS_Monocyte,cellbridge[shared_top05|k1],202937150118_R02C01,0.9295790045622065,0.48837461142604593
Lawlor_LPS_Monocyte,cellbridge[shared_top05|k1],202937150118_R03C01,1.201077954341682,0.7595122112522306
Lawlor_LPS_Monocyte,cellbridge[shared_top05|k1],202937150118_R04C01,0.6089939253627314,0.49692126768804207
Lawlor_LPS_Monocyte,cellbridge[shared_top05|k1],202937150118_R05C01,1.0453366133877393,0.5525897894585519
Lawlor_LPS_Monocyte,cellbridge[shared_top05|k1],202937150118_R06C01,0.3819500986273198,0.9497360448677666
Lawlor_LPS_Monocyte,cellbridge[shared_top05|k1],202937150118_R07C01,0.19366422808205525,0.41513831172448945
Lawlor_LPS_Monocyte,cellbridge[shared_top05|k1],202937150118_R08C01,0.49752847829455005,0.48916870829421333
Lawlor_LPS_T,mean,202937150091_R01C01,0.9761323884207799,1.5991173262750276
Lawlor_LPS_T,mean,202937150091_R02C01,1.9022659527452594,1.1003800936466004
Lawlor_LPS_T,mean,202937150118_R01C01,1.7254004859371501,0.8011675592952325
Lawlor_LPS_T,mean,202937150118_R02C01,0.741934257620552,1.0811151730539463
Lawlor_LPS_T,mean,202937150118_R03C01,0.656687342764168,0.778303059740556
Lawlor_LPS_T,mean,202937150118_R04C01,0.35631720285238844,0.740834030593026
Lawlor_LPS_T,mean,202937150118_R05C01,0.742701389720895,0.6686856298410859
Lawlor_LPS_T,mean,202937150118_R06C01,0.9139824951377069,0.902724491275325
Lawlor_LPS_T,mean,202937150118_R07C01,1.3806368421763715,1.3597887483478885
Lawlor_LPS_T,mean,202937150118_R08C01,0.5317918641189596,0.8589334474672464
Lawlor_LPS_T,rna_ridge,202937150091_R01C01,0.967987048067349,1.570128125145263
Lawlor_LPS_T,rna_ridge,202937150091_R02C01,1.8046006733170583,1.0752215194372443
Lawlor_LPS_T,rna_ridge,202937150118_R01C01,1.656350019417986,0.7892261039129822
Lawlor_LPS_T,rna_ridge,202937150118_R02C01,0.7071391512243692,1.0615519856927453
Lawlor_LPS_T,rna_ridge,202937150118_R03C01,0.7102661892335258,0.7807823814560753
Lawlor_LPS_T,rna_ridge,202937150118_R04C01,0.405864114635487,0.730891722088132
Lawlor_LPS_T,rna_ridge,202937150118_R05C01,0.718509690506,0.6894118458489562
Lawlor_LPS_T,rna_ridge,202937150118_R06C01,0.877312796204289,0.8858443516502633
Lawlor_LPS_T,rna_ridge,202937150118_R07C01,1.3038858066561474,1.361696050592811
Lawlor_LPS_T,rna_ridge,202937150118_R08C01,0.4725501815779086,0.8920930395817283
Lawlor_LPS_T,joint_ridge,202937150091_R01C01,0.9653851514773666,1.5670436686901037
Lawlor_LPS_T,joint_ridge,202937150091_R02C01,1.8006309999577812,1.072906435150269
Lawlor_LPS_T,joint_ridge,202937150118_R01C01,1.6239775684965905,0.7869158575489045
Lawlor_LPS_T,joint_ridge,202937150118_R02C01,0.7075070340866194,1.0613048367035953
Lawlor_LPS_T,joint_ridge,202937150118_R03C01,0.7154221331543967,0.7817020135043099
Lawlor_LPS_T,joint_ridge,202937150118_R04C01,0.4007742510232146,0.7287645155057653
Lawlor_LPS_T,joint_ridge,202937150118_R05C01,0.7147100990381596,0.6873378629295852
Lawlor_LPS_T,joint_ridge,202937150118_R06C01,0.8766850523386922,0.8858243379829247
Lawlor_LPS_T,joint_ridge,202937150118_R07C01,1.3052512146245447,1.3602458997910332
Lawlor_LPS_T,joint_ridge,202937150118_R08C01,0.4737931701937786,0.8932926867577489
Lawlor_LPS_T,v040_abundance_shrinkage,202937150091_R01C01,1.0449666307725987,1.555022928736896
Lawlor_LPS_T,v040_abundance_shrinkage,202937150091_R02C01,1.2777333429369215,1.001246788831206
Lawlor_LPS_T,v040_abundance_shrinkage,202937150118_R01C01,1.8598980993341068,0.850618707908304
Lawlor_LPS_T,v040_abundance_shrinkage,202937150118_R02C01,0.7137242554646744,1.0249229003115365
Lawlor_LPS_T,v040_abundance_shrinkage,202937150118_R03C01,0.7089765163912193,0.7972798433880514
Lawlor_LPS_T,v040_abundance_shrinkage,202937150118_R04C01,0.07469658744566372,0.6491076348289263
Lawlor_LPS_T,v040_abundance_shrinkage,202937150118_R05C01,0.46021919189573396,0.5871208755188418
Lawlor_LPS_T,v040_abundance_shrinkage,202937150118_R06C01,0.9608937909711995,0.857372489683717
Lawlor_LPS_T,v040_abundance_shrinkage,202937150118_R07C01,1.2039135186415284,1.237405817685408
Lawlor_LPS_T,v040_abundance_shrinkage,202937150118_R08C01,0.43429489648994213,0.9523455105512535
Lawlor_LPS_T,cellbridge[per_target],202937150091_R01C01,0.8876743805266214,1.2624790278851714
Lawlor_LPS_T,cellbridge[per_target],202937150091_R02C01,1.5111606962222077,0.9656401762570465
Lawlor_LPS_T,cellbridge[per_target],202937150118_R01C01,1.415830411222135,0.8454662782234952
Lawlor_LPS_T,cellbridge[per_target],202937150118_R02C01,0.5380010956318225,0.9737997782152552
Lawlor_LPS_T,cellbridge[per_target],202937150118_R03C01,1.1624592063881,0.8502781434560133
Lawlor_LPS_T,cellbridge[per_target],202937150118_R04C01,0.31113004524748566,0.6855379905778872
Lawlor_LPS_T,cellbridge[per_target],202937150118_R05C01,0.6742123836416662,0.6737921179715121
Lawlor_LPS_T,cellbridge[per_target],202937150118_R06C01,0.7346370036376715,1.0187796067732864
Lawlor_LPS_T,cellbridge[per_target],202937150118_R07C01,0.8948203403743122,1.1322702172126546
Lawlor_LPS_T,cellbridge[per_target],202937150118_R08C01,0.27297404792697166,0.7997230390707858
Lawlor_LPS_T,cellbridge[shared],202937150091_R01C01,1.0900424448502324,1.359751208753285
Lawlor_LPS_T,cellbridge[shared],202937150091_R02C01,1.3937192302942867,0.9562610864134642
Lawlor_LPS_T,cellbridge[shared],202937150118_R01C01,1.3852397317858973,0.841821423412218
Lawlor_LPS_T,cellbridge[shared],202937150118_R02C01,0.38409440943098694,0.9774698128959199
Lawlor_LPS_T,cellbridge[shared],202937150118_R03C01,0.8598567160711483,0.8156156010766392
Lawlor_LPS_T,cellbridge[shared],202937150118_R04C01,0.1675425509282718,0.5959491043314488
Lawlor_LPS_T,cellbridge[shared],202937150118_R05C01,0.5414726052630758,0.5620502921696647
Lawlor_LPS_T,cellbridge[shared],202937150118_R06C01,0.8400185317821149,0.8916094675406475
Lawlor_LPS_T,cellbridge[shared],202937150118_R07C01,0.9044373928533482,1.140953575336154
Lawlor_LPS_T,cellbridge[shared],202937150118_R08C01,0.23566960802707346,0.7863934363649063
Lawlor_LPS_T,cellbridge[shared_top01],202937150091_R01C01,1.0494600314565492,1.326601925931485
Lawlor_LPS_T,cellbridge[shared_top01],202937150091_R02C01,1.4238710803869559,0.9720598190958873
Lawlor_LPS_T,cellbridge[shared_top01],202937150118_R01C01,1.386329140293599,0.8288357776426426
Lawlor_LPS_T,cellbridge[shared_top01],202937150118_R02C01,0.3866415658361761,0.968673604408212
Lawlor_LPS_T,cellbridge[shared_top01],202937150118_R03C01,0.8960321280995946,0.8394378722633404
Lawlor_LPS_T,cellbridge[shared_top01],202937150118_R04C01,0.1735780441829398,0.6105689930069467
Lawlor_LPS_T,cellbridge[shared_top01],202937150118_R05C01,0.5528721071908421,0.5638449436291251
Lawlor_LPS_T,cellbridge[shared_top01],202937150118_R06C01,0.8428326276682299,0.8901043787862359
Lawlor_LPS_T,cellbridge[shared_top01],202937150118_R07C01,0.8343022999885574,1.1246791909394236
Lawlor_LPS_T,cellbridge[shared_top01],202937150118_R08C01,0.23411389404383792,0.8073839349677445
Lawlor_LPS_T,cellbridge[shared_top02],202937150091_R01C01,1.0539782699986906,1.329368264023175
Lawlor_LPS_T,cellbridge[shared_top02],202937150091_R02C01,1.3996224496422425,0.9541108605931038
Lawlor_LPS_T,cellbridge[shared_top02],202937150118_R01C01,1.3969680951290364,0.8170643191410204
Lawlor_LPS_T,cellbridge[shared_top02],202937150118_R02C01,0.3786509006276964,0.966032082699315
Lawlor_LPS_T,cellbridge[shared_top02],202937150118_R03C01,0.8644376569960839,0.802736857038553
Lawlor_LPS_T,cellbridge[shared_top02],202937150118_R04C01,0.1562975474988347,0.5993771675977525
Lawlor_LPS_T,cellbridge[shared_top02],202937150118_R05C01,0.5581823271253904,0.5666048002028083
Lawlor_LPS_T,cellbridge[shared_top02],202937150118_R06C01,0.8533630296462951,0.8937480251243874
Lawlor_LPS_T,cellbridge[shared_top02],202937150118_R07C01,0.8328655103729987,1.1271353502418155
Lawlor_LPS_T,cellbridge[shared_top02],202937150118_R08C01,0.22109588380546638,0.8069899126324561
Lawlor_LPS_T,cellbridge[shared_top05],202937150091_R01C01,1.0479463969020486,1.31538790086641
Lawlor_LPS_T,cellbridge[shared_top05],202937150091_R02C01,1.3358534192025706,0.910925254528962
Lawlor_LPS_T,cellbridge[shared_top05],202937150118_R01C01,1.4202128907516551,0.7950253325930976
Lawlor_LPS_T,cellbridge[shared_top05],202937150118_R02C01,0.38285955467046884,0.9602872060888051
Lawlor_LPS_T,cellbridge[shared_top05],202937150118_R03C01,0.8661724755606968,0.8020890759010676
Lawlor_LPS_T,cellbridge[shared_top05],202937150118_R04C01,0.2125110665557271,0.6076699686328192
Lawlor_LPS_T,cellbridge[shared_top05],202937150118_R05C01,0.5697652516154917,0.573578920432256
Lawlor_LPS_T,cellbridge[shared_top05],202937150118_R06C01,0.8593478563315987,0.8965342263313046
Lawlor_LPS_T,cellbridge[shared_top05],202937150118_R07C01,0.8810723364327593,1.1393791738329953
Lawlor_LPS_T,cellbridge[shared_top05],202937150118_R08C01,0.2224595561144011,0.7943615438401025
Lawlor_LPS_T,cellbridge[shared_top10],202937150091_R01C01,1.0564929204732703,1.3337370153528507
Lawlor_LPS_T,cellbridge[shared_top10],202937150091_R02C01,1.3404227163236395,0.8898569228010992
Lawlor_LPS_T,cellbridge[shared_top10],202937150118_R01C01,1.4752337161325235,0.7899407768573272
Lawlor_LPS_T,cellbridge[shared_top10],202937150118_R02C01,0.3697779630036484,0.9589849505644342
Lawlor_LPS_T,cellbridge[shared_top10],202937150118_R03C01,0.853840485780134,0.8008404607556344
Lawlor_LPS_T,cellbridge[shared_top10],202937150118_R04C01,0.1812398015056027,0.6039044485331622
Lawlor_LPS_T,cellbridge[shared_top10],202937150118_R05C01,0.5804355102991461,0.5818723738124957
Lawlor_LPS_T,cellbridge[shared_top10],202937150118_R06C01,0.855434603582395,0.8990180305913509
Lawlor_LPS_T,cellbridge[shared_top10],202937150118_R07C01,0.8845598175935353,1.1403965323849923
Lawlor_LPS_T,cellbridge[shared_top10],202937150118_R08C01,0.2421391119516885,0.7894111656170694
Lawlor_LPS_T,cellbridge[per_target_top05],202937150091_R01C01,1.000620596523313,1.3092744600470851
Lawlor_LPS_T,cellbridge[per_target_top05],202937150091_R02C01,1.6653745264395017,0.9846697729373421
Lawlor_LPS_T,cellbridge[per_target_top05],202937150118_R01C01,1.4549083856026657,0.8351162251542557
Lawlor_LPS_T,cellbridge[per_target_top05],202937150118_R02C01,0.5160613755003219,0.970136213973549
Lawlor_LPS_T,cellbridge[per_target_top05],202937150118_R03C01,1.099645118255473,0.7860439290751676
Lawlor_LPS_T,cellbridge[per_target_top05],202937150118_R04C01,0.2814422541240641,0.6239213838215798
Lawlor_LPS_T,cellbridge[per_target_top05],202937150118_R05C01,0.6756321025726288,0.6698787592822784
Lawlor_LPS_T,cellbridge[per_target_top05],202937150118_R06C01,0.7985809760360143,1.0147976189693995
Lawlor_LPS_T,cellbridge[per_target_top05],202937150118_R07C01,0.7631875825047597,1.1035261784473807
Lawlor_LPS_T,cellbridge[per_target_top05],202937150118_R08C01,0.2995483555761467,0.7899870561671439
Lawlor_LPS_T,cellbridge[shared_top05|rna_only],202937150091_R01C01,1.0387271131328908,1.3211474750511771
Lawlor_LPS_T,cellbridge[shared_top05|rna_only],202937150091_R02C01,1.3343025250294047,0.9177184554186144
Lawlor_LPS_T,cellbridge[shared_top05|rna_only],202937150118_R01C01,1.4336666578420036,0.8042195817246386
Lawlor_LPS_T,cellbridge[shared_top05|rna_only],202937150118_R02C01,0.38891258627940783,0.9655645141439185
Lawlor_LPS_T,cellbridge[shared_top05|rna_only],202937150118_R03C01,0.8613319001673625,0.8047530858489466
Lawlor_LPS_T,cellbridge[shared_top05|rna_only],202937150118_R04C01,0.18418967525791638,0.6098112561273666
Lawlor_LPS_T,cellbridge[shared_top05|rna_only],202937150118_R05C01,0.5673759326258825,0.5756191001770138
Lawlor_LPS_T,cellbridge[shared_top05|rna_only],202937150118_R06C01,0.8484687260992485,0.8959613326054925
Lawlor_LPS_T,cellbridge[shared_top05|rna_only],202937150118_R07C01,0.904709523275442,1.1486096619876287
Lawlor_LPS_T,cellbridge[shared_top05|rna_only],202937150118_R08C01,0.21058655435586518,0.7963281513007842
Lawlor_LPS_T,cellbridge[shared_top05|anchors_required],202937150091_R01C01,1.043552883813652,1.304859574741882
Lawlor_LPS_T,cellbridge[shared_top05|anchors_required],202937150091_R02C01,1.3250195127056401,0.9004753695335576
Lawlor_LPS_T,cellbridge[shared_top05|anchors_required],202937150118_R01C01,1.4243330233021974,0.7892518294186165
Lawlor_LPS_T,cellbridge[shared_top05|anchors_required],202937150118_R02C01,0.37861240979785743,0.9570890461570188
Lawlor_LPS_T,cellbridge[shared_top05|anchors_required],202937150118_R03C01,0.8588063213914912,0.7986125862533368
Lawlor_LPS_T,cellbridge[shared_top05|anchors_required],202937150118_R04C01,0.24212909010535114,0.6064532941721477
Lawlor_LPS_T,cellbridge[shared_top05|anchors_required],202937150118_R05C01,0.567050596900684,0.5716093804571978
Lawlor_LPS_T,cellbridge[shared_top05|anchors_required],202937150118_R06C01,0.8612347136011652,0.8959674231242477
Lawlor_LPS_T,cellbridge[shared_top05|anchors_required],202937150118_R07C01,0.8525386542535769,1.1335845610220407
Lawlor_LPS_T,cellbridge[shared_top05|anchors_required],202937150118_R08C01,0.23948248925068086,0.8042855826244352
Lawlor_LPS_T,cellbridge[shared_top05|rho0],202937150091_R01C01,1.037023343101861,1.2974832298228713
Lawlor_LPS_T,cellbridge[shared_top05|rho0],202937150091_R02C01,1.3570132258608165,0.918110408623474
Lawlor_LPS_T,cellbridge[shared_top05|rho0],202937150118_R01C01,1.4463687194073251,0.8006685868789624
Lawlor_LPS_T,cellbridge[shared_top05|rho0],202937150118_R02C01,0.36733925826199254,0.969540132827124
Lawlor_LPS_T,cellbridge[shared_top05|rho0],202937150118_R03C01,0.8696400526155916,0.7987359151464316
Lawlor_LPS_T,cellbridge[shared_top05|rho0],202937150118_R04C01,0.20276343257551732,0.6019787210472946
Lawlor_LPS_T,cellbridge[shared_top05|rho0],202937150118_R05C01,0.6043766379154518,0.5684268735768655
Lawlor_LPS_T,cellbridge[shared_top05|rho0],202937150118_R06C01,0.8759547168607533,0.8995340845360723
Lawlor_LPS_T,cellbridge[shared_top05|rho0],202937150118_R07C01,0.9251987910129558,1.1356111356520422
Lawlor_LPS_T,cellbridge[shared_top05|rho0],202937150118_R08C01,0.21767384860025318,0.7684593491671
Lawlor_LPS_T,cellbridge[shared_top05|rho_max],202937150091_R01C01,1.0718902655406213,1.3197905719325032
Lawlor_LPS_T,cellbridge[shared_top05|rho_max],202937150091_R02C01,1.2199863496089618,0.8659814193114639
Lawlor_LPS_T,cellbridge[shared_top05|rho_max],202937150118_R01C01,1.4008116778850581,0.7875203523981701
Lawlor_LPS_T,cellbridge[shared_top05|rho_max],202937150118_R02C01,0.37781903967690633,0.9424757514513509
Lawlor_LPS_T,cellbridge[shared_top05|rho_max],202937150118_R03C01,0.8539478260344864,0.8048380365249426
Lawlor_LPS_T,cellbridge[shared_top05|rho_max],202937150118_R04C01,0.1890566308427269,0.6035269758870271
Lawlor_LPS_T,cellbridge[shared_top05|rho_max],202937150118_R05C01,0.5448363154187615,0.5895487959065988
Lawlor_LPS_T,cellbridge[shared_top05|rho_max],202937150118_R06C01,0.8414072157719028,0.8958472696133177
Lawlor_LPS_T,cellbridge[shared_top05|rho_max],202937150118_R07C01,0.8447728626358202,1.1547620728310202
Lawlor_LPS_T,cellbridge[shared_top05|rho_max],202937150118_R08C01,0.26788614660463383,0.8200440312897431
Lawlor_LPS_T,cellbridge[shared_top05|no_level],202937150091_R01C01,1.0479463969020486,1.31538790086641
Lawlor_LPS_T,cellbridge[shared_top05|no_level],202937150091_R02C01,1.3358534192025706,0.910925254528962
Lawlor_LPS_T,cellbridge[shared_top05|no_level],202937150118_R01C01,1.4202128907516551,0.7950253325930976
Lawlor_LPS_T,cellbridge[shared_top05|no_level],202937150118_R02C01,0.38285955467046884,0.9602872060888051
Lawlor_LPS_T,cellbridge[shared_top05|no_level],202937150118_R03C01,0.8661724755606968,0.8020890759010676
Lawlor_LPS_T,cellbridge[shared_top05|no_level],202937150118_R04C01,0.2125110665557271,0.6076699686328192
Lawlor_LPS_T,cellbridge[shared_top05|no_level],202937150118_R05C01,0.5697652516154917,0.573578920432256
Lawlor_LPS_T,cellbridge[shared_top05|no_level],202937150118_R06C01,0.8593478563315987,0.8965342263313046
Lawlor_LPS_T,cellbridge[shared_top05|no_level],202937150118_R07C01,0.8810723364327593,1.1393791738329953
Lawlor_LPS_T,cellbridge[shared_top05|no_level],202937150118_R08C01,0.2224595561144011,0.7943615438401025
Lawlor_LPS_T,cellbridge[shared_top05|k1],202937150091_R01C01,1.034053652209212,1.2430377534141543
Lawlor_LPS_T,cellbridge[shared_top05|k1],202937150091_R02C01,1.4100165671456693,0.9658783287127423
Lawlor_LPS_T,cellbridge[shared_top05|k1],202937150118_R01C01,1.6186667665343355,0.7546193620876316
Lawlor_LPS_T,cellbridge[shared_top05|k1],202937150118_R02C01,0.4209327290862233,0.9741291193348383
Lawlor_LPS_T,cellbridge[shared_top05|k1],202937150118_R03C01,0.8898640571817178,0.8204674715366287
Lawlor_LPS_T,cellbridge[shared_top05|k1],202937150118_R04C01,0.17557250880458183,0.6115947795077535
Lawlor_LPS_T,cellbridge[shared_top05|k1],202937150118_R05C01,0.6706648477744945,0.6008214913058283
Lawlor_LPS_T,cellbridge[shared_top05|k1],202937150118_R06C01,0.8445242456553009,0.8893587643420986
Lawlor_LPS_T,cellbridge[shared_top05|k1],202937150118_R07C01,0.8056722804228358,1.1287135450818637
Lawlor_LPS_T,cellbridge[shared_top05|k1],202937150118_R08C01,0.2289899400292136,0.7929137141497081
