task,method,donor,primary,all
GSE334503_train_T,mean,Donor001,0.39423133186112447,0.4352888881679709
GSE334503_train_T,mean,Donor005,0.9851715266102702,1.2321289341860746
GSE334503_train_T,mean,Donor011,0.23749180459514424,0.23137707750225958
GSE334503_train_T,mean,Donor015,1.4453265466702216,0.9925237531101575
GSE334503_train_T,mean,Donor017,0.7649708479269731,0.6995372115994705
GSE334503_train_T,mean,Donor022,0.22475445366053784,0.5263254171940684
GSE334503_train_T,mean,Donor024,0.4875179628614872,0.662203648770369
GSE334503_train_T,mean,Donor028,3.007329363698096,2.3368383848064704
GSE334503_train_T,mean,Donor037,0.38091376992818504,0.5012880471289528
GSE334503_train_T,mean,Donor041,1.3416075096319515,1.441660198983543
GSE334503_train_T,mean,Donor051,1.163460639032564,1.4222386290049627
GSE334503_train_T,rna_ridge,Donor001,0.39762364995278004,0.5322120510547526
GSE334503_train_T,rna_ridge,Donor005,0.47178339278290643,0.8887395127499806
GSE334503_train_T,rna_ridge,Donor011,0.11983849041170991,0.37827604440019313
GSE334503_train_T,rna_ridge,Donor015,0.7622629411675427,0.5394901233495881
GSE334503_train_T,rna_ridge,Donor017,0.41686429144363557,0.43681306240241524
GSE334503_train_T,rna_ridge,Donor022,0.2509121499895683,0.3122462209889816
GSE334503_train_T,rna_ridge,Donor024,0.7367698838071598,0.36844778427258756
GSE334503_train_T,rna_ridge,Donor028,2.7586848587549637,2.1058319160690893
GSE334503_train_T,rna_ridge,Donor037,0.561738950708828,0.7832967535094791
GSE334503_train_T,rna_ridge,Donor041,1.4290440390752397,1.4144606258591548
GSE334503_train_T,rna_ridge,Donor051,1.1710525879655198,1.3280095514863834
GSE334503_train_T,joint_ridge,Donor001,0.37154379153262096,0.5172197144588391
GSE334503_train_T,joint_ridge,Donor005,0.47307367410684814,0.882825413103102
GSE334503_train_T,joint_ridge,Donor011,0.11865960416171314,0.37200280303135436
GSE334503_train_T,joint_ridge,Donor015,0.7006673084579361,0.498395786115451
GSE334503_train_T,joint_ridge,Donor017,0.412527667250034,0.4349695194080894
GSE334503_train_T,joint_ridge,Donor022,0.23838186478570714,0.3085642011320798
GSE334503_train_T,joint_ridge,Donor024,0.7187316359712549,0.3615134625830156
GSE334503_train_T,joint_ridge,Donor028,2.6989449721103744,2.054757687369072
GSE334503_train_T,joint_ridge,Donor037,0.5330716122093344,0.7636393260034005
GSE334503_train_T,joint_ridge,Donor041,1.376409638862397,1.3712322275073763
GSE334503_train_T,joint_ridge,Donor051,1.0975057657755405,1.2680390564774293
GSE334503_train_T,v040_abundance_shrinkage,Donor001,0.44709926363576064,0.35282398355130595
GSE334503_train_T,v040_abundance_shrinkage,Donor005,0.4470368570863544,0.5631913477021212
GSE334503_train_T,v040_abundance_shrinkage,Donor011,0.26211376127282193,0.2602885265121278
GSE334503_train_T,v040_abundance_shrinkage,Donor015,0.10837433529618876,0.38806320235362773
GSE334503_train_T,v040_abundance_shrinkage,Donor017,0.4642628603597822,0.38488707522219817
GSE334503_train_T,v040_abundance_shrinkage,Donor022,0.057288672816633655,0.2927171899690873
GSE334503_train_T,v040_abundance_shrinkage,Donor024,0.5401494055752283,0.47916135522270614
GSE334503_train_T,v040_abundance_shrinkage,Donor028,0.557141442885841,0.6201657357793211
GSE334503_train_T,v040_abundance_shrinkage,Donor037,0.24087640454678289,0.5068704175161658
GSE334503_train_T,v040_abundance_shrinkage,Donor041,0.45457561469388696,0.5280143318370589
GSE334503_train_T,v040_abundance_shrinkage,Donor051,0.4018377470856509,0.4638246952955657
GSE334503_train_T,cellbridge[per_target],Donor001,0.30248301593677346,0.33206526267489744
GSE334503_train_T,cellbridge[per_target],Donor005,0.560302237620669,0.5623713693878457
GSE334503_train_T,cellbridge[per_target],Donor011,0.09554708329042813,0.30619597231336954
GSE334503_train_T,cellbridge[per_target],Donor015,0.20959778249578137,0.45173455042554955
GSE334503_train_T,cellbridge[per_target],Donor017,0.3408198473943416,0.30125927003246145
GSE334503_train_T,cellbridge[per_target],Donor022,0.28512501498092724,0.310556780624239
GSE334503_train_T,cellbridge[per_target],Donor024,0.27242445622006084,0.4974592432428522
GSE334503_train_T,cellbridge[per_target],Donor028,0.9622454450539614,0.7945605744618813
GSE334503_train_T,cellbridge[per_target],Donor037,0.19934080309762714,0.4491947644558801
GSE334503_train_T,cellbridge[per_target],Donor041,0.781076099423337,0.666615602898153
GSE334503_train_T,cellbridge[per_target],Donor051,0.5895509134420444,0.6676995079445365
GSE334503_train_T,cellbridge[shared],Donor001,0.20180669416939395,0.30087600220037636
GSE334503_train_T,cellbridge[shared],Donor005,0.4734209448086037,0.5668527857320839
GSE334503_train_T,cellbridge[shared],Donor011,0.0541639159549144,0.2302153248339573
GSE334503_train_T,cellbridge[shared],Donor015,0.1565272921095446,0.5021709833156001
GSE334503_train_T,cellbridge[shared],Donor017,0.46835889370172656,0.28519432528520366
GSE334503_train_T,cellbridge[shared],Donor022,0.166047851375827,0.3052176330373142
GSE334503_train_T,cellbridge[shared],Donor024,0.40895783455601414,0.43762255873626993
GSE334503_train_T,cellbridge[shared],Donor028,1.1243697704258597,0.6764165278035722
GSE334503_train_T,cellbridge[shared],Donor037,0.3303591659205897,0.4632049480488338
GSE334503_train_T,cellbridge[shared],Donor041,0.7321141855179885,0.5638968689856602
GSE334503_train_T,cellbridge[shared],Donor051,0.31554031176521347,0.6280835349658994
GSE334503_train_T,cellbridge[shared_top01],Donor001,0.22770882272985804,0.2834202406673261
GSE334503_train_T,cellbridge[shared_top01],Donor005,0.44045145206228603,0.5563893611907811
GSE334503_train_T,cellbridge[shared_top01],Donor011,0.04981508254397692,0.29261156752387185
GSE334503_train_T,cellbridge[shared_top01],Donor015,0.16185291045599295,0.4611490870667883
GSE334503_train_T,cellbridge[shared_top01],Donor017,0.40199248478602156,0.27120631091144565
GSE334503_train_T,cellbridge[shared_top01],Donor022,0.2171695471067095,0.29880452082751824
GSE334503_train_T,cellbridge[shared_top01],Donor024,0.3929061176545372,0.41632898583399935
GSE334503_train_T,cellbridge[shared_top01],Donor028,1.1078050804772024,0.6861277651836705
GSE334503_train_T,cellbridge[shared_top01],Donor037,0.2868792112806012,0.4512178899897469
GSE334503_train_T,cellbridge[shared_top01],Donor041,0.7286657431314426,0.5890648801675381
GSE334503_train_T,cellbridge[shared_top01],Donor051,0.334626780490512,0.6216887449134478
GSE334503_train_T,cellbridge[shared_top02],Donor001,0.23009932259848925,0.2764332667732176
GSE334503_train_T,cellbridge[shared_top02],Donor005,0.4254796515471918,0.5541744298295086
GSE334503_train_T,cellbridge[shared_top02],Donor011,0.08089681960486936,0.3006489733712611
GSE334503_train_T,cellbridge[shared_top02],Donor015,0.151336006060777,0.4588368789549851
GSE334503_train_T,cellbridge[shared_top02],Donor017,0.3699865394780089,0.2657332350317617
GSE334503_train_T,cellbridge[shared_top02],Donor022,0.22735456788604297,0.29784828653623086
GSE334503_train_T,cellbridge[shared_top02],Donor024,0.36888802360948214,0.4212679516664092
GSE334503_train_T,cellbridge[shared_top02],Donor028,1.0673200820207582,0.6795037209956031
GSE334503_train_T,cellbridge[shared_top02],Donor037,0.2776346660096597,0.44796230650602914
GSE334503_train_T,cellbridge[shared_top02],Donor041,0.7264050762199723,0.5756104579891805
GSE334503_train_T,cellbridge[shared_top02],Donor051,0.35242157501715626,0.6235814995821732
GSE334503_train_T,cellbridge[shared_top05],Donor001,0.22209891512779115,0.27147833090213663
GSE334503_train_T,cellbridge[shared_top05],Donor005,0.4121426920436303,0.5567597917454248
GSE334503_train_T,cellbridge[shared_top05],Donor011,0.05719059546267078,0.2994872754241833
GSE334503_train_T,cellbridge[shared_top05],Donor015,0.17178700279202344,0.44693705533805594
GSE334503_train_T,cellbridge[shared_top05],Donor017,0.3380663266364462,0.26704765673597886
GSE334503_train_T,cellbridge[shared_top05],Donor022,0.23104248311256464,0.29449568211346516
GSE334503_train_T,cellbridge[shared_top05],Donor024,0.3633771141160801,0.407823842066932
GSE334503_train_T,cellbridge[shared_top05],Donor028,1.0721256481379289,0.7091127520301514
GSE334503_train_T,cellbridge[shared_top05],Donor037,0.26904747132778173,0.4585802108537124
GSE334503_train_T,cellbridge[shared_top05],Donor041,0.7499346487864571,0.5817391990080004
GSE334503_train_T,cellbridge[shared_top05],Donor051,0.35399704125051523,0.6349995995158683
GSE334503_train_T,cellbridge[shared_top10],Donor001,0.20857387979146558,0.27989833473204256
GSE334503_train_T,cellbridge[shared_top10],Donor005,0.4514969954308533,0.5861509294110389
GSE334503_train_T,cellbridge[shared_top10],Donor011,0.07148378375105847,0.29707815113549163
GSE334503_train_T,cellbridge[shared_top10],Donor015,0.2679912860982778,0.44766416393510206
GSE334503_train_T,cellbridge[shared_top10],Donor017,0.3305801624659849,0.2764520786837309
GSE334503_train_T,cellbridge[shared_top10],Donor022,0.2474350317394018,0.30137745946454597
GSE334503_train_T,cellbridge[shared_top10],Donor024,0.3810844801448563,0.4203769170751906
GSE334503_train_T,cellbridge[shared_top10],Donor028,1.2607002244110892,0.8338006067277749
GSE334503_train_T,cellbridge[shared_top10],Donor037,0.2800823758373822,0.4797215833943494
GSE334503_train_T,cellbridge[shared_top10],Donor041,0.8272739582844302,0.6300643295098092
GSE334503_train_T,cellbridge[shared_top10],Donor051,0.4550470157890056,0.6844738348466679
GSE334503_train_T,cellbridge[per_target_top05],Donor001,0.31870040356690255,0.28972570111109264
GSE334503_train_T,cellbridge[per_target_top05],Donor005,0.4705455227719024,0.5584007170708262
GSE334503_train_T,cellbridge[per_target_top05],Donor011,0.05972197049431089,0.28598748311495475
GSE334503_train_T,cellbridge[per_target_top05],Donor015,0.17616260242318407,0.44039074251722077
GSE334503_train_T,cellbridge[per_target_top05],Donor017,0.32639105718516526,0.2833847793566634
GSE334503_train_T,cellbridge[per_target_top05],Donor022,0.247904109076177,0.3002133155905686
GSE334503_train_T,cellbridge[per_target_top05],Donor024,0.37229334203444747,0.410935289389731
GSE334503_train_T,cellbridge[per_target_top05],Donor028,1.0645356720233001,0.8559408569032921
GSE334503_train_T,cellbridge[per_target_top05],Donor037,0.24187781714419337,0.46436257601627867
GSE334503_train_T,cellbridge[per_target_top05],Donor041,0.8068699091595339,0.650721980206177
GSE334503_train_T,cellbridge[per_target_top05],Donor051,0.5482684927236923,0.6894764381844461
GSE334503_train_T,cellbridge[shared_top05|rna_only],Donor001,0.3710657062854071,0.45200632020057535
GSE334503_train_T,cellbridge[shared_top05|rna_only],Donor005,0.9015153819517209,1.1016669970443373
GSE334503_train_T,cellbridge[shared_top05|rna_only],Donor011,0.295761349263882,0.4326990185252508
GSE334503_train_T,cellbridge[shared_top05|rna_only],Donor015,1.2815555988437435,0.8079053549832818
GSE334503_train_T,cellbridge[shared_top05|rna_only],Donor017,0.4056627033812108,0.28514269076636
GSE334503_train_T,cellbridge[shared_top05|rna_only],Donor022,0.34045036046405486,0.30030842110056666
GSE334503_train_T,cellbridge[shared_top05|rna_only],Donor024,0.40694137145618414,0.4175304186759597
GSE334503_train_T,cellbridge[shared_top05|rna_only],Donor028,2.4800138949111554,1.8763893986814666
GSE334503_train_T,cellbridge[shared_top05|rna_only],Donor037,0.6482096043707846,0.6883680171801498
GSE334503_train_T,cellbridge[shared_top05|rna_only],Donor041,1.4125930064082421,1.1799244166576688
GSE334503_train_T,cellbridge[shared_top05|rna_only],Donor051,0.9483202446803936,1.1658519252426403
GSE334503_train_T,cellbridge[shared_top05|anchors_required],Donor001,0.23028451654330712,0.2742243345228763
GSE334503_train_T,cellbridge[shared_top05|anchors_required],Donor005,0.4193474277851054,0.552572769423963
GSE334503_train_T,cellbridge[shared_top05|anchors_required],Donor011,0.07482971186239024,0.2994263718733972
GSE334503_train_T,cellbridge[shared_top05|anchors_required],Donor015,0.14975794913002266,0.4574326384623323
GSE334503_train_T,cellbridge[shared_top05|anchors_required],Donor017,0.3574782678772876,0.264260214745953
GSE334503_train_T,cellbridge[shared_top05|anchors_required],Donor022,0.23183582803229985,0.29680077992038145
GSE334503_train_T,cellbridge[shared_top05|anchors_required],Donor024,0.36033077113392564,0.41817857250236806
GSE334503_train_T,cellbridge[shared_top05|anchors_required],Donor028,1.0622837154917488,0.68248794657897
GSE334503_train_T,cellbridge[shared_top05|anchors_required],Donor037,0.27717371391529694,0.44823592183826055
GSE334503_train_T,cellbridge[shared_top05|anchors_required],Donor041,0.7304829690216473,0.5750786775117357
GSE334503_train_T,cellbridge[shared_top05|anchors_required],Donor051,0.3632499677488839,0.6269560928633573
GSE334503_train_T,cellbridge[shared_top05|rho0],Donor001,0.22383737119188432,0.3083557729746071
GSE334503_train_T,cellbridge[shared_top05|rho0],Donor005,0.43001594696091894,0.5690309484423631
GSE334503_train_T,cellbridge[shared_top05|rho0],Donor011,0.07822434105756605,0.24213739024112038
GSE334503_train_T,cellbridge[shared_top05|rho0],Donor015,0.3513926365246075,0.44236562898885967
GSE334503_train_T,cellbridge[shared_top05|rho0],Donor017,0.46221802365816145,0.2920587328329876
GSE334503_train_T,cellbridge[shared_top05|rho0],Donor022,0.2642737628079373,0.3039945694797768
GSE334503_train_T,cellbridge[shared_top05|rho0],Donor024,0.1491535801139466,0.34965032062729845
GSE334503_train_T,cellbridge[shared_top05|rho0],Donor028,1.1836633688705993,0.7202634749165484
GSE334503_train_T,cellbridge[shared_top05|rho0],Donor037,0.2927418471348803,0.4700271397141184
GSE334503_train_T,cellbridge[shared_top05|rho0],Donor041,0.77846776077658,0.5778705557990694
GSE334503_train_T,cellbridge[shared_top05|rho0],Donor051,0.20356635247139898,0.5992915511169808
GSE334503_train_T,cellbridge[shared_top05|rho_max],Donor001,0.2193639654361051,0.25719112277393075
GSE334503_train_T,cellbridge[shared_top05|rho_max],Donor005,0.4380675328657424,0.561017092084626
GSE334503_train_T,cellbridge[shared_top05|rho_max],Donor011,0.03677975805637397,0.32080616379876803
GSE334503_train_T,cellbridge[shared_top05|rho_max],Donor015,0.22132666399929646,0.4845782829327988
GSE334503_train_T,cellbridge[shared_top05|rho_max],Donor017,0.25713082277122984,0.2805667914255051
GSE334503_train_T,cellbridge[shared_top05|rho_max],Donor022,0.18722228531798465,0.29110156665960263
GSE334503_train_T,cellbridge[shared_top05|rho_max],Donor024,0.26339405402562394,0.4047685149445275
GSE334503_train_T,cellbridge[shared_top05|rho_max],Donor028,0.9177556816030539,0.6879563611579427
GSE334503_train_T,cellbridge[shared_top05|rho_max],Donor037,0.14998970659600774,0.46213241177268405
GSE334503_train_T,cellbridge[shared_top05|rho_max],Donor041,0.7975294611662809,0.6353571449103096
GSE334503_train_T,cellbridge[shared_top05|rho_max],Donor051,0.5216170265345832,0.6917178789139607
GSE334503_train_T,cellbridge[shared_top05|no_level],Donor001,0.22203326971307685,0.2803051350608151
GSE334503_train_T,cellbridge[shared_top05|no_level],Donor005,0.4366303611599576,0.5610524350135637
GSE334503_train_T,cellbridge[shared_top05|no_level],Donor011,0.06136268035882223,0.2611828744060613
GSE334503_train_T,cellbridge[shared_top05|no_level],Donor015,0.18311079281149534,0.45307220663060843
GSE334503_train_T,cellbridge[shared_top05|no_level],Donor017,0.38763119456038786,0.27844576916202224
GSE334503_train_T,cellbridge[shared_top05|no_level],Donor022,0.22258326407957046,0.29515872975612606
GSE334503_train_T,cellbridge[shared_top05|no_level],Donor024,0.2072600240179343,0.33462057123385597
GSE334503_train_T,cellbridge[shared_top05|no_level],Donor028,1.0912386028637275,0.7147755989523888
GSE334503_train_T,cellbridge[shared_top05|no_level],Donor037,0.2405348140614744,0.468138189624914
GSE334503_train_T,cellbridge[shared_top05|no_level],Donor041,0.7866152633390724,0.6040969137526183
GSE334503_train_T,cellbridge[shared_top05|no_level],Donor051,0.3608016381229317,0.6471058621010767
GSE334503_train_T,cellbridge[shared_top05|k1],Donor001,0.21164943597351465,0.2779511243711144
GSE334503_train_T,cellbridge[shared_top05|k1],Donor005,0.45848006917439826,0.5621063835314262
GSE334503_train_T,cellbridge[shared_top05|k1],Donor011,0.0299010628752691,0.29446825970140067
GSE334503_train_T,cellbridge[shared_top05|k1],Donor015,0.24053976656079867,0.4244302542377196
GSE334503_train_T,cellbridge[shared_top05|k1],Donor017,0.39177559317031696,0.2715719015004693
GSE334503_train_T,cellbridge[shared_top05|k1],Donor022,0.15938038658988551,0.30158518957028574
GSE334503_train_T,cellbridge[shared_top05|k1],Donor024,0.43120348212393356,0.417029531488296
GSE334503_train_T,cellbridge[shared_top05|k1],Donor028,1.1252271901025455,0.6992074751015435
GSE334503_train_T,cellbridge[shared_top05|k1],Donor037,0.311620052293756,0.4535091208673981
GSE334503_train_T,cellbridge[shared_top05|k1],Donor041,0.730798496899691,0.5888218479122522
GSE334503_train_T,cellbridge[shared_top05|k1],Donor051,0.34810655813410907,0.6345311609820166
Lawlor_CD3_CD28_Monocyte,mean,202937150091_R01C01,1.543328123904075,0.9661780589462242
Lawlor_CD3_CD28_Monocyte,mean,202937150091_R02C01,1.5315009189345505,1.4333052299792917
Lawlor_CD3_CD28_Monocyte,mean,202937150118_R01C01,0.4577344428955496,1.035491866389237
Lawlor_CD3_CD28_Monocyte,mean,202937150118_R02C01,1.4217882427114485,0.9302315864584846
Lawlor_CD3_CD28_Monocyte,mean,202937150118_R03C01,2.0623041778288473,1.1906436445487059
Lawlor_CD3_CD28_Monocyte,mean,202937150118_R04C01,0.1931647182881859,0.6889160765143486
Lawlor_CD3_CD28_Monocyte,mean,202937150118_R05C01,0.7143710934541833,0.8710479483535818
Lawlor_CD3_CD28_Monocyte,mean,202937150118_R06C01,0.6166823314994595,1.1148148918602605
Lawlor_CD3_CD28_Monocyte,mean,202937150118_R07C01,0.8523326876536583,0.6326420008373875
Lawlor_CD3_CD28_Monocyte,mean,202937150118_R08C01,0.509867435655595,1.042324520724355
Lawlor_CD3_CD28_Monocyte,rna_ridge,202937150091_R01C01,1.379742248866604,0.9813890022084839
Lawlor_CD3_CD28_Monocyte,rna_ridge,202937150091_R02C01,1.5315009189345523,1.4333052299792914
Lawlor_CD3_CD28_Monocyte,rna_ridge,202937150118_R01C01,0.36461408331391054,1.0341533231427973
Lawlor_CD3_CD28_Monocyte,rna_ridge,202937150118_R02C01,0.9082584204440352,0.9424385691847824
Lawlor_CD3_CD28_Monocyte,rna_ridge,202937150118_R03C01,1.9438392884752576,1.213136604570394
Lawlor_CD3_CD28_Monocyte,rna_ridge,202937150118_R04C01,0.603395228740971,0.7267476829102536
Lawlor_CD3_CD28_Monocyte,rna_ridge,202937150118_R05C01,0.3779104384339085,0.8481330910771878
Lawlor_CD3_CD28_Monocyte,rna_ridge,202937150118_R06C01,0.5659014624620646,1.090011930866011
Lawlor_CD3_CD28_Monocyte,rna_ridge,202937150118_R07C01,0.8523326876536574,0.6326420008373875
Lawlor_CD3_CD28_Monocyte,rna_ridge,202937150118_R08C01,0.47496179613844147,1.037451419840536
Lawlor_CD3_CD28_Monocyte,joint_ridge,202937150091_R01C01,1.3693860121568884,0.9793873867811309
Lawlor_CD3_CD28_Monocyte,joint_ridge,202937150091_R02C01,1.5315009189345523,1.4333052299792914
Lawlor_CD3_CD28_Monocyte,joint_ridge,202937150118_R01C01,0.35829452742455803,1.0336855814400552
Lawlor_CD3_CD28_Monocyte,joint_ridge,202937150118_R02C01,0.9030698630400936,0.9400955890640454
Lawlor_CD3_CD28_Monocyte,joint_ridge,202937150118_R03C01,1.9376079091195655,1.2127178945617716
Lawlor_CD3_CD28_Monocyte,joint_ridge,202937150118_R04C01,0.5859943495353365,0.7230517696494313
Lawlor_CD3_CD28_Monocyte,joint_ridge,202937150118_R05C01,0.37775260886592343,0.8488722299912711
Lawlor_CD3_CD28_Monocyte,joint_ridge,202937150118_R06C01,0.5733432628788789,1.0882589566126766
Lawlor_CD3_CD28_Monocyte,joint_ridge,202937150118_R07C01,0.8523326876536574,0.6326420008373875
Lawlor_CD3_CD28_Monocyte,joint_ridge,202937150118_R08C01,0.4772092093850403,1.0370009335478836
Lawlor_CD3_CD28_Monocyte,v040_abundance_shrinkage,202937150091_R01C01,1.4427437853749283,0.7964340986183834
Lawlor_CD3_CD28_Monocyte,v040_abundance_shrinkage,202937150091_R02C01,2.0178221256859463,0.8815248044207021
Lawlor_CD3_CD28_Monocyte,v040_abundance_shrinkage,202937150118_R01C01,0.36663484572526484,1.0275853706845333
Lawlor_CD3_CD28_Monocyte,v040_abundance_shrinkage,202937150118_R02C01,0.49099442756323464,0.8676142943369137
Lawlor_CD3_CD28_Monocyte,v040_abundance_shrinkage,202937150118_R03C01,0.8558108105487272,1.3273897424352183
Lawlor_CD3_CD28_Monocyte,v040_abundance_shrinkage,202937150118_R04C01,0.4180152395840091,0.7253990286972253
Lawlor_CD3_CD28_Monocyte,v040_abundance_shrinkage,202937150118_R05C01,0.7714697745631633,0.9030531521302502
Lawlor_CD3_CD28_Monocyte,v040_abundance_shrinkage,202937150118_R06C01,0.47511549829417543,0.9792473296256089
Lawlor_CD3_CD28_Monocyte,v040_abundance_shrinkage,202937150118_R07C01,0.9876556222022473,0.6060737603894829
Lawlor_CD3_CD28_Monocyte,v040_abundance_shrinkage,202937150118_R08C01,0.5666974313975823,1.0136816343970907
Lawlor_CD3_CD28_Monocyte,cellbridge[per_target],202937150091_R01C01,0.4229901640880342,0.5746737890311169
Lawlor_CD3_CD28_Monocyte,cellbridge[per_target],202937150091_R02C01,0.28867073943401034,1.044462282629201
Lawlor_CD3_CD28_Monocyte,cellbridge[per_target],202937150118_R01C01,0.21942413693127027,0.7450638274871942
Lawlor_CD3_CD28_Monocyte,cellbridge[per_target],202937150118_R02C01,0.07128321411324234,0.7083670635517337
Lawlor_CD3_CD28_Monocyte,cellbridge[per_target],202937150118_R03C01,1.5781876859433095,0.9153682286750426
Lawlor_CD3_CD28_Monocyte,cellbridge[per_target],202937150118_R04C01,0.6505608843499189,0.5984135350949739
Lawlor_CD3_CD28_Monocyte,cellbridge[per_target],202937150118_R05C01,0.10880332126256617,0.6725264707456918
Lawlor_CD3_CD28_Monocyte,cellbridge[per_target],202937150118_R06C01,0.652881148747355,0.6915020212639821
Lawlor_CD3_CD28_Monocyte,cellbridge[per_target],202937150118_R07C01,0.5649174341688046,0.4997822929638932
Lawlor_CD3_CD28_Monocyte,cellbridge[per_target],202937150118_R08C01,0.7318153289575148,0.6053316851998455
Lawlor_CD3_CD28_Monocyte,cellbridge[shared],202937150091_R01C01,0.5280477533401594,0.5945631040942614
Lawlor_CD3_CD28_Monocyte,cellbridge[shared],202937150091_R02C01,0.2253621561779616,1.1350988732815546
Lawlor_CD3_CD28_Monocyte,cellbridge[shared],202937150118_R01C01,0.07835375062028441,0.7046405789339744
Lawlor_CD3_CD28_Monocyte,cellbridge[shared],202937150118_R02C01,0.3783530274139476,0.6714748422531868
Lawlor_CD3_CD28_Monocyte,cellbridge[shared],202937150118_R03C01,1.1107389921472093,0.7565942337265062
Lawlor_CD3_CD28_Monocyte,cellbridge[shared],202937150118_R04C01,0.6254301681064003,0.5461620212510553
Lawlor_CD3_CD28_Monocyte,cellbridge[shared],202937150118_R05C01,0.31954642461007365,0.7375954866610724
Lawlor_CD3_CD28_Monocyte,cellbridge[shared],202937150118_R06C01,0.3112580315676833,0.6851117013392338
Lawlor_CD3_CD28_Monocyte,cellbridge[shared],202937150118_R07C01,0.5764546097074564,0.45257218457603005
Lawlor_CD3_CD28_Monocyte,cellbridge[shared],202937150118_R08C01,0.835268752514123,0.513406893835583
Lawlor_CD3_CD28_Monocyte,cellbridge[shared_top01],202937150091_R01C01,0.5477618353677086,0.5974835630356127
Lawlor_CD3_CD28_Monocyte,cellbridge[shared_top01],202937150091_R02C01,0.2577531563002357,1.0958329251007408
Lawlor_CD3_CD28_Monocyte,cellbridge[shared_top01],202937150118_R01C01,0.032599639965313315,0.6837597034137682
Lawlor_CD3_CD28_Monocyte,cellbridge[shared_top01],202937150118_R02C01,0.3934325240979805,0.6518499779092802
Lawlor_CD3_CD28_Monocyte,cellbridge[shared_top01],202937150118_R03C01,1.1134291376995964,0.7051898045407253
Lawlor_CD3_CD28_Monocyte,cellbridge[shared_top01],202937150118_R04C01,0.5346970131543651,0.557992606349743
Lawlor_CD3_CD28_Monocyte,cellbridge[shared_top01],202937150118_R05C01,0.26742967226645387,0.6989775416313269
Lawlor_CD3_CD28_Monocyte,cellbridge[shared_top01],202937150118_R06C01,0.26827299304263386,0.6507469552292591
Lawlor_CD3_CD28_Monocyte,cellbridge[shared_top01],202937150118_R07C01,0.6118038903279647,0.4161285542926524
Lawlor_CD3_CD28_Monocyte,cellbridge[shared_top01],202937150118_R08C01,0.787870178171326,0.5594486928836143
Lawlor_CD3_CD28_Monocyte,cellbridge[shared_top02],202937150091_R01C01,0.5538423068025214,0.5827661953694717
Lawlor_CD3_CD28_Monocyte,cellbridge[shared_top02],202937150091_R02C01,0.2295070181189528,1.172450101711156
Lawlor_CD3_CD28_Monocyte,cellbridge[shared_top02],202937150118_R01C01,0.06593755285738348,0.7158447389783986
Lawlor_CD3_CD28_Monocyte,cellbridge[shared_top02],202937150118_R02C01,0.35389131412516744,0.6257638987261387
Lawlor_CD3_CD28_Monocyte,cellbridge[shared_top02],202937150118_R03C01,1.126851325577669,0.7075604537846635
Lawlor_CD3_CD28_Monocyte,cellbridge[shared_top02],202937150118_R04C01,0.5270403561833775,0.5608393728933772
Lawlor_CD3_CD28_Monocyte,cellbridge[shared_top02],202937150118_R05C01,0.23920159331330637,0.6891531309016128
Lawlor_CD3_CD28_Monocyte,cellbridge[shared_top02],202937150118_R06C01,0.20772966732035983,0.6854611898352467
Lawlor_CD3_CD28_Monocyte,cellbridge[shared_top02],202937150118_R07C01,0.6793696978484092,0.45553139856367986
Lawlor_CD3_CD28_Monocyte,cellbridge[shared_top02],202937150118_R08C01,0.7952797071862107,0.5626693572400921
Lawlor_CD3_CD28_Monocyte,cellbridge[shared_top05],202937150091_R01C01,0.5642337008183532,0.5811216875444738
Lawlor_CD3_CD28_Monocyte,cellbridge[shared_top05],202937150091_R02C01,0.27382744247086366,1.0404066703076813
Lawlor_CD3_CD28_Monocyte,cellbridge[shared_top05],202937150118_R01C01,0.14446089362394327,0.7113188562751328
Lawlor_CD3_CD28_Monocyte,cellbridge[shared_top05],202937150118_R02C01,0.3216210063942343,0.6246385274455387
Lawlor_CD3_CD28_Monocyte,cellbridge[shared_top05],202937150118_R03C01,1.1054352899284252,0.7146426749378957
Lawlor_CD3_CD28_Monocyte,cellbridge[shared_top05],202937150118_R04C01,0.4101839631612342,0.5453358449810412
Lawlor_CD3_CD28_Monocyte,cellbridge[shared_top05],202937150118_R05C01,0.350382905886604,0.6583019506634421
Lawlor_CD3_CD28_Monocyte,cellbridge[shared_top05],202937150118_R06C01,0.232116615738023,0.6746579971338604
Lawlor_CD3_CD28_Monocyte,cellbridge[shared_top05],202937150118_R07C01,0.7341690946547907,0.4434600419892021
Lawlor_CD3_CD28_Monocyte,cellbridge[shared_top05],202937150118_R08C01,0.8243995171582568,0.589023854767358
Lawlor_CD3_CD28_Monocyte,cellbridge[shared_top10],202937150091_R01C01,0.5600350731018479,0.5766446726748186
Lawlor_CD3_CD28_Monocyte,cellbridge[shared_top10],202937150091_R02C01,0.7092997201118362,0.8184466082607512
Lawlor_CD3_CD28_Monocyte,cellbridge[shared_top10],202937150118_R01C01,0.1080148635492213,0.7209859262345653
Lawlor_CD3_CD28_Monocyte,cellbridge[shared_top10],202937150118_R02C01,0.33974333103491905,0.6223461041226171
Lawlor_CD3_CD28_Monocyte,cellbridge[shared_top10],202937150118_R03C01,1.092642477070086,0.7193363879397084
Lawlor_CD3_CD28_Monocyte,cellbridge[shared_top10],202937150118_R04C01,0.4704986875147059,0.54855906311509
Lawlor_CD3_CD28_Monocyte,cellbridge[shared_top10],202937150118_R05C01,0.3212200671460974,0.670708605360506
Lawlor_CD3_CD28_Monocyte,cellbridge[shared_top10],202937150118_R06C01,0.19937426273891307,0.682010894206873
Lawlor_CD3_CD28_Monocyte,cellbridge[shared_top10],202937150118_R07C01,0.789410426427547,0.46804204879095035
Lawlor_CD3_CD28_Monocyte,cellbridge[shared_top10],202937150118_R08C01,0.8190577566103292,0.5845334904501989
Lawlor_CD3_CD28_Monocyte,cellbridge[per_target_top05],202937150091_R01C01,0.41501522321832557,0.5436181205297774
Lawlor_CD3_CD28_Monocyte,cellbridge[per_target_top05],202937150091_R02C01,0.6273989384354357,0.8707315522940599
Lawlor_CD3_CD28_Monocyte,cellbridge[per_target_top05],202937150118_R01C01,0.28684548630341633,0.747296583041578
Lawlor_CD3_CD28_Monocyte,cellbridge[per_target_top05],202937150118_R02C01,0.250879496936496,0.6196127142581251
Lawlor_CD3_CD28_Monocyte,cellbridge[per_target_top05],202937150118_R03C01,1.3182937442130238,0.8023173178644982
Lawlor_CD3_CD28_Monocyte,cellbridge[per_target_top05],202937150118_R04C01,0.5685068607787862,0.5879523654126477
Lawlor_CD3_CD28_Monocyte,cellbridge[per_target_top05],202937150118_R05C01,0.267110881512888,0.6571325576867959
Lawlor_CD3_CD28_Monocyte,cellbridge[per_target_top05],202937150118_R06C01,0.38008777611667,0.6461825368575282
Lawlor_CD3_CD28_Monocyte,cellbridge[per_target_top05],202937150118_R07C01,0.5027178112600412,0.4442310524855024
Lawlor_CD3_CD28_Monocyte,cellbridge[per_target_top05],202937150118_R08C01,0.8949585946745389,0.6158400049976288
Lawlor_CD3_CD28_Monocyte,cellbridge[shared_top05|rna_only],202937150091_R01C01,0.6444719124069805,0.6001213041578414
Lawlor_CD3_CD28_Monocyte,cellbridge[shared_top05|rna_only],202937150091_R02C01,1.480533952531738,0.8490335538461067
Lawlor_CD3_CD28_Monocyte,cellbridge[shared_top05|rna_only],202937150118_R01C01,0.01935204622773592,0.7740155007386958
Lawlor_CD3_CD28_Monocyte,cellbridge[shared_top05|rna_only],202937150118_R02C01,0.31982893752409597,0.6337439138866675
Lawlor_CD3_CD28_Monocyte,cellbridge[shared_top05|rna_only],202937150118_R03C01,1.040279442546405,0.7573814315308122
Lawlor_CD3_CD28_Monocyte,cellbridge[shared_top05|rna_only],202937150118_R04C01,0.8160901166005827,0.7456405166625353
Lawlor_CD3_CD28_Monocyte,cellbridge[shared_top05|rna_only],202937150118_R05C01,0.2290059289776782,0.7165336705326603
Lawlor_CD3_CD28_Monocyte,cellbridge[shared_top05|rna_only],202937150118_R06C01,0.024301028037868988,0.8186899011298595
Lawlor_CD3_CD28_Monocyte,cellbridge[shared_top05|rna_only],202937150118_R07C01,0.9451625908827974,0.6639008733120016
Lawlor_CD3_CD28_Monocyte,cellbridge[shared_top05|rna_only],202937150118_R08C01,0.7312123402726363,0.6034586786146482
Lawlor_CD3_CD28_Monocyte,cellbridge[shared_top05|anchors_required],202937150091_R01C01,0.5585067934107193,0.5752927718267671
Lawlor_CD3_CD28_Monocyte,cellbridge[shared_top05|anchors_required],202937150091_R02C01,0.2421297419765721,1.1422699531921792
Lawlor_CD3_CD28_Monocyte,cellbridge[shared_top05|anchors_required],202937150118_R01C01,0.07897651046901297,0.7149817292428106
Lawlor_CD3_CD28_Monocyte,cellbridge[shared_top05|anchors_required],202937150118_R02C01,0.342423465161768,0.6251919924868138
Lawlor_CD3_CD28_Monocyte,cellbridge[shared_top05|anchors_required],202937150118_R03C01,1.1304028106347914,0.7127665576951976
Lawlor_CD3_CD28_Monocyte,cellbridge[shared_top05|anchors_required],202937150118_R04C01,0.5004233985823608,0.5404892818750534
Lawlor_CD3_CD28_Monocyte,cellbridge[shared_top05|anchors_required],202937150118_R05C01,0.2759011164349725,0.6812762787843839
Lawlor_CD3_CD28_Monocyte,cellbridge[shared_top05|anchors_required],202937150118_R06C01,0.20228846430441033,0.6896557900279688
Lawlor_CD3_CD28_Monocyte,cellbridge[shared_top05|anchors_required],202937150118_R07C01,0.6628533320547456,0.41954450559199663
Lawlor_CD3_CD28_Monocyte,cellbridge[shared_top05|anchors_required],202937150118_R08C01,0.7968739561184762,0.5719524257273186
Lawlor_CD3_CD28_Monocyte,cellbridge[shared_top05|rho0],202937150091_R01C01,0.5546943284572338,0.5597227077876553
Lawlor_CD3_CD28_Monocyte,cellbridge[shared_top05|rho0],202937150091_R02C01,0.22190555578509968,1.110180238899298
Lawlor_CD3_CD28_Monocyte,cellbridge[shared_top05|rho0],202937150118_R01C01,0.15641773533326203,0.7945724582645571
Lawlor_CD3_CD28_Monocyte,cellbridge[shared_top05|rho0],202937150118_R02C01,0.28721837098104275,0.6274053771456825
Lawlor_CD3_CD28_Monocyte,cellbridge[shared_top05|rho0],202937150118_R03C01,1.1434293932085162,0.777767108983726
Lawlor_CD3_CD28_Monocyte,cellbridge[shared_top05|rho0],202937150118_R04C01,0.447095244653432,0.5726772951458295
Lawlor_CD3_CD28_Monocyte,cellbridge[shared_top05|rho0],202937150118_R05C01,0.3792941985598115,0.7225220637024098
Lawlor_CD3_CD28_Monocyte,cellbridge[shared_top05|rho0],202937150118_R06C01,0.09507010539880845,0.6616017174457361
Lawlor_CD3_CD28_Monocyte,cellbridge[shared_top05|rho0],202937150118_R07C01,0.7747703272599862,0.5090808849534537
Lawlor_CD3_CD28_Monocyte,cellbridge[shared_top05|rho0],202937150118_R08C01,0.8342916166871951,0.6034905287813778
Lawlor_CD3_CD28_Monocyte,cellbridge[shared_top05|rho_max],202937150091_R01C01,0.5783771018596225,0.576496028527579
Lawlor_CD3_CD28_Monocyte,cellbridge[shared_top05|rho_max],202937150091_R02C01,0.26724520172147803,1.0201489308713296
Lawlor_CD3_CD28_Monocyte,cellbridge[shared_top05|rho_max],202937150118_R01C01,0.04279611278282605,0.7516166628423736
Lawlor_CD3_CD28_Monocyte,cellbridge[shared_top05|rho_max],202937150118_R02C01,0.32159636066565706,0.6188353832466268
Lawlor_CD3_CD28_Monocyte,cellbridge[shared_top05|rho_max],202937150118_R03C01,1.0725884118106361,0.7138670538913171
Lawlor_CD3_CD28_Monocyte,cellbridge[shared_top05|rho_max],202937150118_R04C01,0.4658631924630054,0.5389374773824234
Lawlor_CD3_CD28_Monocyte,cellbridge[shared_top05|rho_max],202937150118_R05C01,0.33917681652475523,0.6421078170082077
Lawlor_CD3_CD28_Monocyte,cellbridge[shared_top05|rho_max],202937150118_R06C01,0.31017496567489544,0.6456842558700371
Lawlor_CD3_CD28_Monocyte,cellbridge[shared_top05|rho_max],202937150118_R07C01,0.7073333707935028,0.46502283416984086
Lawlor_CD3_CD28_Monocyte,cellbridge[shared_top05|rho_max],202937150118_R08C01,0.8176334216656699,0.54891140405916
Lawlor_CD3_CD28_Monocyte,cellbridge[shared_top05|no_level],202937150091_R01C01,0.5771651265237472,0.5673632853124049
Lawlor_CD3_CD28_Monocyte,cellbridge[shared_top05|no_level],202937150091_R02C01,0.24898307866186603,1.0592739739475077
Lawlor_CD3_CD28_Monocyte,cellbridge[shared_top05|no_level],202937150118_R01C01,0.06508792743491093,0.7658763497570883
Lawlor_CD3_CD28_Monocyte,cellbridge[shared_top05|no_level],202937150118_R02C01,0.31345781952959706,0.6077143188362686
Lawlor_CD3_CD28_Monocyte,cellbridge[shared_top05|no_level],202937150118_R03C01,1.087007764532476,0.7243493029028224
Lawlor_CD3_CD28_Monocyte,cellbridge[shared_top05|no_level],202937150118_R04C01,0.4634077976217167,0.5507617861808741
Lawlor_CD3_CD28_Monocyte,cellbridge[shared_top05|no_level],202937150118_R05C01,0.35390552589978364,0.6572277775294054
Lawlor_CD3_CD28_Monocyte,cellbridge[shared_top05|no_level],202937150118_R06C01,0.25546178655773055,0.6525576503558161
Lawlor_CD3_CD28_Monocyte,cellbridge[shared_top05|no_level],202937150118_R07C01,0.7292072240437274,0.44131942217034836
Lawlor_CD3_CD28_Monocyte,cellbridge[shared_top05|no_level],202937150118_R08C01,0.8360988801147237,0.5656024292025095
Lawlor_CD3_CD28_Monocyte,cellbridge[shared_top05|k1],202937150091_R01C01,0.46394944234501156,0.6052713779563585
Lawlor_CD3_CD28_Monocyte,cellbridge[shared_top05|k1],202937150091_R02C01,0.24736147221754456,1.1230340207864586
Lawlor_CD3_CD28_Monocyte,cellbridge[shared_top05|k1],202937150118_R01C01,0.05649119106682886,0.7062830102825405
Lawlor_CD3_CD28_Monocyte,cellbridge[shared_top05|k1],202937150118_R02C01,0.3968268988791487,0.6558667522980423
Lawlor_CD3_CD28_Monocyte,cellbridge[shared_top05|k1],202937150118_R03C01,1.1382764301762065,0.7031285834230454
Lawlor_CD3_CD28_Monocyte,cellbridge[shared_top05|k1],202937150118_R04C01,0.5752280442595015,0.5846364476582813
Lawlor_CD3_CD28_Monocyte,cellbridge[shared_top05|k1],202937150118_R05C01,0.1857475559998144,0.6658885241158459
Lawlor_CD3_CD28_Monocyte,cellbridge[shared_top05|k1],202937150118_R06C01,0.4447413439408302,0.5875618791125017
Lawlor_CD3_CD28_Monocyte,cellbridge[shared_top05|k1],202937150118_R07C01,0.6802936705110902,0.4493762305469601
Lawlor_CD3_CD28_Monocyte,cellbridge[shared_top05|k1],202937150118_R08C01,0.817425283569512,0.5478664327404166
Lawlor_CD3_CD28_T,mean,202937150091_R01C01,1.7404693764035906,1.7615318182484694
Lawlor_CD3_CD28_T,mean,202937150091_R02C01,1.1451605084456917,1.2626409181689007
Lawlor_CD3_CD28_T,mean,202937150118_R01C01,0.46287296406025336,0.6426787697208205
Lawlor_CD3_CD28_T,mean,202937150118_R02C01,1.6552801278158422,1.2939236112812644
Lawlor_CD3_CD28_T,mean,202937150118_R03C01,0.17793013963496104,0.9762272905424655
Lawlor_CD3_CD28_T,mean,202937150118_R04C01,1.5940992308022106,1.0107942103827454
Lawlor_CD3_CD28_T,mean,202937150118_R05C01,1.10612857232985,0.7264953809287319
Lawlor_CD3_CD28_T,mean,202937150118_R06C01,0.47414036645518054,0.9600340006822073
Lawlor_CD3_CD28_T,mean,202937150118_R07C01,0.15103389269959305,0.4621482953877533
Lawlor_CD3_CD28_T,mean,202937150118_R08C01,0.848471057841053,0.7564289773192824
Lawlor_CD3_CD28_T,rna_ridge,202937150091_R01C01,1.170363586056814,1.2592545216546212
Lawlor_CD3_CD28_T,rna_ridge,202937150091_R02C01,1.153111445147425,1.2854672076019058
Lawlor_CD3_CD28_T,rna_ridge,202937150118_R01C01,0.5355374589062439,0.6856902779402111
Lawlor_CD3_CD28_T,rna_ridge,202937150118_R02C01,1.5343716572198973,0.9691946866329372
Lawlor_CD3_CD28_T,rna_ridge,202937150118_R03C01,0.12622157516190588,0.8055186291755235
Lawlor_CD3_CD28_T,rna_ridge,202937150118_R04C01,1.4920804762501387,0.7771610602723282
Lawlor_CD3_CD28_T,rna_ridge,202937150118_R05C01,1.0123019877122292,0.707225821597002
Lawlor_CD3_CD28_T,rna_ridge,202937150118_R06C01,0.29472726138657745,0.7883027007308037
Lawlor_CD3_CD28_T,rna_ridge,202937150118_R07C01,0.28455498387887446,0.5606313839756806
Lawlor_CD3_CD28_T,rna_ridge,202937150118_R08C01,0.9145151952181604,0.7520123439216119
Lawlor_CD3_CD28_T,joint_ridge,202937150091_R01C01,1.1654222556720888,1.2582178653782843
Lawlor_CD3_CD28_T,joint_ridge,202937150091_R02C01,1.137523065387338,1.2814258147667508
Lawlor_CD3_CD28_T,joint_ridge,202937150118_R01C01,0.5345521711208044,0.6851812900814218
Lawlor_CD3_CD28_T,joint_ridge,202937150118_R02C01,1.5339562302883378,0.9694533261804098
Lawlor_CD3_CD28_T,joint_ridge,202937150118_R03C01,0.12529440183876758,0.805156513854037
Lawlor_CD3_CD28_T,joint_ridge,202937150118_R04C01,1.4866549238970954,0.7754007117929115
Lawlor_CD3_CD28_T,joint_ridge,202937150118_R05C01,1.0088808654391475,0.7055363867063594
Lawlor_CD3_CD28_T,joint_ridge,202937150118_R06C01,0.2933768504595437,0.7867645788667174
Lawlor_CD3_CD28_T,joint_ridge,202937150118_R07C01,0.28410881148590433,0.5581017376716996
Lawlor_CD3_CD28_T,joint_ridge,202937150118_R08C01,0.9125999419677485,0.7501620980150024
Lawlor_CD3_CD28_T,v040_abundance_shrinkage,202937150091_R01C01,0.8679033618181681,1.2861381380695927
Lawlor_CD3_CD28_T,v040_abundance_shrinkage,202937150091_R02C01,0.2521483817728825,1.1824392158396084
Lawlor_CD3_CD28_T,v040_abundance_shrinkage,202937150118_R01C01,0.5479656048957101,0.5861600061198157
Lawlor_CD3_CD28_T,v040_abundance_shrinkage,202937150118_R02C01,0.833867466684483,0.9182386910966285
Lawlor_CD3_CD28_T,v040_abundance_shrinkage,202937150118_R03C01,0.12521556329900327,0.8287167212368104
Lawlor_CD3_CD28_T,v040_abundance_shrinkage,202937150118_R04C01,1.0371854297518959,0.6662235581838274
Lawlor_CD3_CD28_T,v040_abundance_shrinkage,202937150118_R05C01,0.4002345961407001,0.5931183554375514
Lawlor_CD3_CD28_T,v040_abundance_shrinkage,202937150118_R06C01,0.07681606144954603,0.7656151053411784
Lawlor_CD3_CD28_T,v040_abundance_shrinkage,202937150118_R07C01,0.40360601818122843,0.7936905339337158
Lawlor_CD3_CD28_T,v040_abundance_shrinkage,202937150118_R08C01,0.7200298872503825,0.6447126354224114
Lawlor_CD3_CD28_T,cellbridge[per_target],202937150091_R01C01,0.4627390166377145,1.179850594680238
Lawlor_CD3_CD28_T,cellbridge[per_target],202937150091_R02C01,0.7199403934287429,1.4031006563132251
Lawlor_CD3_CD28_T,cellbridge[per_target],202937150118_R01C01,0.5341417400563138,0.8644953928219191
Lawlor_CD3_CD28_T,cellbridge[per_target],202937150118_R02C01,0.9687627513486031,0.9077422935572609
Lawlor_CD3_CD28_T,cellbridge[per_target],202937150118_R03C01,0.944364755744116,1.0789312628595427
Lawlor_CD3_CD28_T,cellbridge[per_target],202937150118_R04C01,1.5302066860186785,0.8413165941125391
Lawlor_CD3_CD28_T,cellbridge[per_target],202937150118_R05C01,0.3579968440396008,0.6848441410054771
Lawlor_CD3_CD28_T,cellbridge[per_target],202937150118_R06C01,0.1881963482140315,0.9786216278035254
Lawlor_CD3_CD28_T,cellbridge[per_target],202937150118_R07C01,0.7457233622746695,0.5523301165833362
Lawlor_CD3_CD28_T,cellbridge[per_target],202937150118_R08C01,0.9675005696169592,0.8100993622895343
Lawlor_CD3_CD28_T,cellbridge[shared],202937150091_R01C01,0.8674421869551804,1.1030585558235644
Lawlor_CD3_CD28_T,cellbridge[shared],202937150091_R02C01,1.0821124120943961,1.177142279079414
Lawlor_CD3_CD28_T,cellbridge[shared],202937150118_R01C01,0.5553273398706954,0.7336667992015811
Lawlor_CD3_CD28_T,cellbridge[shared],202937150118_R02C01,1.543810995126279,0.8851934458523589
Lawlor_CD3_CD28_T,cellbridge[shared],202937150118_R03C01,0.3130556758224255,0.8992160009105634
Lawlor_CD3_CD28_T,cellbridge[shared],202937150118_R04C01,0.9444700050486823,0.7695736497444811
Lawlor_CD3_CD28_T,cellbridge[shared],202937150118_R05C01,0.8436896329592555,0.7327946211667974
Lawlor_CD3_CD28_T,cellbridge[shared],202937150118_R06C01,0.17403634014018338,0.8408908066258971
Lawlor_CD3_CD28_T,cellbridge[shared],202937150118_R07C01,0.3905651073116069,0.47326722840587915
Lawlor_CD3_CD28_T,cellbridge[shared],202937150118_R08C01,0.6528815825793339,0.6255310715442179
Lawlor_CD3_CD28_T,cellbridge[shared_top01],202937150091_R01C01,0.7885963785870167,1.1161838719740174
Lawlor_CD3_CD28_T,cellbridge[shared_top01],202937150091_R02C01,1.1012764113596683,1.1719373828313386
Lawlor_CD3_CD28_T,cellbridge[shared_top01],202937150118_R01C01,0.5692357086614422,0.7220531616460957
Lawlor_CD3_CD28_T,cellbridge[shared_top01],202937150118_R02C01,1.513438917593913,0.8957173929182232
Lawlor_CD3_CD28_T,cellbridge[shared_top01],202937150118_R03C01,0.35912183592777724,0.9143789602591303
Lawlor_CD3_CD28_T,cellbridge[shared_top01],202937150118_R04C01,0.847295414023145,0.7680914389743402
Lawlor_CD3_CD28_T,cellbridge[shared_top01],202937150118_R05C01,0.833945464643639,0.7251185747507519
Lawlor_CD3_CD28_T,cellbridge[shared_top01],202937150118_R06C01,0.16417872036967576,0.8373697799168561
Lawlor_CD3_CD28_T,cellbridge[shared_top01],202937150118_R07C01,0.4231300242473645,0.4697264379110155
Lawlor_CD3_CD28_T,cellbridge[shared_top01],202937150118_R08C01,0.6843780381315279,0.6347752627153672
Lawlor_CD3_CD28_T,cellbridge[shared_top02],202937150091_R01C01,0.7694287610995574,1.1239309507190545
Lawlor_CD3_CD28_T,cellbridge[shared_top02],202937150091_R02C01,1.0986404390597126,1.1642409128086593
Lawlor_CD3_CD28_T,cellbridge[shared_top02],202937150118_R01C01,0.5670103396894622,0.7212268270807131
Lawlor_CD3_CD28_T,cellbridge[shared_top02],202937150118_R02C01,1.5014637027525328,0.9004344931580361
Lawlor_CD3_CD28_T,cellbridge[shared_top02],202937150118_R03C01,0.36242127012482694,0.9179148854421464
Lawlor_CD3_CD28_T,cellbridge[shared_top02],202937150118_R04C01,0.8595562063648075,0.7636790381246877
Lawlor_CD3_CD28_T,cellbridge[shared_top02],202937150118_R05C01,0.8325693907601445,0.7284657976848301
Lawlor_CD3_CD28_T,cellbridge[shared_top02],202937150118_R06C01,0.16142626413454478,0.8391130916013917
Lawlor_CD3_CD28_T,cellbridge[shared_top02],202937150118_R07C01,0.42420291276118965,0.4676065824287084
Lawlor_CD3_CD28_T,cellbridge[shared_top02],202937150118_R08C01,0.6919106062673188,0.6336178271274429
Lawlor_CD3_CD28_T,cellbridge[shared_top05],202937150091_R01C01,0.730129854070817,1.1485934302130245
Lawlor_CD3_CD28_T,cellbridge[shared_top05],202937150091_R02C01,1.0949425078046366,1.1549604599709062
Lawlor_CD3_CD28_T,cellbridge[shared_top05],202937150118_R01C01,0.5501967935210998,0.7143790787629487
Lawlor_CD3_CD28_T,cellbridge[shared_top05],202937150118_R02C01,1.4809209022901444,0.9113046977432521
Lawlor_CD3_CD28_T,cellbridge[shared_top05],202937150118_R03C01,0.38208916317964037,0.9241760302430806
Lawlor_CD3_CD28_T,cellbridge[shared_top05],202937150118_R04C01,0.8327762017345837,0.7458971946180146
Lawlor_CD3_CD28_T,cellbridge[shared_top05],202937150118_R05C01,0.8308760424555462,0.7237521220530309
Lawlor_CD3_CD28_T,cellbridge[shared_top05],202937150118_R06C01,0.15605033931134918,0.8426991553480488
Lawlor_CD3_CD28_T,cellbridge[shared_top05],202937150118_R07C01,0.4243012106417979,0.465062768468644
Lawlor_CD3_CD28_T,cellbridge[shared_top05],202937150118_R08C01,0.6763016790900305,0.6322539724754412
Lawlor_CD3_CD28_T,cellbridge[shared_top10],202937150091_R01C01,0.6732251022794784,1.1690442062834092
Lawlor_CD3_CD28_T,cellbridge[shared_top10],202937150091_R02C01,1.0717561982371007,1.1429515070330603
Lawlor_CD3_CD28_T,cellbridge[shared_top10],202937150118_R01C01,0.5307318623306722,0.7171485980509569
Lawlor_CD3_CD28_T,cellbridge[shared_top10],202937150118_R02C01,1.4415154591200747,0.9270392954168757
Lawlor_CD3_CD28_T,cellbridge[shared_top10],202937150118_R03C01,0.3989506951303819,0.9320918377263528
Lawlor_CD3_CD28_T,cellbridge[shared_top10],202937150118_R04C01,0.8450643312255764,0.7419998779569273
Lawlor_CD3_CD28_T,cellbridge[shared_top10],202937150118_R05C01,0.8473008844980172,0.7145006999621395
Lawlor_CD3_CD28_T,cellbridge[shared_top10],202937150118_R06C01,0.16638053992362642,0.8552951324255396
Lawlor_CD3_CD28_T,cellbridge[shared_top10],202937150118_R07C01,0.41195558982360864,0.4640498657002596
Lawlor_CD3_CD28_T,cellbridge[shared_top10],202937150118_R08C01,0.6634943905965931,0.6344287559244496
Lawlor_CD3_CD28_T,cellbridge[per_target_top05],202937150091_R01C01,0.45300007097372685,1.1898257254702105
Lawlor_CD3_CD28_T,cellbridge[per_target_top05],202937150091_R02C01,0.7361935171767089,1.2001765674050866
Lawlor_CD3_CD28_T,cellbridge[per_target_top05],202937150118_R01C01,0.5393755890145913,0.7954926674426408
Lawlor_CD3_CD28_T,cellbridge[per_target_top05],202937150118_R02C01,1.2100526345387395,0.9218221378238602
Lawlor_CD3_CD28_T,cellbridge[per_target_top05],202937150118_R03C01,0.8560770857923183,0.98249388200499
Lawlor_CD3_CD28_T,cellbridge[per_target_top05],202937150118_R04C01,1.303368492237403,0.8540081659358035
Lawlor_CD3_CD28_T,cellbridge[per_target_top05],202937150118_R05C01,0.5276837583038732,0.6372147762987146
Lawlor_CD3_CD28_T,cellbridge[per_target_top05],202937150118_R06C01,0.20455717953474006,0.9482897552521221
Lawlor_CD3_CD28_T,cellbridge[per_target_top05],202937150118_R07C01,0.4884855326742391,0.4775656222703806
Lawlor_CD3_CD28_T,cellbridge[per_target_top05],202937150118_R08C01,0.9098322382419155,0.7494442688460565
Lawlor_CD3_CD28_T,cellbridge[shared_top05|rna_only],202937150091_R01C01,0.7354238665545535,1.1586184566295825
Lawlor_CD3_CD28_T,cellbridge[shared_top05|rna_only],202937150091_R02C01,1.1094069993546873,1.172566461039741
Lawlor_CD3_CD28_T,cellbridge[shared_top05|rna_only],202937150118_R01C01,0.5508870492744992,0.7130167880497706
Lawlor_CD3_CD28_T,cellbridge[shared_top05|rna_only],202937150118_R02C01,1.484978237286491,0.9185675857313614
Lawlor_CD3_CD28_T,cellbridge[shared_top05|rna_only],202937150118_R03C01,0.4038177585344611,0.9306071457628968
Lawlor_CD3_CD28_T,cellbridge[shared_top05|rna_only],202937150118_R04C01,0.8411267638066695,0.7470551984058165
Lawlor_CD3_CD28_T,cellbridge[shared_top05|rna_only],202937150118_R05C01,0.8292285586896476,0.7267735085285753
Lawlor_CD3_CD28_T,cellbridge[shared_top05|rna_only],202937150118_R06C01,0.14379303098744453,0.8326780840648074
Lawlor_CD3_CD28_T,cellbridge[shared_top05|rna_only],202937150118_R07C01,0.42503083906028444,0.47221894738643416
Lawlor_CD3_CD28_T,cellbridge[shared_top05|rna_only],202937150118_R08C01,0.6879387394862491,0.6327410229997616
Lawlor_CD3_CD28_T,cellbridge[shared_top05|anchors_required],202937150091_R01C01,0.7300502290378268,1.1408593557464821
Lawlor_CD3_CD28_T,cellbridge[shared_top05|anchors_required],202937150091_R02C01,1.0813426229454568,1.1500702358390291
Lawlor_CD3_CD28_T,cellbridge[shared_top05|anchors_required],202937150118_R01C01,0.5490991692570295,0.7153093455724447
Lawlor_CD3_CD28_T,cellbridge[shared_top05|anchors_required],202937150118_R02C01,1.481708179561225,0.9042002126829108
Lawlor_CD3_CD28_T,cellbridge[shared_top05|anchors_required],202937150118_R03C01,0.36473668837210665,0.9186048594825346
Lawlor_CD3_CD28_T,cellbridge[shared_top05|anchors_required],202937150118_R04C01,0.8317008213972411,0.7474131843767081
Lawlor_CD3_CD28_T,cellbridge[shared_top05|anchors_required],202937150118_R05C01,0.8333904617705267,0.7206734563122816
Lawlor_CD3_CD28_T,cellbridge[shared_top05|anchors_required],202937150118_R06C01,0.17136261140357345,0.848366713744599
Lawlor_CD3_CD28_T,cellbridge[shared_top05|anchors_required],202937150118_R07C01,0.42306769467416777,0.4609216523486183
Lawlor_CD3_CD28_T,cellbridge[shared_top05|anchors_required],202937150118_R08C01,0.6712841548331048,0.6358421705726923
Lawlor_CD3_CD28_T,cellbridge[shared_top05|rho0],202937150091_R01C01,0.45773752918826005,1.1885026712301365
Lawlor_CD3_CD28_T,cellbridge[shared_top05|rho0],202937150091_R02C01,0.9763740538624411,1.1640035526418275
Lawlor_CD3_CD28_T,cellbridge[shared_top05|rho0],202937150118_R01C01,0.5115239646211245,0.7294132364337201
Lawlor_CD3_CD28_T,cellbridge[shared_top05|rho0],202937150118_R02C01,1.338516697023511,0.973343187597639
Lawlor_CD3_CD28_T,cellbridge[shared_top05|rho0],202937150118_R03C01,0.39712833986774554,0.9624628022132361
Lawlor_CD3_CD28_T,cellbridge[shared_top05|rho0],202937150118_R04C01,0.9691937874832283,0.8112300998013248
Lawlor_CD3_CD28_T,cellbridge[shared_top05|rho0],202937150118_R05C01,0.9348844180900109,0.6852729678164705
Lawlor_CD3_CD28_T,cellbridge[shared_top05|rho0],202937150118_R06C01,0.07548216586943116,0.8855201057349145
Lawlor_CD3_CD28_T,cellbridge[shared_top05|rho0],202937150118_R07C01,0.4719553116331807,0.46551340076923037
Lawlor_CD3_CD28_T,cellbridge[shared_top05|rho0],202937150118_R08C01,0.7244570375381267,0.6731346616573353
Lawlor_CD3_CD28_T,cellbridge[shared_top05|rho_max],202937150091_R01C01,0.8494929576246688,1.1110774804310417
Lawlor_CD3_CD28_T,cellbridge[shared_top05|rho_max],202937150091_R02C01,1.09970771896456,1.1747869180562842
Lawlor_CD3_CD28_T,cellbridge[shared_top05|rho_max],202937150118_R01C01,0.5825875858068973,0.7240036054051389
Lawlor_CD3_CD28_T,cellbridge[shared_top05|rho_max],202937150118_R02C01,1.556128363482909,0.8657902514791785
Lawlor_CD3_CD28_T,cellbridge[shared_top05|rho_max],202937150118_R03C01,0.3471402326684718,0.9094938224610691
Lawlor_CD3_CD28_T,cellbridge[shared_top05|rho_max],202937150118_R04C01,0.8507099807344289,0.7848131061032119
Lawlor_CD3_CD28_T,cellbridge[shared_top05|rho_max],202937150118_R05C01,0.8583267093878497,0.7349784765894275
Lawlor_CD3_CD28_T,cellbridge[shared_top05|rho_max],202937150118_R06C01,0.12038351060823825,0.8102689754672533
Lawlor_CD3_CD28_T,cellbridge[shared_top05|rho_max],202937150118_R07C01,0.44197989163762114,0.47049952916384047
Lawlor_CD3_CD28_T,cellbridge[shared_top05|rho_max],202937150118_R08C01,0.7084372618061752,0.6152593599733595
Lawlor_CD3_CD28_T,cellbridge[shared_top05|no_level],202937150091_R01C01,0.7406096819767469,1.1262314620483531
Lawlor_CD3_CD28_T,cellbridge[shared_top05|no_level],202937150091_R02C01,1.076027565397153,1.1626328262977192
Lawlor_CD3_CD28_T,cellbridge[shared_top05|no_level],202937150118_R01C01,0.5793278606728972,0.7204207857252547
Lawlor_CD3_CD28_T,cellbridge[shared_top05|no_level],202937150118_R02C01,1.4937563857902099,0.8956603166645397
Lawlor_CD3_CD28_T,cellbridge[shared_top05|no_level],202937150118_R03C01,0.3747430309748505,0.9254890584391795
Lawlor_CD3_CD28_T,cellbridge[shared_top05|no_level],202937150118_R04C01,0.85112700959873,0.7830585460232643
Lawlor_CD3_CD28_T,cellbridge[shared_top05|no_level],202937150118_R05C01,0.8764842122465253,0.7248595234421622
Lawlor_CD3_CD28_T,cellbridge[shared_top05|no_level],202937150118_R06C01,0.11055789113435777,0.8311540011261365
Lawlor_CD3_CD28_T,cellbridge[shared_top05|no_level],202937150118_R07C01,0.43490045702640057,0.4609403849608227
Lawlor_CD3_CD28_T,cellbridge[shared_top05|no_level],202937150118_R08C01,0.6857903301457275,0.6254150143697917
Lawlor_CD3_CD28_T,cellbridge[shared_top05|k1],202937150091_R01C01,0.7408341322429339,1.1326153617219696
Lawlor_CD3_CD28_T,cellbridge[shared_top05|k1],202937150091_R02C01,1.0821653755455052,1.1440581272517047
Lawlor_CD3_CD28_T,cellbridge[shared_top05|k1],202937150118_R01C01,0.5255040300250691,0.7385685325423552
Lawlor_CD3_CD28_T,cellbridge[shared_top05|k1],202937150118_R02C01,1.4728103477562386,0.9112543264158396
Lawlor_CD3_CD28_T,cellbridge[shared_top05|k1],202937150118_R03C01,0.38040260723298625,0.8977784057263697
Lawlor_CD3_CD28_T,cellbridge[shared_top05|k1],202937150118_R04C01,0.9376311425715892,0.743711524738095
Lawlor_CD3_CD28_T,cellbridge[shared_top05|k1],202937150118_R05C01,0.8468541788465078,0.7245532348160628
Lawlor_CD3_CD28_T,cellbridge[shared_top05|k1],202937150118_R06C01,0.13557922635107406,0.8341744433642496
Lawlor_CD3_CD28_T,cellbridge[shared_top05|k1],202937150118_R07C01,0.3883903003990801,0.47227858253841315
Lawlor_CD3_CD28_T,cellbridge[shared_top05|k1],202937150118_R08C01,0.7183413152595797,0.6338313977555131
Lawlor_IgM_IgG_B,mean,202937150118_R02C01,0.9462499541040585,0.9828866222314983
Lawlor_IgM_IgG_B,mean,202937150118_R05C01,0.7678354664004738,1.13898037885159
Lawlor_IgM_IgG_B,mean,202937150118_R06C01,4.751056312450651,2.374435186306894
Lawlor_IgM_IgG_B,mean,202937150118_R07C01,0.5397052188673399,0.8765547906855485
Lawlor_IgM_IgG_B,mean,202937150118_R08C01,0.7793215619178032,1.6226870728932647
Lawlor_IgM_IgG_B,rna_ridge,202937150118_R02C01,0.911213572311482,0.9549140404041095
Lawlor_IgM_IgG_B,rna_ridge,202937150118_R05C01,0.7355811087301577,1.1583331682719922
Lawlor_IgM_IgG_B,rna_ridge,202937150118_R06C01,4.726042304966684,2.3009469788537626
Lawlor_IgM_IgG_B,rna_ridge,202937150118_R07C01,0.7482551156077785,0.8987414221040716
Lawlor_IgM_IgG_B,rna_ridge,202937150118_R08C01,0.7793215619178032,1.6226870728932647
Lawlor_IgM_IgG_B,joint_ridge,202937150118_R02C01,0.9122521618242659,0.9550559897358463
Lawlor_IgM_IgG_B,joint_ridge,202937150118_R05C01,0.735703457343468,1.157654603762836
Lawlor_IgM_IgG_B,joint_ridge,202937150118_R06C01,4.726390537881854,2.302484176992059
Lawlor_IgM_IgG_B,joint_ridge,202937150118_R07C01,0.7503303501496119,0.8990383283562948
Lawlor_IgM_IgG_B,joint_ridge,202937150118_R08C01,0.7793215619178032,1.6226870728932647
Lawlor_IgM_IgG_B,v040_abundance_shrinkage,202937150118_R02C01,0.7418051159908358,1.2764807020896214
Lawlor_IgM_IgG_B,v040_abundance_shrinkage,202937150118_R05C01,0.7761925882122728,1.1228395213708084
Lawlor_IgM_IgG_B,v040_abundance_shrinkage,202937150118_R06C01,4.751056312450651,2.374435186306894
Lawlor_IgM_IgG_B,v040_abundance_shrinkage,202937150118_R07C01,0.5397052188673399,0.8765547906855485
Lawlor_IgM_IgG_B,v040_abundance_shrinkage,202937150118_R08C01,0.7793215619178032,1.6226870728932647
Lawlor_IgM_IgG_B,cellbridge[per_target],202937150118_R02C01,0.5734912225328053,0.9912710032220156
Lawlor_IgM_IgG_B,cellbridge[per_target],202937150118_R05C01,0.96051605928828,1.177123322165202
Lawlor_IgM_IgG_B,cellbridge[per_target],202937150118_R06C01,4.249087261096343,2.0664395450253874
Lawlor_IgM_IgG_B,cellbridge[per_target],202937150118_R07C01,0.6433165477097234,0.8850441172667634
Lawlor_IgM_IgG_B,cellbridge[per_target],202937150118_R08C01,0.4406576252032228,1.3610413125666891
Lawlor_IgM_IgG_B,cellbridge[shared],202937150118_R02C01,0.6099859607970766,0.9125681041225376
Lawlor_IgM_IgG_B,cellbridge[shared],202937150118_R05C01,0.8577218138925418,1.2529240068379506
Lawlor_IgM_IgG_B,cellbridge[shared],202937150118_R06C01,3.3804737251270254,1.7460723765677115
Lawlor_IgM_IgG_B,cellbridge[shared],202937150118_R07C01,0.6366892136445794,0.8022886270471916
Lawlor_IgM_IgG_B,cellbridge[shared],202937150118_R08C01,0.29915923977699244,1.1656446018054163
Lawlor_IgM_IgG_B,cellbridge[shared_top01],202937150118_R02C01,0.583987661774594,0.897507420137446
Lawlor_IgM_IgG_B,cellbridge[shared_top01],202937150118_R05C01,0.7838880576195708,1.2158433894407321
Lawlor_IgM_IgG_B,cellbridge[shared_top01],202937150118_R06C01,3.5754251598855173,1.8134861734100483
Lawlor_IgM_IgG_B,cellbridge[shared_top01],202937150118_R07C01,0.670165051257066,0.8057167764994076
Lawlor_IgM_IgG_B,cellbridge[shared_top01],202937150118_R08C01,0.28090007013854007,1.1654046920942498
Lawlor_IgM_IgG_B,cellbridge[shared_top02],202937150118_R02C01,0.6098673335033706,0.9279448767287941
Lawlor_IgM_IgG_B,cellbridge[shared_top02],202937150118_R05C01,0.7667624446230172,1.2014820704639906
Lawlor_IgM_IgG_B,cellbridge[shared_top02],202937150118_R06C01,3.6861255124357477,1.8350345935187766
Lawlor_IgM_IgG_B,cellbridge[shared_top02],202937150118_R07C01,0.6737892896207902,0.8526270420627324
Lawlor_IgM_IgG_B,cellbridge[shared_top02],202937150118_R08C01,0.2770734105674255,1.1797738647502445
Lawlor_IgM_IgG_B,cellbridge[shared_top05],202937150118_R02C01,0.6323889036133454,0.9978277260206015
Lawlor_IgM_IgG_B,cellbridge[shared_top05],202937150118_R05C01,0.7775796748820205,1.1987683431372793
Lawlor_IgM_IgG_B,cellbridge[shared_top05],202937150118_R06C01,3.7552902995866035,1.8541594369980454
Lawlor_IgM_IgG_B,cellbridge[shared_top05],202937150118_R07C01,0.6650973134696514,0.905332828561614
Lawlor_IgM_IgG_B,cellbridge[shared_top05],202937150118_R08C01,0.28780112464442215,1.2154573207448225
Lawlor_IgM_IgG_B,cellbridge[shared_top10],202937150118_R02C01,0.6294745472576401,1.022881958009795
Lawlor_IgM_IgG_B,cellbridge[shared_top10],202937150118_R05C01,0.7280123865513939,1.181359706508132
Lawlor_IgM_IgG_B,cellbridge[shared_top10],202937150118_R06C01,3.783971312708417,1.867768997675259
Lawlor_IgM_IgG_B,cellbridge[shared_top10],202937150118_R07C01,0.6694646584905357,0.9254759432692956
Lawlor_IgM_IgG_B,cellbridge[shared_top10],202937150118_R08C01,0.291030601905803,1.2461619411520481
Lawlor_IgM_IgG_B,cellbridge[per_target_top05],202937150118_R02C01,0.46307780982835567,0.9096400888745613
Lawlor_IgM_IgG_B,cellbridge[per_target_top05],202937150118_R05C01,0.9040974286061891,1.2710963543832137
Lawlor_IgM_IgG_B,cellbridge[per_target_top05],202937150118_R06C01,4.38017229261068,1.9520421017942344
Lawlor_IgM_IgG_B,cellbridge[per_target_top05],202937150118_R07C01,0.6976745789099179,0.8761810196382126
Lawlor_IgM_IgG_B,cellbridge[per_target_top05],202937150118_R08C01,0.419175697548824,1.302414339451301
Lawlor_IgM_IgG_B,cellbridge[shared_top05|rna_only],202937150118_R02C01,0.659973311658447,1.0365625928453588
Lawlor_IgM_IgG_B,cellbridge[shared_top05|rna_only],202937150118_R05C01,0.7453292413120235,1.1871345658295633
Lawlor_IgM_IgG_B,cellbridge[shared_top05|rna_only],202937150118_R06C01,3.8323844693694777,1.880617066624208
Lawlor_IgM_IgG_B,cellbridge[shared_top05|rna_only],202937150118_R07C01,0.6725268796759778,0.9544480911933685
Lawlor_IgM_IgG_B,cellbridge[shared_top05|rna_only],202937150118_R08C01,0.2999286906330184,1.2729801163962802
Lawlor_IgM_IgG_B,cellbridge[shared_top05|anchors_required],202937150118_R02C01,0.6240765509571273,0.9517075333234323
Lawlor_IgM_IgG_B,cellbridge[shared_top05|anchors_required],202937150118_R05C01,0.7891042265394866,1.2057045720585031
Lawlor_IgM_IgG_B,cellbridge[shared_top05|anchors_required],202937150118_R06C01,3.710833052863538,1.8391864606992294
Lawlor_IgM_IgG_B,cellbridge[shared_top05|anchors_required],202937150118_R07C01,0.6658848454157077,0.8612621545835306
Lawlor_IgM_IgG_B,cellbridge[shared_top05|anchors_required],202937150118_R08C01,0.2793335948594277,1.1780911659092657
Lawlor_IgM_IgG_B,cellbridge[shared_top05|rho0],202937150118_R02C01,0.6717408447741444,1.0080438778956515
Lawlor_IgM_IgG_B,cellbridge[shared_top05|rho0],202937150118_R05C01,0.8621374869516429,1.2395400792310738
Lawlor_IgM_IgG_B,cellbridge[shared_top05|rho0],202937150118_R06C01,3.6285650300178145,1.9574513160117775
Lawlor_IgM_IgG_B,cellbridge[shared_top05|rho0],202937150118_R07C01,0.6401734538548812,0.9093179118425454
Lawlor_IgM_IgG_B,cellbridge[shared_top05|rho0],202937150118_R08C01,0.26477426846568775,1.255045633669338
Lawlor_IgM_IgG_B,cellbridge[shared_top05|rho_max],202937150118_R02C01,0.569632295260406,0.962778542500236
Lawlor_IgM_IgG_B,cellbridge[shared_top05|rho_max],202937150118_R05C01,0.7860768522136836,1.2109515311742791
Lawlor_IgM_IgG_B,cellbridge[shared_top05|rho_max],202937150118_R06C01,3.509275384605262,1.8411253295293575
Lawlor_IgM_IgG_B,cellbridge[shared_top05|rho_max],202937150118_R07C01,0.6433559385264922,0.9124429176119374
Lawlor_IgM_IgG_B,cellbridge[shared_top05|rho_max],202937150118_R08C01,0.34437419020887355,1.2421698786430975
Lawlor_IgM_IgG_B,cellbridge[shared_top05|no_level],202937150118_R02C01,0.6215893914347134,0.9689440758588491
Lawlor_IgM_IgG_B,cellbridge[shared_top05|no_level],202937150118_R05C01,0.8238880062278318,1.2207323963804646
Lawlor_IgM_IgG_B,cellbridge[shared_top05|no_level],202937150118_R06C01,3.4953064193980192,1.8270335788351262
Lawlor_IgM_IgG_B,cellbridge[shared_top05|no_level],202937150118_R07C01,0.6448125897278721,0.9035894547727487
Lawlor_IgM_IgG_B,cellbridge[shared_top05|no_level],202937150118_R08C01,0.317359102007691,1.2466158473787121
Lawlor_IgM_IgG_B,cellbridge[shared_top05|k1],202937150118_R02C01,0.5736161439990609,0.8949087784666575
Lawlor_IgM_IgG_B,cellbridge[shared_top05|k1],202937150118_R05C01,0.7826555149405051,1.2128092919536217
Lawlor_IgM_IgG_B,cellbridge[shared_top05|k1],202937150118_R06C01,3.428759965967007,1.7850389959521709
Lawlor_IgM_IgG_B,cellbridge[shared_top05|k1],202937150118_R07C01,0.6488564961145091,0.797898318681927
Lawlor_IgM_IgG_B,cellbridge[shared_top05|k1],202937150118_R08C01,0.27606804522308565,1.165428697330343
Lawlor_IgM_IgG_Monocyte,mean,202937150091_R01C01,0.6639552424853713,0.7356599648113571
Lawlor_IgM_IgG_Monocyte,mean,202937150091_R02C01,1.4818059473241658,0.9473495157960724
Lawlor_IgM_IgG_Monocyte,mean,202937150118_R01C01,0.17556109003977127,0.7818872797501382
Lawlor_IgM_IgG_Monocyte,mean,202937150118_R02C01,2.5299723484935495,1.3368742876987947
Lawlor_IgM_IgG_Monocyte,mean,202937150118_R03C01,0.4824178361787592,0.9554964946708738
Lawlor_IgM_IgG_Monocyte,mean,202937150118_R04C01,1.5538039689175442,1.1386469943368325
Lawlor_IgM_IgG_Monocyte,mean,202937150118_R05C01,0.3319047391479435,0.8952465890088412
Lawlor_IgM_IgG_Monocyte,mean,202937150118_R06C01,0.46370404417395616,1.641977091011435
Lawlor_IgM_IgG_Monocyte,mean,202937150118_R07C01,0.3955741193212496,0.5959739012686435
Lawlor_IgM_IgG_Monocyte,mean,202937150118_R08C01,1.4728105398578513,0.9515972444502735
Lawlor_IgM_IgG_Monocyte,rna_ridge,202937150091_R01C01,0.6854907229168622,0.6966011249753103
Lawlor_IgM_IgG_Monocyte,rna_ridge,202937150091_R02C01,1.0534285942923614,0.8860639170919274
Lawlor_IgM_IgG_Monocyte,rna_ridge,202937150118_R01C01,0.2646601089144977,0.7725535700588253
Lawlor_IgM_IgG_Monocyte,rna_ridge,202937150118_R02C01,2.017320531616888,1.0959454957419055
Lawlor_IgM_IgG_Monocyte,rna_ridge,202937150118_R03C01,0.7644672392021103,0.9090076748386867
Lawlor_IgM_IgG_Monocyte,rna_ridge,202937150118_R04C01,1.5705654274309397,1.1861930779970051
Lawlor_IgM_IgG_Monocyte,rna_ridge,202937150118_R05C01,0.46186158773738184,1.0456291791252337
Lawlor_IgM_IgG_Monocyte,rna_ridge,202937150118_R06C01,0.402545220434379,1.642135091849912
Lawlor_IgM_IgG_Monocyte,rna_ridge,202937150118_R07C01,0.32379801037231315,0.6049249039344851
Lawlor_IgM_IgG_Monocyte,rna_ridge,202937150118_R08C01,1.2548292056742296,0.8218436311204952
Lawlor_IgM_IgG_Monocyte,joint_ridge,202937150091_R01C01,0.6881571116107817,0.6955581463122454
Lawlor_IgM_IgG_Monocyte,joint_ridge,202937150091_R02C01,1.0542991988897752,0.8856158466640665
Lawlor_IgM_IgG_Monocyte,joint_ridge,202937150118_R01C01,0.2711914643123773,0.7728011310905285
Lawlor_IgM_IgG_Monocyte,joint_ridge,202937150118_R02C01,2.0118049453445654,1.094072675150342
Lawlor_IgM_IgG_Monocyte,joint_ridge,202937150118_R03C01,0.7965584664914325,0.91112511378668
Lawlor_IgM_IgG_Monocyte,joint_ridge,202937150118_R04C01,1.5662486269666223,1.1981697477813031
Lawlor_IgM_IgG_Monocyte,joint_ridge,202937150118_R05C01,0.45227463795961836,1.0501252392263634
Lawlor_IgM_IgG_Monocyte,joint_ridge,202937150118_R06C01,0.4021161466996723,1.63456238640845
Lawlor_IgM_IgG_Monocyte,joint_ridge,202937150118_R07C01,0.3249009424314972,0.6045641859225727
Lawlor_IgM_IgG_Monocyte,joint_ridge,202937150118_R08C01,1.25248649437777,0.8186967137264424
Lawlor_IgM_IgG_Monocyte,v040_abundance_shrinkage,202937150091_R01C01,0.7166711061016626,0.5764262413989603
Lawlor_IgM_IgG_Monocyte,v040_abundance_shrinkage,202937150091_R02C01,0.45962411704878126,0.9149962224701093
Lawlor_IgM_IgG_Monocyte,v040_abundance_shrinkage,202937150118_R01C01,0.7204460174838473,0.8654395324465359
Lawlor_IgM_IgG_Monocyte,v040_abundance_shrinkage,202937150118_R02C01,1.0671863755222317,0.9779544194003095
Lawlor_IgM_IgG_Monocyte,v040_abundance_shrinkage,202937150118_R03C01,0.8760752064623212,0.9303400198620648
Lawlor_IgM_IgG_Monocyte,v040_abundance_shrinkage,202937150118_R04C01,1.179297666981837,0.7087143777168755
Lawlor_IgM_IgG_Monocyte,v040_abundance_shrinkage,202937150118_R05C01,0.4742948812786669,0.6770261895026953
Lawlor_IgM_IgG_Monocyte,v040_abundance_shrinkage,202937150118_R06C01,0.7731288321154379,0.9213042776636816
Lawlor_IgM_IgG_Monocyte,v040_abundance_shrinkage,202937150118_R07C01,0.30388018867974864,0.5212469839781751
Lawlor_IgM_IgG_Monocyte,v040_abundance_shrinkage,202937150118_R08C01,1.1037578979802927,0.5760457830903001
Lawlor_IgM_IgG_Monocyte,cellbridge[per_target],202937150091_R01C01,0.06540532606312574,0.59685960162662
Lawlor_IgM_IgG_Monocyte,cellbridge[per_target],202937150091_R02C01,1.1725587503172927,0.8735685056103867
Lawlor_IgM_IgG_Monocyte,cellbridge[per_target],202937150118_R01C01,0.25028015173957796,0.5186526725531526
Lawlor_IgM_IgG_Monocyte,cellbridge[per_target],202937150118_R02C01,1.0401221048949527,0.8884079311634111
Lawlor_IgM_IgG_Monocyte,cellbridge[per_target],202937150118_R03C01,0.7230978262612843,0.7605481466314418
Lawlor_IgM_IgG_Monocyte,cellbridge[per_target],202937150118_R04C01,1.5718264732792149,0.7209889061640378
Lawlor_IgM_IgG_Monocyte,cellbridge[per_target],202937150118_R05C01,0.36604865940746445,0.5963802502847537
Lawlor_IgM_IgG_Monocyte,cellbridge[per_target],202937150118_R06C01,0.1271868391470118,0.839756770214972
Lawlor_IgM_IgG_Monocyte,cellbridge[per_target],202937150118_R07C01,0.4667709883380728,0.5378514123274624
Lawlor_IgM_IgG_Monocyte,cellbridge[per_target],202937150118_R08C01,1.0973505596778863,0.653699359431298
Lawlor_IgM_IgG_Monocyte,cellbridge[shared],202937150091_R01C01,0.47638333317181497,0.5012812409260824
Lawlor_IgM_IgG_Monocyte,cellbridge[shared],202937150091_R02C01,1.4808161140473712,0.8385267489067696
Lawlor_IgM_IgG_Monocyte,cellbridge[shared],202937150118_R01C01,0.49184572045994107,0.4904175399304022
Lawlor_IgM_IgG_Monocyte,cellbridge[shared],202937150118_R02C01,1.2178568748079015,0.9635721945338394
Lawlor_IgM_IgG_Monocyte,cellbridge[shared],202937150118_R03C01,0.3938308935828995,0.7083890728640206
Lawlor_IgM_IgG_Monocyte,cellbridge[shared],202937150118_R04C01,0.8576614938557161,0.5449166338498844
Lawlor_IgM_IgG_Monocyte,cellbridge[shared],202937150118_R05C01,0.29090907752793616,0.5605713420724505
Lawlor_IgM_IgG_Monocyte,cellbridge[shared],202937150118_R06C01,0.7460494819364567,0.7624873348855246
Lawlor_IgM_IgG_Monocyte,cellbridge[shared],202937150118_R07C01,0.4181539593756336,0.5304915501758392
Lawlor_IgM_IgG_Monocyte,cellbridge[shared],202937150118_R08C01,1.2470767394164477,0.5922205568042976
Lawlor_IgM_IgG_Monocyte,cellbridge[shared_top01],202937150091_R01C01,0.4782094981711812,0.4916290018316686
Lawlor_IgM_IgG_Monocyte,cellbridge[shared_top01],202937150091_R02C01,1.4302333541728336,0.7903818851915492
Lawlor_IgM_IgG_Monocyte,cellbridge[shared_top01],202937150118_R01C01,0.47995222685907324,0.47853913475549514
Lawlor_IgM_IgG_Monocyte,cellbridge[shared_top01],202937150118_R02C01,1.2363925779887093,0.9483404415901288
Lawlor_IgM_IgG_Monocyte,cellbridge[shared_top01],202937150118_R03C01,0.40517968680300215,0.7189913458123399
Lawlor_IgM_IgG_Monocyte,cellbridge[shared_top01],202937150118_R04C01,0.8528064166041567,0.5307764464288062
Lawlor_IgM_IgG_Monocyte,cellbridge[shared_top01],202937150118_R05C01,0.2807934575278099,0.5681387485681659
Lawlor_IgM_IgG_Monocyte,cellbridge[shared_top01],202937150118_R06C01,0.7328095823808833,0.7560960559162214
Lawlor_IgM_IgG_Monocyte,cellbridge[shared_top01],202937150118_R07C01,0.4265844174646155,0.5212738119417532
Lawlor_IgM_IgG_Monocyte,cellbridge[shared_top01],202937150118_R08C01,1.3040542658424878,0.5922698129129065
Lawlor_IgM_IgG_Monocyte,cellbridge[shared_top02],202937150091_R01C01,0.48512207244133987,0.48974976897990075
Lawlor_IgM_IgG_Monocyte,cellbridge[shared_top02],202937150091_R02C01,1.43435313928125,0.7975374635163159
Lawlor_IgM_IgG_Monocyte,cellbridge[shared_top02],202937150118_R01C01,0.4847621053947928,0.4835039758999468
Lawlor_IgM_IgG_Monocyte,cellbridge[shared_top02],202937150118_R02C01,1.2269359022164392,0.9301456188486091
Lawlor_IgM_IgG_Monocyte,cellbridge[shared_top02],202937150118_R03C01,0.4102279579650311,0.7103490555995037
Lawlor_IgM_IgG_Monocyte,cellbridge[shared_top02],202937150118_R04C01,0.835062684542849,0.5313588575287439
Lawlor_IgM_IgG_Monocyte,cellbridge[shared_top02],202937150118_R05C01,0.19695949476479369,0.5572766621603109
Lawlor_IgM_IgG_Monocyte,cellbridge[shared_top02],202937150118_R06C01,0.7241973056212996,0.7562194421395059
Lawlor_IgM_IgG_Monocyte,cellbridge[shared_top02],202937150118_R07C01,0.4421213048803622,0.5115083009901482
Lawlor_IgM_IgG_Monocyte,cellbridge[shared_top02],202937150118_R08C01,1.345460643132821,0.5902408698413523
Lawlor_IgM_IgG_Monocyte,cellbridge[shared_top05],202937150091_R01C01,0.44802099357562264,0.49420439814629263
Lawlor_IgM_IgG_Monocyte,cellbridge[shared_top05],202937150091_R02C01,1.468309093191654,0.8554441331564684
Lawlor_IgM_IgG_Monocyte,cellbridge[shared_top05],202937150118_R01C01,0.44048765493345193,0.49807844690867414
Lawlor_IgM_IgG_Monocyte,cellbridge[shared_top05],202937150118_R02C01,1.1783016114721039,0.8825531691341039
Lawlor_IgM_IgG_Monocyte,cellbridge[shared_top05],202937150118_R03C01,0.5300749130582771,0.7443335380836736
Lawlor_IgM_IgG_Monocyte,cellbridge[shared_top05],202937150118_R04C01,0.9682831592884307,0.618514711241952
Lawlor_IgM_IgG_Monocyte,cellbridge[shared_top05],202937150118_R05C01,0.22166551533381693,0.5833238268276352
Lawlor_IgM_IgG_Monocyte,cellbridge[shared_top05],202937150118_R06C01,0.4753759322796136,0.8764951795820223
Lawlor_IgM_IgG_Monocyte,cellbridge[shared_top05],202937150118_R07C01,0.4230428727839111,0.48744782936473924
Lawlor_IgM_IgG_Monocyte,cellbridge[shared_top05],202937150118_R08C01,1.3980976886116114,0.6235616604292024
Lawlor_IgM_IgG_Monocyte,cellbridge[shared_top10],202937150091_R01C01,0.3547565885532977,0.521553381747828
Lawlor_IgM_IgG_Monocyte,cellbridge[shared_top10],202937150091_R02C01,1.3927858654487963,0.8990870332841918
Lawlor_IgM_IgG_Monocyte,cellbridge[shared_top10],202937150118_R01C01,0.37036719789492195,0.4969725434370251
Lawlor_IgM_IgG_Monocyte,cellbridge[shared_top10],202937150118_R02C01,1.2608885660853753,0.8475689695794075
Lawlor_IgM_IgG_Monocyte,cellbridge[shared_top10],202937150118_R03C01,0.6167038767747002,0.7727708846134765
Lawlor_IgM_IgG_Monocyte,cellbridge[shared_top10],202937150118_R04C01,1.1780326632880156,0.7690080064751307
Lawlor_IgM_IgG_Monocyte,cellbridge[shared_top10],202937150118_R05C01,0.30060578499614493,0.6065888659032747
Lawlor_IgM_IgG_Monocyte,cellbridge[shared_top10],202937150118_R06C01,0.15061647532638925,1.0912627017433991
Lawlor_IgM_IgG_Monocyte,cellbridge[shared_top10],202937150118_R07C01,0.39529992038749395,0.48165100034212704
Lawlor_IgM_IgG_Monocyte,cellbridge[shared_top10],202937150118_R08C01,1.421494841088404,0.6507329986727322
Lawlor_IgM_IgG_Monocyte,cellbridge[per_target_top05],202937150091_R01C01,0.2050505611518756,0.5700675183228681
Lawlor_IgM_IgG_Monocyte,cellbridge[per_target_top05],202937150091_R02C01,1.2153522953787161,0.855757483248228
Lawlor_IgM_IgG_Monocyte,cellbridge[per_target_top05],202937150118_R01C01,0.2696493291100905,0.4994295515917311
Lawlor_IgM_IgG_Monocyte,cellbridge[per_target_top05],202937150118_R02C01,1.648745854613297,0.9109968514388046
Lawlor_IgM_IgG_Monocyte,cellbridge[per_target_top05],202937150118_R03C01,0.7473060840001325,0.7765780745949807
Lawlor_IgM_IgG_Monocyte,cellbridge[per_target_top05],202937150118_R04C01,1.5248350745745844,0.7995810841843108
Lawlor_IgM_IgG_Monocyte,cellbridge[per_target_top05],202937150118_R05C01,0.2767010994101688,0.5749913752468824
Lawlor_IgM_IgG_Monocyte,cellbridge[per_target_top05],202937150118_R06C01,0.06002479013851636,1.1218822971343232
Lawlor_IgM_IgG_Monocyte,cellbridge[per_target_top05],202937150118_R07C01,0.3633737656764862,0.5413367970860152
Lawlor_IgM_IgG_Monocyte,cellbridge[per_target_top05],202937150118_R08C01,1.3756650527621694,0.651073359330522
Lawlor_IgM_IgG_Monocyte,cellbridge[shared_top05|rna_only],202937150091_R01C01,0.2566622886276814,0.549063687330791
Lawlor_IgM_IgG_Monocyte,cellbridge[shared_top05|rna_only],202937150091_R02C01,1.4403069269889446,0.9110193833707332
Lawlor_IgM_IgG_Monocyte,cellbridge[shared_top05|rna_only],202937150118_R01C01,0.4022042865715365,0.5031883090023119
Lawlor_IgM_IgG_Monocyte,cellbridge[shared_top05|rna_only],202937150118_R02C01,1.0750187040626829,0.8910073965893806
Lawlor_IgM_IgG_Monocyte,cellbridge[shared_top05|rna_only],202937150118_R03C01,0.5679877540318202,0.806614535396566
Lawlor_IgM_IgG_Monocyte,cellbridge[shared_top05|rna_only],202937150118_R04C01,1.538881438392492,1.0631080630053187
Lawlor_IgM_IgG_Monocyte,cellbridge[shared_top05|rna_only],202937150118_R05C01,0.06872058193340423,0.6233308571178642
Lawlor_IgM_IgG_Monocyte,cellbridge[shared_top05|rna_only],202937150118_R06C01,0.4242283253322135,1.5504767289672594
Lawlor_IgM_IgG_Monocyte,cellbridge[shared_top05|rna_only],202937150118_R07C01,0.2284027578551384,0.4620554591406942
Lawlor_IgM_IgG_Monocyte,cellbridge[shared_top05|rna_only],202937150118_R08C01,1.6296363705484394,0.6916058652237523
Lawlor_IgM_IgG_Monocyte,cellbridge[shared_top05|anchors_required],202937150091_R01C01,0.4925306204722126,0.48926000509606576
Lawlor_IgM_IgG_Monocyte,cellbridge[shared_top05|anchors_required],202937150091_R02C01,1.4319831952624358,0.7974608984580341
Lawlor_IgM_IgG_Monocyte,cellbridge[shared_top05|anchors_required],202937150118_R01C01,0.4820168215482522,0.4850921143434269
Lawlor_IgM_IgG_Monocyte,cellbridge[shared_top05|anchors_required],202937150118_R02C01,1.2041492650068606,0.9258289880815448
Lawlor_IgM_IgG_Monocyte,cellbridge[shared_top05|anchors_required],202937150118_R03C01,0.4102235423538947,0.7071687024788199
Lawlor_IgM_IgG_Monocyte,cellbridge[shared_top05|anchors_required],202937150118_R04C01,0.8364457842713748,0.5272594102888724
Lawlor_IgM_IgG_Monocyte,cellbridge[shared_top05|anchors_required],202937150118_R05C01,0.1840885905153224,0.5531039931299009
Lawlor_IgM_IgG_Monocyte,cellbridge[shared_top05|anchors_required],202937150118_R06C01,0.721069933697794,0.7553818589940378
Lawlor_IgM_IgG_Monocyte,cellbridge[shared_top05|anchors_required],202937150118_R07C01,0.46030033592598113,0.5086058062182819
Lawlor_IgM_IgG_Monocyte,cellbridge[shared_top05|anchors_required],202937150118_R08C01,1.3789081587162026,0.5899461058375418
Lawlor_IgM_IgG_Monocyte,cellbridge[shared_top05|rho0],202937150091_R01C01,0.26937649625998106,0.536611694424129
Lawlor_IgM_IgG_Monocyte,cellbridge[shared_top05|rho0],202937150091_R02C01,1.5683272396759116,0.9254510157079279
Lawlor_IgM_IgG_Monocyte,cellbridge[shared_top05|rho0],202937150118_R01C01,0.4381650634792221,0.5264861093928389
Lawlor_IgM_IgG_Monocyte,cellbridge[shared_top05|rho0],202937150118_R02C01,1.4215375768410126,0.8732831502700092
Lawlor_IgM_IgG_Monocyte,cellbridge[shared_top05|rho0],202937150118_R03C01,0.5973580210680487,0.7929982114095588
Lawlor_IgM_IgG_Monocyte,cellbridge[shared_top05|rho0],202937150118_R04C01,1.0956075231252642,0.644807104047533
Lawlor_IgM_IgG_Monocyte,cellbridge[shared_top05|rho0],202937150118_R05C01,0.1587669090295313,0.5769404946789553
Lawlor_IgM_IgG_Monocyte,cellbridge[shared_top05|rho0],202937150118_R06C01,0.5086891211882982,0.826453123230298
Lawlor_IgM_IgG_Monocyte,cellbridge[shared_top05|rho0],202937150118_R07C01,0.5356833531646565,0.4993711697687194
Lawlor_IgM_IgG_Monocyte,cellbridge[shared_top05|rho0],202937150118_R08C01,1.4852128124105386,0.6273426819264678
Lawlor_IgM_IgG_Monocyte,cellbridge[shared_top05|rho_max],202937150091_R01C01,0.49002135321411944,0.5120789731541048
Lawlor_IgM_IgG_Monocyte,cellbridge[shared_top05|rho_max],202937150091_R02C01,1.4670458186669992,0.8736143906044843
Lawlor_IgM_IgG_Monocyte,cellbridge[shared_top05|rho_max],202937150118_R01C01,0.47920283003502956,0.5377121373506415
Lawlor_IgM_IgG_Monocyte,cellbridge[shared_top05|rho_max],202937150118_R02C01,1.0944425728477993,0.9323201773679783
Lawlor_IgM_IgG_Monocyte,cellbridge[shared_top05|rho_max],202937150118_R03C01,0.5394350635438168,0.7205069551899771
Lawlor_IgM_IgG_Monocyte,cellbridge[shared_top05|rho_max],202937150118_R04C01,0.904811152121626,0.582622678292606
Lawlor_IgM_IgG_Monocyte,cellbridge[shared_top05|rho_max],202937150118_R05C01,0.3535896113595318,0.6289086557390531
Lawlor_IgM_IgG_Monocyte,cellbridge[shared_top05|rho_max],202937150118_R06C01,0.5966457101305316,0.8527543902423353
Lawlor_IgM_IgG_Monocyte,cellbridge[shared_top05|rho_max],202937150118_R07C01,0.566759906993531,0.5165484865150825
Lawlor_IgM_IgG_Monocyte,cellbridge[shared_top05|rho_max],202937150118_R08C01,1.5867016850446634,0.6419754942715878
Lawlor_IgM_IgG_Monocyte,cellbridge[shared_top05|no_level],202937150091_R01C01,0.4104482030110851,0.5004970228161619
Lawlor_IgM_IgG_Monocyte,cellbridge[shared_top05|no_level],202937150091_R02C01,1.5196648668604515,0.8958077484036846
Lawlor_IgM_IgG_Monocyte,cellbridge[shared_top05|no_level],202937150118_R01C01,0.45604307354232715,0.5298707498431054
Lawlor_IgM_IgG_Monocyte,cellbridge[shared_top05|no_level],202937150118_R02C01,1.1744404941100415,0.891666958903852
Lawlor_IgM_IgG_Monocyte,cellbridge[shared_top05|no_level],202937150118_R03C01,0.5493771044993947,0.7435844059272118
Lawlor_IgM_IgG_Monocyte,cellbridge[shared_top05|no_level],202937150118_R04C01,1.017817227525695,0.6181817048917402
Lawlor_IgM_IgG_Monocyte,cellbridge[shared_top05|no_level],202937150118_R05C01,0.1324519895691874,0.6020384791140629
Lawlor_IgM_IgG_Monocyte,cellbridge[shared_top05|no_level],202937150118_R06C01,0.5786395613112851,0.8239112680424704
Lawlor_IgM_IgG_Monocyte,cellbridge[shared_top05|no_level],202937150118_R07C01,0.5406362531480774,0.5064865278618794
Lawlor_IgM_IgG_Monocyte,cellbridge[shared_top05|no_level],202937150118_R08C01,1.5331384162721409,0.6260590643382739
Lawlor_IgM_IgG_Monocyte,cellbridge[shared_top05|k1],202937150091_R01C01,0.49616711335762576,0.4910850180548718
Lawlor_IgM_IgG_Monocyte,cellbridge[shared_top05|k1],202937150091_R02C01,1.434951373914463,0.7939541760913527
Lawlor_IgM_IgG_Monocyte,cellbridge[shared_top05|k1],202937150118_R01C01,0.4801686225582398,0.48070926676402354
Lawlor_IgM_IgG_Monocyte,cellbridge[shared_top05|k1],202937150118_R02C01,1.2355204390957633,0.9435519422948144
Lawlor_IgM_IgG_Monocyte,cellbridge[shared_top05|k1],202937150118_R03C01,0.4061941364771132,0.7159554203008214
Lawlor_IgM_IgG_Monocyte,cellbridge[shared_top05|k1],202937150118_R04C01,0.8505536376513656,0.529079702737623
Lawlor_IgM_IgG_Monocyte,cellbridge[shared_top05|k1],202937150118_R05C01,0.24930672222148625,0.5630618895935383
Lawlor_IgM_IgG_Monocyte,cellbridge[shared_top05|k1],202937150118_R06C01,0.7296818729874746,0.7556139877217296
Lawlor_IgM_IgG_Monocyte,cellbridge[shared_top05|k1],202937150118_R07C01,0.43200428315670275,0.5188442681235317
Lawlor_IgM_IgG_Monocyte,cellbridge[shared_top05|k1],202937150118_R08C01,1.3103446728101336,0.5918903833949432
Lawlor_IgM_IgG_NK,mean,202937150091_R01C01,0.5241748708391081,0.7948515660583466
Lawlor_IgM_IgG_NK,mean,202937150091_R02C01,0.9801215752517147,0.754038156648555
Lawlor_IgM_IgG_NK,mean,202937150118_R01C01,0.21690120890387565,0.6478632415765495
Lawlor_IgM_IgG_NK,mean,202937150118_R02C01,1.6812708720142977,1.2219453617591824
Lawlor_IgM_IgG_NK,mean,202937150118_R03C01,0.44468470736863874,0.8735421669917793
Lawlor_IgM_IgG_NK,mean,202937150118_R04C01,0.3426458545789578,1.3120379240577944
Lawlor_IgM_IgG_NK,mean,202937150118_R05C01,1.5381727835910435,1.4235529790652544
Lawlor_IgM_IgG_NK,mean,202937150118_R06C01,0.343593532030146,0.9426975344240083
Lawlor_IgM_IgG_NK,mean,202937150118_R07C01,0.9726092170056804,1.0746301151728959
Lawlor_IgM_IgG_NK,mean,202937150118_R08C01,2.42244445859511,0.8407048489752859
Lawlor_IgM_IgG_NK,rna_ridge,202937150091_R01C01,0.6958558407415558,0.7839787643837194
Lawlor_IgM_IgG_NK,rna_ridge,202937150091_R02C01,0.9220364338698691,0.7393358921297096
Lawlor_IgM_IgG_NK,rna_ridge,202937150118_R01C01,0.2067957554556477,0.6871170678066509
Lawlor_IgM_IgG_NK,rna_ridge,202937150118_R02C01,1.707463684147611,1.1569938610576735
Lawlor_IgM_IgG_NK,rna_ridge,202937150118_R03C01,0.4904470795152085,0.8504362858781005
Lawlor_IgM_IgG_NK,rna_ridge,202937150118_R04C01,0.2718748080732504,1.2462670424919604
Lawlor_IgM_IgG_NK,rna_ridge,202937150118_R05C01,1.432063984279423,1.4597748131352768
Lawlor_IgM_IgG_NK,rna_ridge,202937150118_R06C01,0.2619281179763282,0.9117241630505365
Lawlor_IgM_IgG_NK,rna_ridge,202937150118_R07C01,0.988441484436607,1.01080788044581
Lawlor_IgM_IgG_NK,rna_ridge,202937150118_R08C01,2.3999525760724585,0.8829437011591231
Lawlor_IgM_IgG_NK,joint_ridge,202937150091_R01C01,0.6932874675602674,0.7839128851700048
Lawlor_IgM_IgG_NK,joint_ridge,202937150091_R02C01,0.9156761709899178,0.7396023087750652
Lawlor_IgM_IgG_NK,joint_ridge,202937150118_R01C01,0.20476170888436504,0.6849789273916342
Lawlor_IgM_IgG_NK,joint_ridge,202937150118_R02C01,1.7007308106300218,1.1550727695061465
Lawlor_IgM_IgG_NK,joint_ridge,202937150118_R03C01,0.4920877385403115,0.8491485392485936
Lawlor_IgM_IgG_NK,joint_ridge,202937150118_R04C01,0.28108547189506156,1.2490175586944547
Lawlor_IgM_IgG_NK,joint_ridge,202937150118_R05C01,1.4208522670189065,1.4613914070988683
Lawlor_IgM_IgG_NK,joint_ridge,202937150118_R06C01,0.23061832248219202,0.9033175980134994
Lawlor_IgM_IgG_NK,joint_ridge,202937150118_R07C01,0.988111260660476,1.0107468567793831
Lawlor_IgM_IgG_NK,joint_ridge,202937150118_R08C01,2.397098984182932,0.8830369375409506
Lawlor_IgM_IgG_NK,v040_abundance_shrinkage,202937150091_R01C01,0.5026763967470875,0.7478124821413703
Lawlor_IgM_IgG_NK,v040_abundance_shrinkage,202937150091_R02C01,0.8785677663027442,0.7024749325529153
Lawlor_IgM_IgG_NK,v040_abundance_shrinkage,202937150118_R01C01,0.212932981623136,0.6376638236189863
Lawlor_IgM_IgG_NK,v040_abundance_shrinkage,202937150118_R02C01,1.400215055421263,1.1473711557426818
Lawlor_IgM_IgG_NK,v040_abundance_shrinkage,202937150118_R03C01,0.39261740820981295,0.8473982015083157
Lawlor_IgM_IgG_NK,v040_abundance_shrinkage,202937150118_R04C01,0.44742278252167494,1.4297081299725753
Lawlor_IgM_IgG_NK,v040_abundance_shrinkage,202937150118_R05C01,1.678250413342647,1.4454566108464175
Lawlor_IgM_IgG_NK,v040_abundance_shrinkage,202937150118_R06C01,0.2868755455914025,0.871989291570782
Lawlor_IgM_IgG_NK,v040_abundance_shrinkage,202937150118_R07C01,1.0996959235726749,1.1105884816248746
Lawlor_IgM_IgG_NK,v040_abundance_shrinkage,202937150118_R08C01,2.53919892325634,0.8788260531524117
Lawlor_IgM_IgG_NK,cellbridge[per_target],202937150091_R01C01,0.706314596850686,0.8421191068264483
Lawlor_IgM_IgG_NK,cellbridge[per_target],202937150091_R02C01,0.6885284248827623,0.6841757356686751
Lawlor_IgM_IgG_NK,cellbridge[per_target],202937150118_R01C01,0.3329145143477371,0.7243847101483571
Lawlor_IgM_IgG_NK,cellbridge[per_target],202937150118_R02C01,1.672245132648854,1.0365386403861157
Lawlor_IgM_IgG_NK,cellbridge[per_target],202937150118_R03C01,0.7365178653416115,0.8370579306770682
Lawlor_IgM_IgG_NK,cellbridge[per_target],202937150118_R04C01,1.3299579548117029,1.439141641541639
Lawlor_IgM_IgG_NK,cellbridge[per_target],202937150118_R05C01,1.5260111420977678,1.5784515225970257
Lawlor_IgM_IgG_NK,cellbridge[per_target],202937150118_R06C01,0.2946356737619903,0.8165310494405712
Lawlor_IgM_IgG_NK,cellbridge[per_target],202937150118_R07C01,1.14544770931119,1.121313121283059
Lawlor_IgM_IgG_NK,cellbridge[per_target],202937150118_R08C01,2.2411281079494314,0.8980127233460741
Lawlor_IgM_IgG_NK,cellbridge[shared],202937150091_R01C01,0.663193433117814,0.7352863401107962
Lawlor_IgM_IgG_NK,cellbridge[shared],202937150091_R02C01,0.5789963279602114,0.5531174070709637
Lawlor_IgM_IgG_NK,cellbridge[shared],202937150118_R01C01,0.22695187902702438,0.6726844862422848
Lawlor_IgM_IgG_NK,cellbridge[shared],202937150118_R02C01,1.302130537730809,1.0212730845160614
Lawlor_IgM_IgG_NK,cellbridge[shared],202937150118_R03C01,0.3876157922174054,0.7714888564876919
Lawlor_IgM_IgG_NK,cellbridge[shared],202937150118_R04C01,1.206047317314534,1.2940297435012043
Lawlor_IgM_IgG_NK,cellbridge[shared],202937150118_R05C01,1.492526483187318,1.4100786618447052
Lawlor_IgM_IgG_NK,cellbridge[shared],202937150118_R06C01,0.1902541224155323,0.7795963290574409
Lawlor_IgM_IgG_NK,cellbridge[shared],202937150118_R07C01,1.0234200609090156,1.0568404551388262
Lawlor_IgM_IgG_NK,cellbridge[shared],202937150118_R08C01,2.4569402351352796,0.8761935830722923
Lawlor_IgM_IgG_NK,cellbridge[shared_top01],202937150091_R01C01,0.641604839053934,0.7389247272258989
Lawlor_IgM_IgG_NK,cellbridge[shared_top01],202937150091_R02C01,0.6632250409986516,0.6069721038240645
Lawlor_IgM_IgG_NK,cellbridge[shared_top01],202937150118_R01C01,0.22013996258291033,0.6737649753915141
Lawlor_IgM_IgG_NK,cellbridge[shared_top01],202937150118_R02C01,1.3550258984172974,1.0135358057338777
Lawlor_IgM_IgG_NK,cellbridge[shared_top01],202937150118_R03C01,0.3638413732774046,0.7859253587046878
Lawlor_IgM_IgG_NK,cellbridge[shared_top01],202937150118_R04C01,1.074337031553915,1.2981425213669686
Lawlor_IgM_IgG_NK,cellbridge[shared_top01],202937150118_R05C01,1.525039955419023,1.405771233688469
Lawlor_IgM_IgG_NK,cellbridge[shared_top01],202937150118_R06C01,0.12599499252088228,0.7867151307231646
Lawlor_IgM_IgG_NK,cellbridge[shared_top01],202937150118_R07C01,1.0261012024502514,1.0496772258365203
Lawlor_IgM_IgG_NK,cellbridge[shared_top01],202937150118_R08C01,2.554932799271287,0.9037672758161035
Lawlor_IgM_IgG_NK,cellbridge[shared_top02],202937150091_R01C01,0.6296347710892658,0.7420780071167473
Lawlor_IgM_IgG_NK,cellbridge[shared_top02],202937150091_R02C01,0.6582248924868868,0.6106117194539058
Lawlor_IgM_IgG_NK,cellbridge[shared_top02],202937150118_R01C01,0.22561369051849928,0.6715140582391992
Lawlor_IgM_IgG_NK,cellbridge[shared_top02],202937150118_R02C01,1.42756484507282,1.0300175548355444
Lawlor_IgM_IgG_NK,cellbridge[shared_top02],202937150118_R03C01,0.3675233382314924,0.7925993657745862
Lawlor_IgM_IgG_NK,cellbridge[shared_top02],202937150118_R04C01,1.0416489575951484,1.3101133733386985
Lawlor_IgM_IgG_NK,cellbridge[shared_top02],202937150118_R05C01,1.5381501697670539,1.4094110456941544
Lawlor_IgM_IgG_NK,cellbridge[shared_top02],202937150118_R06C01,0.131516248936712,0.7878967499091598
Lawlor_IgM_IgG_NK,cellbridge[shared_top02],202937150118_R07C01,1.019720377282522,1.0537608439214023
Lawlor_IgM_IgG_NK,cellbridge[shared_top02],202937150118_R08C01,2.5564091585530537,0.9027694273965432
Lawlor_IgM_IgG_NK,cellbridge[shared_top05],202937150091_R01C01,0.6100272872158897,0.7402177223782568
Lawlor_IgM_IgG_NK,cellbridge[shared_top05],202937150091_R02C01,0.6891921883893772,0.6361362138697122
Lawlor_IgM_IgG_NK,cellbridge[shared_top05],202937150118_R01C01,0.22882881970850957,0.679999409346521
Lawlor_IgM_IgG_NK,cellbridge[shared_top05],202937150118_R02C01,1.5482810017600679,1.0461455660219836
Lawlor_IgM_IgG_NK,cellbridge[shared_top05],202937150118_R03C01,0.3490858752581934,0.8041808505499621
Lawlor_IgM_IgG_NK,cellbridge[shared_top05],202937150118_R04C01,0.9575010234701438,1.3205706625561744
Lawlor_IgM_IgG_NK,cellbridge[shared_top05],202937150118_R05C01,1.551753666340169,1.4218003418502942
Lawlor_IgM_IgG_NK,cellbridge[shared_top05],202937150118_R06C01,0.1394653735165644,0.7944087181764725
Lawlor_IgM_IgG_NK,cellbridge[shared_top05],202937150118_R07C01,0.960280638824351,1.0424675770673055
Lawlor_IgM_IgG_NK,cellbridge[shared_top05],202937150118_R08C01,2.365472694402417,0.8935580420830148
Lawlor_IgM_IgG_NK,cellbridge[shared_top10],202937150091_R01C01,0.6023960538441522,0.7438620760624748
Lawlor_IgM_IgG_NK,cellbridge[shared_top10],202937150091_R02C01,0.7049218003586993,0.6479344517590194
Lawlor_IgM_IgG_NK,cellbridge[shared_top10],202937150118_R01C01,0.2247473580401237,0.6849116337519493
Lawlor_IgM_IgG_NK,cellbridge[shared_top10],202937150118_R02C01,1.5760059979268266,1.0525812861800738
Lawlor_IgM_IgG_NK,cellbridge[shared_top10],202937150118_R03C01,0.3102277937234048,0.8232598715137126
Lawlor_IgM_IgG_NK,cellbridge[shared_top10],202937150118_R04C01,0.8569081888652607,1.2924648291985694
Lawlor_IgM_IgG_NK,cellbridge[shared_top10],202937150118_R05C01,1.557357490344935,1.4272119265748857
Lawlor_IgM_IgG_NK,cellbridge[shared_top10],202937150118_R06C01,0.15799593958430655,0.8034421384578654
Lawlor_IgM_IgG_NK,cellbridge[shared_top10],202937150118_R07C01,0.9453682882877045,1.040485429900317
Lawlor_IgM_IgG_NK,cellbridge[shared_top10],202937150118_R08C01,2.369875772732589,0.8882714241019367
Lawlor_IgM_IgG_NK,cellbridge[per_target_top05],202937150091_R01C01,0.7142176755257352,0.729411613086815
Lawlor_IgM_IgG_NK,cellbridge[per_target_top05],202937150091_R02C01,0.6579292113036584,0.6405876922224844
Lawlor_IgM_IgG_NK,cellbridge[per_target_top05],202937150118_R01C01,0.27585607963005726,0.6776317448669464
Lawlor_IgM_IgG_NK,cellbridge[per_target_top05],202937150118_R02C01,1.6407797870222958,1.006784715535446
Lawlor_IgM_IgG_NK,cellbridge[per_target_top05],202937150118_R03C01,0.6842603775163884,0.8725313576610844
Lawlor_IgM_IgG_NK,cellbridge[per_target_top05],202937150118_R04C01,1.328815675316536,1.3905255299073387
Lawlor_IgM_IgG_NK,cellbridge[per_target_top05],202937150118_R05C01,1.5812809214936037,1.5319670755363142
Lawlor_IgM_IgG_NK,cellbridge[per_target_top05],202937150118_R06C01,0.2745945585243467,0.7745490671665216
Lawlor_IgM_IgG_NK,cellbridge[per_target_top05],202937150118_R07C01,0.9414358913420277,1.064680912921256
Lawlor_IgM_IgG_NK,cellbridge[per_target_top05],202937150118_R08C01,2.328292482112265,0.8867097596894001
Lawlor_IgM_IgG_NK,cellbridge[shared_top05|rna_only],202937150091_R01C01,0.6036759495746147,0.7422345231007836
Lawlor_IgM_IgG_NK,cellbridge[shared_top05|rna_only],202937150091_R02C01,0.7305369896936366,0.6529772331089257
Lawlor_IgM_IgG_NK,cellbridge[shared_top05|rna_only],202937150118_R01C01,0.23187945833385906,0.7023298677041226
Lawlor_IgM_IgG_NK,cellbridge[shared_top05|rna_only],202937150118_R02C01,1.5983647243962995,1.061963301554001
Lawlor_IgM_IgG_NK,cellbridge[shared_top05|rna_only],202937150118_R03C01,0.3534631365163484,0.824443148667771
Lawlor_IgM_IgG_NK,cellbridge[shared_top05|rna_only],202937150118_R04C01,0.9479032066334,1.2970176390544823
Lawlor_IgM_IgG_NK,cellbridge[shared_top05|rna_only],202937150118_R05C01,1.5515401507280269,1.4272748987807788
Lawlor_IgM_IgG_NK,cellbridge[shared_top05|rna_only],202937150118_R06C01,0.15865627885354183,0.7993019027731599
Lawlor_IgM_IgG_NK,cellbridge[shared_top05|rna_only],202937150118_R07C01,0.9381578776517298,1.0429556843030199
Lawlor_IgM_IgG_NK,cellbridge[shared_top05|rna_only],202937150118_R08C01,2.2623447040560167,0.9047969072386557
Lawlor_IgM_IgG_NK,cellbridge[shared_top05|anchors_required],202937150091_R01C01,0.6111384559682997,0.7398457096416076
Lawlor_IgM_IgG_NK,cellbridge[shared_top05|anchors_required],202937150091_R02C01,0.6691758189042633,0.6215025443905916
Lawlor_IgM_IgG_NK,cellbridge[shared_top05|anchors_required],202937150118_R01C01,0.22972423538488387,0.6663401619804413
Lawlor_IgM_IgG_NK,cellbridge[shared_top05|anchors_required],202937150118_R02C01,1.5244469519214592,1.027597287593754
Lawlor_IgM_IgG_NK,cellbridge[shared_top05|anchors_required],202937150118_R03C01,0.34676938692931214,0.7933149441448775
Lawlor_IgM_IgG_NK,cellbridge[shared_top05|anchors_required],202937150118_R04C01,0.9717642263501387,1.3301441838900752
Lawlor_IgM_IgG_NK,cellbridge[shared_top05|anchors_required],202937150118_R05C01,1.5538792833530706,1.4160224560380366
Lawlor_IgM_IgG_NK,cellbridge[shared_top05|anchors_required],202937150118_R06C01,0.14635087793067206,0.7937743247967508
Lawlor_IgM_IgG_NK,cellbridge[shared_top05|anchors_required],202937150118_R07C01,0.9849413537706989,1.0424883461232626
Lawlor_IgM_IgG_NK,cellbridge[shared_top05|anchors_required],202937150118_R08C01,2.500030285949856,0.8946601603607356
Lawlor_IgM_IgG_NK,cellbridge[shared_top05|rho0],202937150091_R01C01,0.5617742022051458,0.7541890934509449
Lawlor_IgM_IgG_NK,cellbridge[shared_top05|rho0],202937150091_R02C01,0.6800967912553165,0.6129389392743944
Lawlor_IgM_IgG_NK,cellbridge[shared_top05|rho0],202937150118_R01C01,0.14485021148677027,0.6516300995175279
Lawlor_IgM_IgG_NK,cellbridge[shared_top05|rho0],202937150118_R02C01,1.3452704720994593,1.013096547439395
Lawlor_IgM_IgG_NK,cellbridge[shared_top05|rho0],202937150118_R03C01,0.3864717641537017,0.7850957025078593
Lawlor_IgM_IgG_NK,cellbridge[shared_top05|rho0],202937150118_R04C01,0.9938919642614013,1.301668085114576
Lawlor_IgM_IgG_NK,cellbridge[shared_top05|rho0],202937150118_R05C01,1.6297794080442634,1.3582820553612474
Lawlor_IgM_IgG_NK,cellbridge[shared_top05|rho0],202937150118_R06C01,0.22478477207985725,0.7951825642431605
Lawlor_IgM_IgG_NK,cellbridge[shared_top05|rho0],202937150118_R07C01,1.0202362979310022,1.0862252930533134
Lawlor_IgM_IgG_NK,cellbridge[shared_top05|rho0],202937150118_R08C01,2.6976231208539474,0.8961520352752934
Lawlor_IgM_IgG_NK,cellbridge[shared_top05|rho_max],202937150091_R01C01,0.6796001961579463,0.7353217708885232
Lawlor_IgM_IgG_NK,cellbridge[shared_top05|rho_max],202937150091_R02C01,0.6357260018847064,0.5802480408856179
Lawlor_IgM_IgG_NK,cellbridge[shared_top05|rho_max],202937150118_R01C01,0.2813412045454067,0.6823395862178967
Lawlor_IgM_IgG_NK,cellbridge[shared_top05|rho_max],202937150118_R02C01,1.42085815340348,1.0577422118782578
Lawlor_IgM_IgG_NK,cellbridge[shared_top05|rho_max],202937150118_R03C01,0.3330777058887408,0.7695154988482846
Lawlor_IgM_IgG_NK,cellbridge[shared_top05|rho_max],202937150118_R04C01,0.9643975214421525,1.2644663905027462
Lawlor_IgM_IgG_NK,cellbridge[shared_top05|rho_max],202937150118_R05C01,1.4911519724498437,1.4181984295928483
Lawlor_IgM_IgG_NK,cellbridge[shared_top05|rho_max],202937150118_R06C01,0.0741927607336873,0.7973060606485025
Lawlor_IgM_IgG_NK,cellbridge[shared_top05|rho_max],202937150118_R07C01,1.0269590504591233,1.022499623961697
Lawlor_IgM_IgG_NK,cellbridge[shared_top05|rho_max],202937150118_R08C01,2.4348106365683906,0.9116210005992138
Lawlor_IgM_IgG_NK,cellbridge[shared_top05|no_level],202937150091_R01C01,0.6279520631840667,0.738766447670055
Lawlor_IgM_IgG_NK,cellbridge[shared_top05|no_level],202937150091_R02C01,0.6753851581206207,0.6043637805018919
Lawlor_IgM_IgG_NK,cellbridge[shared_top05|no_level],202937150118_R01C01,0.2207703650665416,0.6766341696120558
Lawlor_IgM_IgG_NK,cellbridge[shared_top05|no_level],202937150118_R02C01,1.4449975940169955,1.0382000289482969
Lawlor_IgM_IgG_NK,cellbridge[shared_top05|no_level],202937150118_R03C01,0.3393941550879552,0.777357129930607
Lawlor_IgM_IgG_NK,cellbridge[shared_top05|no_level],202937150118_R04C01,1.0318745054237803,1.2862342240506686
Lawlor_IgM_IgG_NK,cellbridge[shared_top05|no_level],202937150118_R05C01,1.5527589186314077,1.3801636258027643
Lawlor_IgM_IgG_NK,cellbridge[shared_top05|no_level],202937150118_R06C01,0.129661737856111,0.7899485988049111
Lawlor_IgM_IgG_NK,cellbridge[shared_top05|no_level],202937150118_R07C01,1.0202889431352327,1.0524406509683153
Lawlor_IgM_IgG_NK,cellbridge[shared_top05|no_level],202937150118_R08C01,2.4718719536393623,0.8997731121096967
Lawlor_IgM_IgG_NK,cellbridge[shared_top05|k1],202937150091_R01C01,0.5653366813430271,0.7525960540939414
Lawlor_IgM_IgG_NK,cellbridge[shared_top05|k1],202937150091_R02C01,0.7104022671272835,0.6622886229249937
Lawlor_IgM_IgG_NK,cellbridge[shared_top05|k1],202937150118_R01C01,0.22896702395729807,0.6386504748312151
Lawlor_IgM_IgG_NK,cellbridge[shared_top05|k1],202937150118_R02C01,1.5968561016579192,1.0389971208667246
Lawlor_IgM_IgG_NK,cellbridge[shared_top05|k1],202937150118_R03C01,0.2912360559288451,0.7937871200511907
Lawlor_IgM_IgG_NK,cellbridge[shared_top05|k1],202937150118_R04C01,0.7700889936468586,1.3216999571112835
Lawlor_IgM_IgG_NK,cellbridge[shared_top05|k1],202937150118_R05C01,1.6204704491567954,1.4132100425988223
Lawlor_IgM_IgG_NK,cellbridge[shared_top05|k1],202937150118_R06C01,0.2583722162077006,0.8199085355428425
Lawlor_IgM_IgG_NK,cellbridge[shared_top05|k1],202937150118_R07C01,0.9947102565335115,1.034334803220948
Lawlor_IgM_IgG_NK,cellbridge[shared_top05|k1],202937150118_R08C01,2.6824162498385222,0.9240058496317273
Lawlor_IgM_IgG_T,mean,202937150091_R01C01,1.0936469828048434,1.4232577466809218
Lawlor_IgM_IgG_T,mean,202937150091_R02C01,1.3922480824497974,0.9378338982883924
Lawlor_IgM_IgG_T,mean,202937150118_R01C01,0.9526762256688768,0.8097886608371181
Lawlor_IgM_IgG_T,mean,202937150118_R02C01,0.1712736315053591,0.8956473144276899
Lawlor_IgM_IgG_T,mean,202937150118_R03C01,1.7517777860290336,1.5529031784149243
Lawlor_IgM_IgG_T,mean,202937150118_R04C01,0.651117423893401,0.8312203683502347
Lawlor_IgM_IgG_T,mean,202937150118_R05C01,1.462378603633128,0.9160561818979467
Lawlor_IgM_IgG_T,mean,202937150118_R06C01,0.6346156249957258,0.7662383833003743
Lawlor_IgM_IgG_T,mean,202937150118_R07C01,1.4067957053354094,1.193176274124662
Lawlor_IgM_IgG_T,mean,202937150118_R08C01,0.46555121422918766,0.6635957341132552
Lawlor_IgM_IgG_T,rna_ridge,202937150091_R01C01,1.0936469828048436,1.4232577466809218
Lawlor_IgM_IgG_T,rna_ridge,202937150091_R02C01,1.2166268314386477,0.8818375204746031
Lawlor_IgM_IgG_T,rna_ridge,202937150118_R01C01,0.9228434868791788,0.8252085671029409
Lawlor_IgM_IgG_T,rna_ridge,202937150118_R02C01,0.12819168310602674,0.8919860198336323
Lawlor_IgM_IgG_T,rna_ridge,202937150118_R03C01,1.8433167477497852,1.516742649579619
Lawlor_IgM_IgG_T,rna_ridge,202937150118_R04C01,0.673230456368364,0.8204672515286563
Lawlor_IgM_IgG_T,rna_ridge,202937150118_R05C01,1.4757984740996832,0.9649621909000995
Lawlor_IgM_IgG_T,rna_ridge,202937150118_R06C01,0.6087830602674952,0.7571499247726424
Lawlor_IgM_IgG_T,rna_ridge,202937150118_R07C01,1.3857296278278544,1.19192498703517
Lawlor_IgM_IgG_T,rna_ridge,202937150118_R08C01,0.40342572854248215,0.6803437087024136
Lawlor_IgM_IgG_T,joint_ridge,202937150091_R01C01,1.0936469828048436,1.4232577466809218
Lawlor_IgM_IgG_T,joint_ridge,202937150091_R02C01,1.2158403709892474,0.8826682194736999
Lawlor_IgM_IgG_T,joint_ridge,202937150118_R01C01,0.9160907526745403,0.8252107046605902
Lawlor_IgM_IgG_T,joint_ridge,202937150118_R02C01,0.13075611848861954,0.8914025547140975
Lawlor_IgM_IgG_T,joint_ridge,202937150118_R03C01,1.8333023647529598,1.5097537886221826
Lawlor_IgM_IgG_T,joint_ridge,202937150118_R04C01,0.6639720037046348,0.8129717467156432
Lawlor_IgM_IgG_T,joint_ridge,202937150118_R05C01,1.4670841500234795,0.9585944586795717
Lawlor_IgM_IgG_T,joint_ridge,202937150118_R06C01,0.6051868118198216,0.7549894438513604
Lawlor_IgM_IgG_T,joint_ridge,202937150118_R07C01,1.3851123985992797,1.190324985264197
Lawlor_IgM_IgG_T,joint_ridge,202937150118_R08C01,0.39487390158958735,0.6851432069962559
Lawlor_IgM_IgG_T,v040_abundance_shrinkage,202937150091_R01C01,0.8311873605415153,1.0645439190992578
Lawlor_IgM_IgG_T,v040_abundance_shrinkage,202937150091_R02C01,1.1861783138975004,1.0479730134005822
Lawlor_IgM_IgG_T,v040_abundance_shrinkage,202937150118_R01C01,0.6618477730715083,0.7526314591758871
Lawlor_IgM_IgG_T,v040_abundance_shrinkage,202937150118_R02C01,0.30718491659728586,0.857712524030344
Lawlor_IgM_IgG_T,v040_abundance_shrinkage,202937150118_R03C01,1.398884883478001,1.432540191396178
Lawlor_IgM_IgG_T,v040_abundance_shrinkage,202937150118_R04C01,0.29911441207878714,0.5869950396675838
Lawlor_IgM_IgG_T,v040_abundance_shrinkage,202937150118_R05C01,1.0717637149731907,0.9076562581512787
Lawlor_IgM_IgG_T,v040_abundance_shrinkage,202937150118_R06C01,0.47108018222460696,0.6669450352245012
Lawlor_IgM_IgG_T,v040_abundance_shrinkage,202937150118_R07C01,1.1335933209673346,1.0428372411526743
Lawlor_IgM_IgG_T,v040_abundance_shrinkage,202937150118_R08C01,0.3063960826217972,0.6389784516045175
Lawlor_IgM_IgG_T,cellbridge[per_target],202937150091_R01C01,1.1419231264879148,0.8214338518329485
Lawlor_IgM_IgG_T,cellbridge[per_target],202937150091_R02C01,1.2703917138556529,0.9449205407059255
Lawlor_IgM_IgG_T,cellbridge[per_target],202937150118_R01C01,1.020331250396162,0.6909624999253355
Lawlor_IgM_IgG_T,cellbridge[per_target],202937150118_R02C01,0.5207964549800537,0.8196683610841687
Lawlor_IgM_IgG_T,cellbridge[per_target],202937150118_R03C01,1.1203236705889181,1.3306719269529925
Lawlor_IgM_IgG_T,cellbridge[per_target],202937150118_R04C01,0.5292640266572354,0.7290422817782072
Lawlor_IgM_IgG_T,cellbridge[per_target],202937150118_R05C01,1.682161398830892,1.0392024404666818
Lawlor_IgM_IgG_T,cellbridge[per_target],202937150118_R06C01,0.7677362291893564,0.8004128333515145
Lawlor_IgM_IgG_T,cellbridge[per_target],202937150118_R07C01,1.304656369775017,1.0147350295873203
Lawlor_IgM_IgG_T,cellbridge[per_target],202937150118_R08C01,0.42363912967638934,0.6611431206282011
Lawlor_IgM_IgG_T,cellbridge[shared],202937150091_R01C01,0.7906535561869568,0.8396313971727456
Lawlor_IgM_IgG_T,cellbridge[shared],202937150091_R02C01,0.7585445545045839,0.8984381003090053
Lawlor_IgM_IgG_T,cellbridge[shared],202937150118_R01C01,0.897887293728311,0.7675763489180464
Lawlor_IgM_IgG_T,cellbridge[shared],202937150118_R02C01,0.4233813968453152,0.8271613896553981
Lawlor_IgM_IgG_T,cellbridge[shared],202937150118_R03C01,0.9692880197086393,1.1929008479990224
Lawlor_IgM_IgG_T,cellbridge[shared],202937150118_R04C01,0.2956474666881089,0.6159833884978603
Lawlor_IgM_IgG_T,cellbridge[shared],202937150118_R05C01,1.5293389001656945,0.9807819907165164
Lawlor_IgM_IgG_T,cellbridge[shared],202937150118_R06C01,0.6464806853579416,0.7289231285817651
Lawlor_IgM_IgG_T,cellbridge[shared],202937150118_R07C01,1.0537952121190397,0.8474447024492908
Lawlor_IgM_IgG_T,cellbridge[shared],202937150118_R08C01,0.5138827570296677,0.7130997063113013
Lawlor_IgM_IgG_T,cellbridge[shared_top01],202937150091_R01C01,0.8289353464386083,0.8422210662839416
Lawlor_IgM_IgG_T,cellbridge[shared_top01],202937150091_R02C01,0.7943145946284531,0.9176173027310914
Lawlor_IgM_IgG_T,cellbridge[shared_top01],202937150118_R01C01,0.9031573767123988,0.7439418957282735
Lawlor_IgM_IgG_T,cellbridge[shared_top01],202937150118_R02C01,0.49997797464337,0.844513981778644
Lawlor_IgM_IgG_T,cellbridge[shared_top01],202937150118_R03C01,1.036167505052577,1.2249225631318874
Lawlor_IgM_IgG_T,cellbridge[shared_top01],202937150118_R04C01,0.3177204762188675,0.6069249012923901
Lawlor_IgM_IgG_T,cellbridge[shared_top01],202937150118_R05C01,1.5312340368346073,0.9788302306728051
Lawlor_IgM_IgG_T,cellbridge[shared_top01],202937150118_R06C01,0.6814487994911421,0.7513189352704788
Lawlor_IgM_IgG_T,cellbridge[shared_top01],202937150118_R07C01,1.051421594669172,0.836894784316448
Lawlor_IgM_IgG_T,cellbridge[shared_top01],202937150118_R08C01,0.4762894763860349,0.6868825839665246
Lawlor_IgM_IgG_T,cellbridge[shared_top02],202937150091_R01C01,0.8268036788179747,0.8440436491924376
Lawlor_IgM_IgG_T,cellbridge[shared_top02],202937150091_R02C01,0.8169336542691382,0.92951133095862
Lawlor_IgM_IgG_T,cellbridge[shared_top02],202937150118_R01C01,0.9011425889468397,0.7374034533436509
Lawlor_IgM_IgG_T,cellbridge[shared_top02],202937150118_R02C01,0.47278633172238355,0.8400480835121117
Lawlor_IgM_IgG_T,cellbridge[shared_top02],202937150118_R03C01,1.0617076157289942,1.2331228325601047
Lawlor_IgM_IgG_T,cellbridge[shared_top02],202937150118_R04C01,0.3122827152938221,0.6177362670597821
Lawlor_IgM_IgG_T,cellbridge[shared_top02],202937150118_R05C01,1.5358698497010952,0.9843525167193852
Lawlor_IgM_IgG_T,cellbridge[shared_top02],202937150118_R06C01,0.7021507662335695,0.7590530664670224
Lawlor_IgM_IgG_T,cellbridge[shared_top02],202937150118_R07C01,1.07146975792914,0.8538238666652946
Lawlor_IgM_IgG_T,cellbridge[shared_top02],202937150118_R08C01,0.45202355711211906,0.6865165589496871
Lawlor_IgM_IgG_T,cellbridge[shared_top05],202937150091_R01C01,0.8154111851834315,0.8835548198180498
Lawlor_IgM_IgG_T,cellbridge[shared_top05],202937150091_R02C01,0.8468851841912817,0.913192730947017
Lawlor_IgM_IgG_T,cellbridge[shared_top05],202937150118_R01C01,0.9206219200819725,0.7437892340306976
Lawlor_IgM_IgG_T,cellbridge[shared_top05],202937150118_R02C01,0.5332500540715966,0.8548271637729518
Lawlor_IgM_IgG_T,cellbridge[shared_top05],202937150118_R03C01,1.132308296797821,1.2665712007568615
Lawlor_IgM_IgG_T,cellbridge[shared_top05],202937150118_R04C01,0.30298936815003197,0.6325200502240733
Lawlor_IgM_IgG_T,cellbridge[shared_top05],202937150118_R05C01,1.5705563055460536,1.0158365296747178
Lawlor_IgM_IgG_T,cellbridge[shared_top05],202937150118_R06C01,0.7590936237235244,0.7854957763171856
Lawlor_IgM_IgG_T,cellbridge[shared_top05],202937150118_R07C01,1.087998486550587,0.8777127429980388
Lawlor_IgM_IgG_T,cellbridge[shared_top05],202937150118_R08C01,0.4491404114566211,0.7073704196336438
Lawlor_IgM_IgG_T,cellbridge[shared_top10],202937150091_R01C01,0.8008014818411058,0.9302649240804206
Lawlor_IgM_IgG_T,cellbridge[shared_top10],202937150091_R02C01,0.7540980880084382,0.8747249711981127
Lawlor_IgM_IgG_T,cellbridge[shared_top10],202937150118_R01C01,0.9585313969658744,0.772341999089992
Lawlor_IgM_IgG_T,cellbridge[shared_top10],202937150118_R02C01,0.517549465231307,0.858408974660745
Lawlor_IgM_IgG_T,cellbridge[shared_top10],202937150118_R03C01,1.1726421442738564,1.2649697004127227
Lawlor_IgM_IgG_T,cellbridge[shared_top10],202937150118_R04C01,0.29097353347129085,0.6453953434446903
Lawlor_IgM_IgG_T,cellbridge[shared_top10],202937150118_R05C01,1.6361386797159216,1.020874796586993
Lawlor_IgM_IgG_T,cellbridge[shared_top10],202937150118_R06C01,0.764506815418019,0.7973033696537216
Lawlor_IgM_IgG_T,cellbridge[shared_top10],202937150118_R07C01,1.1309320754744052,0.922013203766906
Lawlor_IgM_IgG_T,cellbridge[shared_top10],202937150118_R08C01,0.4729869189279893,0.7251587947072602
Lawlor_IgM_IgG_T,cellbridge[per_target_top05],202937150091_R01C01,1.0785725819843863,0.8579688840195675
Lawlor_IgM_IgG_T,cellbridge[per_target_top05],202937150091_R02C01,0.9885309343421218,0.910954918379551
Lawlor_IgM_IgG_T,cellbridge[per_target_top05],202937150118_R01C01,0.8436826432485831,0.7010524836174225
Lawlor_IgM_IgG_T,cellbridge[per_target_top05],202937150118_R02C01,0.518718753876571,0.7426698181695017
Lawlor_IgM_IgG_T,cellbridge[per_target_top05],202937150118_R03C01,1.085611371547249,1.3494776095826082
Lawlor_IgM_IgG_T,cellbridge[per_target_top05],202937150118_R04C01,0.2736608433714311,0.6949935473523966
Lawlor_IgM_IgG_T,cellbridge[per_target_top05],202937150118_R05C01,1.7015683887772752,1.0368868037393442
Lawlor_IgM_IgG_T,cellbridge[per_target_top05],202937150118_R06C01,0.6740646868471858,0.7318831477914036
Lawlor_IgM_IgG_T,cellbridge[per_target_top05],202937150118_R07C01,1.339625799777954,1.0287902188355185
Lawlor_IgM_IgG_T,cellbridge[per_target_top05],202937150118_R08C01,0.5749626566154047,0.6967527145845939
Lawlor_IgM_IgG_T,cellbridge[shared_top05|rna_only],202937150091_R01C01,0.7860854438476457,1.0117218086881934
Lawlor_IgM_IgG_T,cellbridge[shared_top05|rna_only],202937150091_R02C01,0.7212538269085018,0.8022887790620592
Lawlor_IgM_IgG_T,cellbridge[shared_top05|rna_only],202937150118_R01C01,0.9899504261069478,0.7791128844337819
Lawlor_IgM_IgG_T,cellbridge[shared_top05|rna_only],202937150118_R02C01,0.5813597334814462,0.885691768424274
Lawlor_IgM_IgG_T,cellbridge[shared_top05|rna_only],202937150118_R03C01,1.2127761156220842,1.2961024606932385
Lawlor_IgM_IgG_T,cellbridge[shared_top05|rna_only],202937150118_R04C01,0.4690481412162433,0.7522157430020392
Lawlor_IgM_IgG_T,cellbridge[shared_top05|rna_only],202937150118_R05C01,1.646788049965891,1.0383758430868537
Lawlor_IgM_IgG_T,cellbridge[shared_top05|rna_only],202937150118_R06C01,0.7879879071468572,0.8169203135400309
Lawlor_IgM_IgG_T,cellbridge[shared_top05|rna_only],202937150118_R07C01,1.1438644837038177,0.9619342854730277
Lawlor_IgM_IgG_T,cellbridge[shared_top05|rna_only],202937150118_R08C01,0.4798484946678194,0.7228834648228587
Lawlor_IgM_IgG_T,cellbridge[shared_top05|anchors_required],202937150091_R01C01,0.822697426137788,0.8489628731154121
Lawlor_IgM_IgG_T,cellbridge[shared_top05|anchors_required],202937150091_R02C01,0.8275865532675486,0.9293376145745236
Lawlor_IgM_IgG_T,cellbridge[shared_top05|anchors_required],202937150118_R01C01,0.8930199127579741,0.7315811225231176
Lawlor_IgM_IgG_T,cellbridge[shared_top05|anchors_required],202937150118_R02C01,0.4897688449385106,0.8333476582684122
Lawlor_IgM_IgG_T,cellbridge[shared_top05|anchors_required],202937150118_R03C01,1.0610679393831786,1.2336583632225766
Lawlor_IgM_IgG_T,cellbridge[shared_top05|anchors_required],202937150118_R04C01,0.3240810656090665,0.6017804069637648
Lawlor_IgM_IgG_T,cellbridge[shared_top05|anchors_required],202937150118_R05C01,1.5343443469991067,0.9928591891833402
Lawlor_IgM_IgG_T,cellbridge[shared_top05|anchors_required],202937150118_R06C01,0.7259041816799492,0.7696034201376254
Lawlor_IgM_IgG_T,cellbridge[shared_top05|anchors_required],202937150118_R07C01,1.0543670323589656,0.8264563265871087
Lawlor_IgM_IgG_T,cellbridge[shared_top05|anchors_required],202937150118_R08C01,0.4391444564586445,0.6928572523571058
Lawlor_IgM_IgG_T,cellbridge[shared_top05|rho0],202937150091_R01C01,0.8378163081171942,0.9302734035487704
Lawlor_IgM_IgG_T,cellbridge[shared_top05|rho0],202937150091_R02C01,0.9623734286936305,0.9964343994804452
Lawlor_IgM_IgG_T,cellbridge[shared_top05|rho0],202937150118_R01C01,0.8843778350797163,0.7332283930515602
Lawlor_IgM_IgG_T,cellbridge[shared_top05|rho0],202937150118_R02C01,0.696651861782462,0.8990428785722067
Lawlor_IgM_IgG_T,cellbridge[shared_top05|rho0],202937150118_R03C01,1.0711188609674285,1.2910241250921937
Lawlor_IgM_IgG_T,cellbridge[shared_top05|rho0],202937150118_R04C01,0.33536216265684626,0.6294273041169108
Lawlor_IgM_IgG_T,cellbridge[shared_top05|rho0],202937150118_R05C01,1.6618078272705121,1.0078634883659996
Lawlor_IgM_IgG_T,cellbridge[shared_top05|rho0],202937150118_R06C01,0.7160300862441902,0.7605817776953022
Lawlor_IgM_IgG_T,cellbridge[shared_top05|rho0],202937150118_R07C01,1.0847015041642503,0.8678564704700366
Lawlor_IgM_IgG_T,cellbridge[shared_top05|rho0],202937150118_R08C01,0.40622665342439634,0.6818012808019291
Lawlor_IgM_IgG_T,cellbridge[shared_top05|rho_max],202937150091_R01C01,0.7660432608545324,0.8746578974875681
Lawlor_IgM_IgG_T,cellbridge[shared_top05|rho_max],202937150091_R02C01,0.9753389981991452,0.9765004723613097
Lawlor_IgM_IgG_T,cellbridge[shared_top05|rho_max],202937150118_R01C01,0.8930383471707442,0.7569012133663903
Lawlor_IgM_IgG_T,cellbridge[shared_top05|rho_max],202937150118_R02C01,0.37979752423910107,0.8259973900420621
Lawlor_IgM_IgG_T,cellbridge[shared_top05|rho_max],202937150118_R03C01,1.139574719310727,1.2320407772518924
Lawlor_IgM_IgG_T,cellbridge[shared_top05|rho_max],202937150118_R04C01,0.30445206435879424,0.6387170650799313
Lawlor_IgM_IgG_T,cellbridge[shared_top05|rho_max],202937150118_R05C01,1.599331830148278,1.0240231162219964
Lawlor_IgM_IgG_T,cellbridge[shared_top05|rho_max],202937150118_R06C01,0.7309749824902468,0.7645415110547723
Lawlor_IgM_IgG_T,cellbridge[shared_top05|rho_max],202937150118_R07C01,1.0068416441149741,0.8103046087793427
Lawlor_IgM_IgG_T,cellbridge[shared_top05|rho_max],202937150118_R08C01,0.4571809483496245,0.699131823789461
Lawlor_IgM_IgG_T,cellbridge[shared_top05|no_level],202937150091_R01C01,0.8051247865883906,0.8961797462276492
Lawlor_IgM_IgG_T,cellbridge[shared_top05|no_level],202937150091_R02C01,0.9417798799471325,0.9626259503444009
Lawlor_IgM_IgG_T,cellbridge[shared_top05|no_level],202937150118_R01C01,0.8829978144082495,0.7454319666653714
Lawlor_IgM_IgG_T,cellbridge[shared_top05|no_level],202937150118_R02C01,0.5714496511747853,0.850205998896693
Lawlor_IgM_IgG_T,cellbridge[shared_top05|no_level],202937150118_R03C01,1.1057254911756347,1.263450981215004
Lawlor_IgM_IgG_T,cellbridge[shared_top05|no_level],202937150118_R04C01,0.3193509706680069,0.6290627462435068
Lawlor_IgM_IgG_T,cellbridge[shared_top05|no_level],202937150118_R05C01,1.6190073141659778,1.0149300296634467
Lawlor_IgM_IgG_T,cellbridge[shared_top05|no_level],202937150118_R06C01,0.7451272610931133,0.7717456361268282
Lawlor_IgM_IgG_T,cellbridge[shared_top05|no_level],202937150118_R07C01,1.0367140844119485,0.8293628775385916
Lawlor_IgM_IgG_T,cellbridge[shared_top05|no_level],202937150118_R08C01,0.4598015562535184,0.6951846169285305
Lawlor_IgM_IgG_T,cellbridge[shared_top05|k1],202937150091_R01C01,0.8262192671006425,0.846152552154901
Lawlor_IgM_IgG_T,cellbridge[shared_top05|k1],202937150091_R02C01,0.7947709218811311,0.9196418283504421
Lawlor_IgM_IgG_T,cellbridge[shared_top05|k1],202937150118_R01C01,0.8996342943134591,0.7412287989512644
Lawlor_IgM_IgG_T,cellbridge[shared_top05|k1],202937150118_R02C01,0.4929072122795318,0.8387330586558325
Lawlor_IgM_IgG_T,cellbridge[shared_top05|k1],202937150118_R03C01,1.0335125315894336,1.2238291985255174
Lawlor_IgM_IgG_T,cellbridge[shared_top05|k1],202937150118_R04C01,0.3169641049074349,0.6080624605443358
Lawlor_IgM_IgG_T,cellbridge[shared_top05|k1],202937150118_R05C01,1.534255910376427,0.9796247659755568
Lawlor_IgM_IgG_T,cellbridge[shared_top05|k1],202937150118_R06C01,0.6811401876821916,0.7502752425971977
Lawlor_IgM_IgG_T,cellbridge[shared_top05|k1],202937150118_R07C01,1.0432940793678709,0.8260021686965499
Lawlor_IgM_IgG_T,cellbridge[shared_top05|k1],202937150118_R08C01,0.46612031551228805,0.6853952312120297
Lawlor_LPS_Monocyte,mean,202937150091_R01C01,0.8559157709792473,0.9105641179510754
Lawlor_LPS_Monocyte,mean,202937150091_R02C01,0.5033567982622189,0.7613988783196576
Lawlor_LPS_Monocyte,mean,202937150118_R01C01,1.1550221377422152,0.9403856524955548
Lawlor_LPS_Monocyte,mean,202937150118_R02C01,1.0507637205179667,0.8338590255014079
Lawlor_LPS_Monocyte,mean,202937150118_R03C01,2.276643293384188,1.5389818798945292
Lawlor_LPS_Monocyte,mean,202937150118_R04C01,1.4592801947128304,0.6743127701572277
Lawlor_LPS_Monocyte,mean,202937150118_R05C01,0.5758688371551164,1.0130216484157537
Lawlor_LPS_Monocyte,mean,202937150118_R06C01,0.6179031965503752,2.12290346480379
Lawlor_LPS_Monocyte,mean,202937150118_R07C01,0.6810301496686916,0.4642014415051552
Lawlor_LPS_Monocyte,mean,202937150118_R08C01,0.8813652288586431,0.6254552528866145
Lawlor_LPS_Monocyte,rna_ridge,202937150091_R01C01,0.6496025893802952,0.8548031205234051
Lawlor_LPS_Monocyte,rna_ridge,202937150091_R02C01,0.9087410003160062,0.6525902565201929
Lawlor_LPS_Monocyte,rna_ridge,202937150118_R01C01,1.0180098451260584,0.9902836358167362
Lawlor_LPS_Monocyte,rna_ridge,202937150118_R02C01,0.9374924038033945,0.6870193559949072
Lawlor_LPS_Monocyte,rna_ridge,202937150118_R03C01,2.1656515758637847,1.4745139563165859
Lawlor_LPS_Monocyte,rna_ridge,202937150118_R04C01,1.4347364094146653,0.576771715365706
Lawlor_LPS_Monocyte,rna_ridge,202937150118_R05C01,1.153982650698414,0.8650153106479188
Lawlor_LPS_Monocyte,rna_ridge,202937150118_R06C01,0.7187868634260554,2.0364075594816833
Lawlor_LPS_Monocyte,rna_ridge,202937150118_R07C01,0.49373813184667026,0.3859839285807341
Lawlor_LPS_Monocyte,rna_ridge,202937150118_R08C01,0.588365901032711,0.5738697436660958
Lawlor_LPS_Monocyte,joint_ridge,202937150091_R01C01,0.6448905484974269,0.8530209121690281
Lawlor_LPS_Monocyte,joint_ridge,202937150091_R02C01,0.9091234113773322,0.6523956339093794
Lawlor_LPS_Monocyte,joint_ridge,202937150118_R01C01,1.021598807042898,0.9885497589805101
Lawlor_LPS_Monocyte,joint_ridge,202937150118_R02C01,0.9359328232049192,0.6855733359545617
Lawlor_LPS_Monocyte,joint_ridge,202937150118_R03C01,2.1708451646702143,1.4603959707191654
Lawlor_LPS_Monocyte,joint_ridge,202937150118_R04C01,1.4350239153987832,0.5767538517878418
Lawlor_LPS_Monocyte,joint_ridge,202937150118_R05C01,1.1563066383665417,0.8643475905546641
Lawlor_LPS_Monocyte,joint_ridge,202937150118_R06C01,0.7134552209188861,2.0280781457020756
Lawlor_LPS_Monocyte,joint_ridge,202937150118_R07C01,0.49114488087873087,0.3865389598171102
Lawlor_LPS_Monocyte,joint_ridge,202937150118_R08C01,0.5911280739355806,0.5724324494028055
Lawlor_LPS_Monocyte,v040_abundance_shrinkage,202937150091_R01C01,0.3549656091572386,0.8119768077490191
Lawlor_LPS_Monocyte,v040_abundance_shrinkage,202937150091_R02C01,0.8634186038079044,0.7447506838539336
Lawlor_LPS_Monocyte,v040_abundance_shrinkage,202937150118_R01C01,1.2655844512177081,1.0382792131997371
Lawlor_LPS_Monocyte,v040_abundance_shrinkage,202937150118_R02C01,1.0698189750912883,0.6467798027407134
Lawlor_LPS_Monocyte,v040_abundance_shrinkage,202937150118_R03C01,1.4233390015321867,0.8900685571421044
Lawlor_LPS_Monocyte,v040_abundance_shrinkage,202937150118_R04C01,0.9468718816212798,0.6196967608211789
Lawlor_LPS_Monocyte,v040_abundance_shrinkage,202937150118_R05C01,1.0629609369891073,0.6949880759188273
Lawlor_LPS_Monocyte,v040_abundance_shrinkage,202937150118_R06C01,0.4662311746456559,1.697259001824315
Lawlor_LPS_Monocyte,v040_abundance_shrinkage,202937150118_R07C01,0.18598404532066495,0.6488699168129004
Lawlor_LPS_Monocyte,v040_abundance_shrinkage,202937150118_R08C01,0.663583748550509,0.5345066710164459
Lawlor_LPS_Monocyte,cellbridge[per_target],202937150091_R01C01,0.35396227378832273,0.7436507531676573
Lawlor_LPS_Monocyte,cellbridge[per_target],202937150091_R02C01,0.563936173306998,0.7876944191926508
Lawlor_LPS_Monocyte,cellbridge[per_target],202937150118_R01C01,0.6747641481014288,0.643100405729844
Lawlor_LPS_Monocyte,cellbridge[per_target],202937150118_R02C01,0.8861788743996338,0.5179080890879797
Lawlor_LPS_Monocyte,cellbridge[per_target],202937150118_R03C01,1.166999735317825,0.824619524060323
Lawlor_LPS_Monocyte,cellbridge[per_target],202937150118_R04C01,0.10154693226072911,0.5092570823642742
Lawlor_LPS_Monocyte,cellbridge[per_target],202937150118_R05C01,0.9447911261018357,0.7147700477989948
Lawlor_LPS_Monocyte,cellbridge[per_target],202937150118_R06C01,0.5087271463622438,1.1034327371829942
Lawlor_LPS_Monocyte,cellbridge[per_target],202937150118_R07C01,0.12364728505001127,0.4548280226555898
Lawlor_LPS_Monocyte,cellbridge[per_target],202937150118_R08C01,0.9297509314223109,0.5980935843212359
Lawlor_LPS_Monocyte,cellbridge[shared],202937150091_R01C01,0.1955135064321936,0.670192050706255
Lawlor_LPS_Monocyte,cellbridge[shared],202937150091_R02C01,0.5989351680414379,0.7201739514403539
Lawlor_LPS_Monocyte,cellbridge[shared],202937150118_R01C01,0.7116417140536242,0.5978616171690491
Lawlor_LPS_Monocyte,cellbridge[shared],202937150118_R02C01,0.6821882359519791,0.4690229275120503
Lawlor_LPS_Monocyte,cellbridge[shared],202937150118_R03C01,1.1379379374568477,0.7455657157675047
Lawlor_LPS_Monocyte,cellbridge[shared],202937150118_R04C01,0.3371176945361727,0.467415307629389
Lawlor_LPS_Monocyte,cellbridge[shared],202937150118_R05C01,1.0530487438954932,0.49252749525527595
Lawlor_LPS_Monocyte,cellbridge[shared],202937150118_R06C01,0.3846698905723651,0.9391804230654505
Lawlor_LPS_Monocyte,cellbridge[shared],202937150118_R07C01,0.1966308181801571,0.46880305148233753
Lawlor_LPS_Monocyte,cellbridge[shared],202937150118_R08C01,0.5772056880849332,0.4519256281820245
Lawlor_LPS_Monocyte,cellbridge[shared_top01],202937150091_R01C01,0.1896559671789989,0.6717769940447837
Lawlor_LPS_Monocyte,cellbridge[shared_top01],202937150091_R02C01,0.5974665495159108,0.733351887474099
Lawlor_LPS_Monocyte,cellbridge[shared_top01],202937150118_R01C01,0.6449544097998197,0.5911196595796661
Lawlor_LPS_Monocyte,cellbridge[shared_top01],202937150118_R02C01,0.6691773173916093,0.4730285698290315
Lawlor_LPS_Monocyte,cellbridge[shared_top01],202937150118_R03C01,1.140435424230672,0.7552131500871556
Lawlor_LPS_Monocyte,cellbridge[shared_top01],202937150118_R04C01,0.2705624749062599,0.4661979943992598
Lawlor_LPS_Monocyte,cellbridge[shared_top01],202937150118_R05C01,0.9319118260380663,0.49048165179547487
Lawlor_LPS_Monocyte,cellbridge[shared_top01],202937150118_R06C01,0.4005443529361262,0.9032019534944538
Lawlor_LPS_Monocyte,cellbridge[shared_top01],202937150118_R07C01,0.1698241372997607,0.45914257660110563
Lawlor_LPS_Monocyte,cellbridge[shared_top01],202937150118_R08C01,0.5790149602845382,0.4464730995053567
Lawlor_LPS_Monocyte,cellbridge[shared_top02],202937150091_R01C01,0.2079906655728197,0.6680281011676982
Lawlor_LPS_Monocyte,cellbridge[shared_top02],202937150091_R02C01,0.6018232962626687,0.7340089634699497
Lawlor_LPS_Monocyte,cellbridge[shared_top02],202937150118_R01C01,0.610913288461957,0.5814279103807368
Lawlor_LPS_Monocyte,cellbridge[shared_top02],202937150118_R02C01,0.6643412834253519,0.4778431186500295
Lawlor_LPS_Monocyte,cellbridge[shared_top02],202937150118_R03C01,1.1371294350739345,0.7593420324567854
Lawlor_LPS_Monocyte,cellbridge[shared_top02],202937150118_R04C01,0.25857039099844814,0.46633139618969316
Lawlor_LPS_Monocyte,cellbridge[shared_top02],202937150118_R05C01,0.8826258687603572,0.49963267752660084
Lawlor_LPS_Monocyte,cellbridge[shared_top02],202937150118_R06C01,0.4087959124810877,0.8724977714667793
Lawlor_LPS_Monocyte,cellbridge[shared_top02],202937150118_R07C01,0.17341914544938475,0.47607401047276027
Lawlor_LPS_Monocyte,cellbridge[shared_top02],202937150118_R08C01,0.5828106423036832,0.4496278943812746
Lawlor_LPS_Monocyte,cellbridge[shared_top05],202937150091_R01C01,0.2768163771276652,0.6572125075674004
Lawlor_LPS_Monocyte,cellbridge[shared_top05],202937150091_R02C01,0.6164337251032271,0.728330028685284
Lawlor_LPS_Monocyte,cellbridge[shared_top05],202937150118_R01C01,0.6243205688881559,0.5789663949984875
Lawlor_LPS_Monocyte,cellbridge[shared_top05],202937150118_R02C01,0.6540170693797199,0.4737891203698213
Lawlor_LPS_Monocyte,cellbridge[shared_top05],202937150118_R03C01,1.185822230407629,0.7787726839003293
Lawlor_LPS_Monocyte,cellbridge[shared_top05],202937150118_R04C01,0.20482691062038805,0.4610729118038456
Lawlor_LPS_Monocyte,cellbridge[shared_top05],202937150118_R05C01,0.9280433271927833,0.486125480450512
Lawlor_LPS_Monocyte,cellbridge[shared_top05],202937150118_R06C01,0.4276406457789069,0.8721955439875396
Lawlor_LPS_Monocyte,cellbridge[shared_top05],202937150118_R07C01,0.19008848085071584,0.47915267314748117
Lawlor_LPS_Monocyte,cellbridge[shared_top05],202937150118_R08C01,0.5431323900650278,0.4393970374975678
Lawlor_LPS_Monocyte,cellbridge[shared_top10],202937150091_R01C01,0.35095660949572016,0.645052021391735
Lawlor_LPS_Monocyte,cellbridge[shared_top10],202937150091_R02C01,0.6343639841439555,0.7473439586248982
Lawlor_LPS_Monocyte,cellbridge[shared_top10],202937150118_R01C01,0.7264962002331704,0.6117964093899093
Lawlor_LPS_Monocyte,cellbridge[shared_top10],202937150118_R02C01,0.6799400152185628,0.48504223095597837
Lawlor_LPS_Monocyte,cellbridge[shared_top10],202937150118_R03C01,1.275773344305153,0.8415368014428484
Lawlor_LPS_Monocyte,cellbridge[shared_top10],202937150118_R04C01,0.14680029749524462,0.462907247515923
Lawlor_LPS_Monocyte,cellbridge[shared_top10],202937150118_R05C01,1.0673002380768914,0.48321334380984005
Lawlor_LPS_Monocyte,cellbridge[shared_top10],202937150118_R06C01,0.47294553021484537,1.1080768728605837
Lawlor_LPS_Monocyte,cellbridge[shared_top10],202937150118_R07C01,0.20096791314915638,0.4715027849240952
Lawlor_LPS_Monocyte,cellbridge[shared_top10],202937150118_R08C01,0.52025608109549,0.45720037741678987
Lawlor_LPS_Monocyte,cellbridge[per_target_top05],202937150091_R01C01,0.387704585085352,0.6543503542900487
Lawlor_LPS_Monocyte,cellbridge[per_target_top05],202937150091_R02C01,0.5892392924687841,0.7441070028299965
Lawlor_LPS_Monocyte,cellbridge[per_target_top05],202937150118_R01C01,0.723993666447732,0.668636542427467
Lawlor_LPS_Monocyte,cellbridge[per_target_top05],202937150118_R02C01,0.7220357162996506,0.4265539875969505
Lawlor_LPS_Monocyte,cellbridge[per_target_top05],202937150118_R03C01,1.0988873215154296,0.8220868186410932
Lawlor_LPS_Monocyte,cellbridge[per_target_top05],202937150118_R04C01,0.13053101554183838,0.4778013558972733
Lawlor_LPS_Monocyte,cellbridge[per_target_top05],202937150118_R05C01,1.041804153011944,0.6757374687069723
Lawlor_LPS_Monocyte,cellbridge[per_target_top05],202937150118_R06C01,0.39129347007202453,1.1917870136241933
Lawlor_LPS_Monocyte,cellbridge[per_target_top05],202937150118_R07C01,0.15436377826811173,0.4375045312814908
Lawlor_LPS_Monocyte,cellbridge[per_target_top05],202937150118_R08C01,0.7578396788061276,0.5083487778533906
Lawlor_LPS_Monocyte,cellbridge[shared_top05|rna_only],202937150091_R01C01,0.42173367591095623,0.6634905180607301
Lawlor_LPS_Monocyte,cellbridge[shared_top05|rna_only],202937150091_R02C01,0.5409570273419135,0.803274082935307
Lawlor_LPS_Monocyte,cellbridge[shared_top05|rna_only],202937150118_R01C01,0.7954266601354779,0.6557550410795717
Lawlor_LPS_Monocyte,cellbridge[shared_top05|rna_only],202937150118_R02C01,0.6195810844080839,0.500446231306097
Lawlor_LPS_Monocyte,cellbridge[shared_top05|rna_only],202937150118_R03C01,1.1442881859629765,0.8974988206870859
Lawlor_LPS_Monocyte,cellbridge[shared_top05|rna_only],202937150118_R04C01,0.1493102701536192,0.49571316982684327
Lawlor_LPS_Monocyte,cellbridge[shared_top05|rna_only],202937150118_R05C01,1.3207879934093505,0.5401186476692339
Lawlor_LPS_Monocyte,cellbridge[shared_top05|rna_only],202937150118_R06C01,0.4859566833713208,1.453627022870784
Lawlor_LPS_Monocyte,cellbridge[shared_top05|rna_only],202937150118_R07C01,0.19684074133869056,0.4447595725963477
Lawlor_LPS_Monocyte,cellbridge[shared_top05|rna_only],202937150118_R08C01,0.531301414052477,0.5781425483458675
Lawlor_LPS_Monocyte,cellbridge[shared_top05|anchors_required],202937150091_R01C01,0.2215627303749575,0.6639542733166359
Lawlor_LPS_Monocyte,cellbridge[shared_top05|anchors_required],202937150091_R02C01,0.6048980458932831,0.7329638800137219
Lawlor_LPS_Monocyte,cellbridge[shared_top05|anchors_required],202937150118_R01C01,0.6003020071788514,0.5790682817614733
Lawlor_LPS_Monocyte,cellbridge[shared_top05|anchors_required],202937150118_R02C01,0.6598825415968007,0.48022805099955734
Lawlor_LPS_Monocyte,cellbridge[shared_top05|anchors_required],202937150118_R03C01,1.142525926250387,0.755536809244967
Lawlor_LPS_Monocyte,cellbridge[shared_top05|anchors_required],202937150118_R04C01,0.2559700639674185,0.46657151772884137
Lawlor_LPS_Monocyte,cellbridge[shared_top05|anchors_required],202937150118_R05C01,0.8747053821800526,0.5020364356063466
Lawlor_LPS_Monocyte,cellbridge[shared_top05|anchors_required],202937150118_R06C01,0.41326306198015705,0.8707191090319221
Lawlor_LPS_Monocyte,cellbridge[shared_top05|anchors_required],202937150118_R07C01,0.17201818056959295,0.474033814840115
Lawlor_LPS_Monocyte,cellbridge[shared_top05|anchors_required],202937150118_R08C01,0.585352558123095,0.45130429880860123
Lawlor_LPS_Monocyte,cellbridge[shared_top05|rho0],202937150091_R01C01,0.345362083000613,0.634351436160482
Lawlor_LPS_Monocyte,cellbridge[shared_top05|rho0],202937150091_R02C01,0.598096562350438,0.7091903800601809
Lawlor_LPS_Monocyte,cellbridge[shared_top05|rho0],202937150118_R01C01,0.7721899198361533,0.6189058822557859
Lawlor_LPS_Monocyte,cellbridge[shared_top05|rho0],202937150118_R02C01,0.7262294036073573,0.48967504554326385
Lawlor_LPS_Monocyte,cellbridge[shared_top05|rho0],202937150118_R03C01,1.164992790524756,0.7576266757524389
Lawlor_LPS_Monocyte,cellbridge[shared_top05|rho0],202937150118_R04C01,0.3051699463265463,0.4657264017824008
Lawlor_LPS_Monocyte,cellbridge[shared_top05|rho0],202937150118_R05C01,1.1113934004895716,0.4991506954001515
Lawlor_LPS_Monocyte,cellbridge[shared_top05|rho0],202937150118_R06C01,0.46334512802756433,0.9244196306305533
Lawlor_LPS_Monocyte,cellbridge[shared_top05|rho0],202937150118_R07C01,0.07530557225268644,0.37806461343377434
Lawlor_LPS_Monocyte,cellbridge[shared_top05|rho0],202937150118_R08C01,0.5355321939801375,0.43446655989624516
Lawlor_LPS_Monocyte,cellbridge[shared_top05|rho_max],202937150091_R01C01,0.28343837303502684,0.6686409544317663
Lawlor_LPS_Monocyte,cellbridge[shared_top05|rho_max],202937150091_R02C01,0.6676642553757219,0.7228452025353537
Lawlor_LPS_Monocyte,cellbridge[shared_top05|rho_max],202937150118_R01C01,0.5350569101489857,0.5727645948543089
Lawlor_LPS_Monocyte,cellbridge[shared_top05|rho_max],202937150118_R02C01,0.547420446713621,0.4807082895252823
Lawlor_LPS_Monocyte,cellbridge[shared_top05|rho_max],202937150118_R03C01,1.151036262100936,0.7323513911310217
Lawlor_LPS_Monocyte,cellbridge[shared_top05|rho_max],202937150118_R04C01,0.2501008295323505,0.43389232793344873
Lawlor_LPS_Monocyte,cellbridge[shared_top05|rho_max],202937150118_R05C01,0.9785171363457996,0.48337916355563965
Lawlor_LPS_Monocyte,cellbridge[shared_top05|rho_max],202937150118_R06C01,0.34536663171454945,0.950467374117142
Lawlor_LPS_Monocyte,cellbridge[shared_top05|rho_max],202937150118_R07C01,0.21714349487409745,0.44650578827283016
Lawlor_LPS_Monocyte,cellbridge[shared_top05|rho_max],202937150118_R08C01,0.5313731173394319,0.45514932802337477
Lawlor_LPS_Monocyte,cellbridge[shared_top05|no_level],202937150091_R01C01,0.29736880391805887,0.6489258088222466
Lawlor_LPS_Monocyte,cellbridge[shared_top05|no_level],202937150091_R02C01,0.6378425258116244,0.7142793706252106
Lawlor_LPS_Monocyte,cellbridge[shared_top05|no_level],202937150118_R01C01,0.6415253522861306,0.5879577763406688
Lawlor_LPS_Monocyte,cellbridge[shared_top05|no_level],202937150118_R02C01,0.6381806031270459,0.4704110119133691
Lawlor_LPS_Monocyte,cellbridge[shared_top05|no_level],202937150118_R03C01,1.164236827745855,0.7362309752490324
Lawlor_LPS_Monocyte,cellbridge[shared_top05|no_level],202937150118_R04C01,0.2807494031191208,0.447436079948866
Lawlor_LPS_Monocyte,cellbridge[shared_top05|no_level],202937150118_R05C01,1.033786208324213,0.47549528056654744
Lawlor_LPS_Monocyte,cellbridge[shared_top05|no_level],202937150118_R06C01,0.39838077064029254,0.932306007898026
Lawlor_LPS_Monocyte,cellbridge[shared_top05|no_level],202937150118_R07C01,0.1576945050442355,0.41274384865217906
Lawlor_LPS_Monocyte,cellbridge[shared_top05|no_level],202937150118_R08C01,0.5315850602875014,0.4439369739036951
Lawlor_LPS_Monocyte,cellbridge[shared_top05|k1],202937150091_R01C01,0.18743674330573462,0.6722384780711684
Lawlor_LPS_Monocyte,cellbridge[shared_top05|k1],202937150091_R02C01,0.5978835191105474,0.7359682402000204
Lawlor_LPS_Monocyte,cellbridge[shared_top05|k1],202937150118_R01C01,0.6406895496108369,0.5903506444644948
Lawlor_LPS_Monocyte,cellbridge[shared_top05|k1],202937150118_R02C01,0.670170090651476,0.47528460898794733
Lawlor_LPS_Monocyte,cellbridge[shared_top05|k1],202937150118_R03C01,1.139721119962363,0.7583737300700968
Lawlor_LPS_Monocyte,cellbridge[shared_top05|k1],202937150118_R04C01,0.2581615296840142,0.46676646923950926
Lawlor_LPS_Monocyte,cellbridge[shared_top05|k1],202937150118_R05C01,0.9171665222876,0.4929841853391383
Lawlor_LPS_Monocyte,cellbridge[shared_top05|k1],202937150118_R06C01,0.4034942978813223,0.8705706438734078
Lawlor_LPS_Monocyte,cellbridge[shared_top05|k1],202937150118_R07C01,0.16649375364999894,0.4625960323419842
Lawlor_LPS_Monocyte,cellbridge[shared_top05|k1],202937150118_R08C01,0.5796736668262559,0.4460203634142253
Lawlor_LPS_T,mean,202937150091_R01C01,0.9761323884207799,1.5991173262750276
Lawlor_LPS_T,mean,202937150091_R02C01,1.9022659527452594,1.1003800936466004
Lawlor_LPS_T,mean,202937150118_R01C01,1.7254004859371501,0.8011675592952325
Lawlor_LPS_T,mean,202937150118_R02C01,0.741934257620552,1.0811151730539463
Lawlor_LPS_T,mean,202937150118_R03C01,0.656687342764168,0.778303059740556
Lawlor_LPS_T,mean,202937150118_R04C01,0.35631720285238844,0.740834030593026
Lawlor_LPS_T,mean,202937150118_R05C01,0.742701389720895,0.6686856298410859
Lawlor_LPS_T,mean,202937150118_R06C01,0.9139824951377069,0.902724491275325
Lawlor_LPS_T,mean,202937150118_R07C01,1.3806368421763715,1.3597887483478885
Lawlor_LPS_T,mean,202937150118_R08C01,0.5317918641189596,0.8589334474672464
Lawlor_LPS_T,rna_ridge,202937150091_R01C01,0.967987048067349,1.570128125145263
Lawlor_LPS_T,rna_ridge,202937150091_R02C01,1.8046006733170583,1.0752215194372443
Lawlor_LPS_T,rna_ridge,202937150118_R01C01,1.656350019417986,0.7892261039129822
Lawlor_LPS_T,rna_ridge,202937150118_R02C01,0.7071391512243692,1.0615519856927453
Lawlor_LPS_T,rna_ridge,202937150118_R03C01,0.7102661892335258,0.7807823814560753
Lawlor_LPS_T,rna_ridge,202937150118_R04C01,0.405864114635487,0.730891722088132
Lawlor_LPS_T,rna_ridge,202937150118_R05C01,0.718509690506,0.6894118458489562
Lawlor_LPS_T,rna_ridge,202937150118_R06C01,0.877312796204289,0.8858443516502633
Lawlor_LPS_T,rna_ridge,202937150118_R07C01,1.3038858066561474,1.361696050592811
Lawlor_LPS_T,rna_ridge,202937150118_R08C01,0.4725501815779086,0.8920930395817283
Lawlor_LPS_T,joint_ridge,202937150091_R01C01,0.9653851514773666,1.5670436686901037
Lawlor_LPS_T,joint_ridge,202937150091_R02C01,1.8006309999577812,1.072906435150269
Lawlor_LPS_T,joint_ridge,202937150118_R01C01,1.6239775684965905,0.7869158575489045
Lawlor_LPS_T,joint_ridge,202937150118_R02C01,0.7075070340866194,1.0613048367035953
Lawlor_LPS_T,joint_ridge,202937150118_R03C01,0.7154221331543967,0.7817020135043099
Lawlor_LPS_T,joint_ridge,202937150118_R04C01,0.4007742510232146,0.7287645155057653
Lawlor_LPS_T,joint_ridge,202937150118_R05C01,0.7147100990381596,0.6873378629295852
Lawlor_LPS_T,joint_ridge,202937150118_R06C01,0.8766850523386922,0.8858243379829247
Lawlor_LPS_T,joint_ridge,202937150118_R07C01,1.3052512146245447,1.3602458997910332
Lawlor_LPS_T,joint_ridge,202937150118_R08C01,0.4737931701937786,0.8932926867577489
Lawlor_LPS_T,v040_abundance_shrinkage,202937150091_R01C01,1.0449666307725987,1.555022928736896
Lawlor_LPS_T,v040_abundance_shrinkage,202937150091_R02C01,1.2777333429369215,1.001246788831206
Lawlor_LPS_T,v040_abundance_shrinkage,202937150118_R01C01,1.8598980993341068,0.850618707908304
Lawlor_LPS_T,v040_abundance_shrinkage,202937150118_R02C01,0.7137242554646744,1.0249229003115365
Lawlor_LPS_T,v040_abundance_shrinkage,202937150118_R03C01,0.7089765163912193,0.7972798433880514
Lawlor_LPS_T,v040_abundance_shrinkage,202937150118_R04C01,0.07469658744566372,0.6491076348289263
Lawlor_LPS_T,v040_abundance_shrinkage,202937150118_R05C01,0.46021919189573396,0.5871208755188418
Lawlor_LPS_T,v040_abundance_shrinkage,202937150118_R06C01,0.9608937909711995,0.857372489683717
Lawlor_LPS_T,v040_abundance_shrinkage,202937150118_R07C01,1.2039135186415284,1.237405817685408
Lawlor_LPS_T,v040_abundance_shrinkage,202937150118_R08C01,0.43429489648994213,0.9523455105512535
Lawlor_LPS_T,cellbridge[per_target],202937150091_R01C01,0.8568029058320022,1.2656982924909024
Lawlor_LPS_T,cellbridge[per_target],202937150091_R02C01,0.9834580992981174,0.9548983559817694
Lawlor_LPS_T,cellbridge[per_target],202937150118_R01C01,1.3332456850665368,0.8929106031356954
Lawlor_LPS_T,cellbridge[per_target],202937150118_R02C01,0.38711238039731355,0.9280970557018103
Lawlor_LPS_T,cellbridge[per_target],202937150118_R03C01,0.6582743558411471,0.8221756109849437
Lawlor_LPS_T,cellbridge[per_target],202937150118_R04C01,0.4125777354613755,0.5925052508592773
Lawlor_LPS_T,cellbridge[per_target],202937150118_R05C01,0.6991611556629542,0.7714089711592025
Lawlor_LPS_T,cellbridge[per_target],202937150118_R06C01,0.41762062104938613,0.8528790171144951
Lawlor_LPS_T,cellbridge[per_target],202937150118_R07C01,0.8755184009552976,1.1673757437521426
Lawlor_LPS_T,cellbridge[per_target],202937150118_R08C01,0.2715525011517928,0.847212025879523
Lawlor_LPS_T,cellbridge[shared],202937150091_R01C01,1.0570752328002957,1.2384573251588853
Lawlor_LPS_T,cellbridge[shared],202937150091_R02C01,1.299104433321415,0.902755730288869
Lawlor_LPS_T,cellbridge[shared],202937150118_R01C01,1.4890395466826825,0.7347192840912156
Lawlor_LPS_T,cellbridge[shared],202937150118_R02C01,0.2847030963156214,0.9785424491157569
Lawlor_LPS_T,cellbridge[shared],202937150118_R03C01,0.8244972162948724,0.8164692426644657
Lawlor_LPS_T,cellbridge[shared],202937150118_R04C01,0.33308927557523443,0.5966406947388135
Lawlor_LPS_T,cellbridge[shared],202937150118_R05C01,0.7111143605792317,0.6626869082400161
Lawlor_LPS_T,cellbridge[shared],202937150118_R06C01,0.8028438204442427,0.8535770774516528
Lawlor_LPS_T,cellbridge[shared],202937150118_R07C01,0.7317961145027885,1.067492166725236
Lawlor_LPS_T,cellbridge[shared],202937150118_R08C01,0.2194863001282448,0.778887511354408
Lawlor_LPS_T,cellbridge[shared_top01],202937150091_R01C01,1.0559351392698053,1.2550960941896407
Lawlor_LPS_T,cellbridge[shared_top01],202937150091_R02C01,1.292794633152643,0.8879884223233986
Lawlor_LPS_T,cellbridge[shared_top01],202937150118_R01C01,1.4854515862635305,0.740193015653476
Lawlor_LPS_T,cellbridge[shared_top01],202937150118_R02C01,0.34003159533551003,0.987451139933916
Lawlor_LPS_T,cellbridge[shared_top01],202937150118_R03C01,0.8323452241060764,0.815354722347683
Lawlor_LPS_T,cellbridge[shared_top01],202937150118_R04C01,0.2669170807412609,0.6022713025997751
Lawlor_LPS_T,cellbridge[shared_top01],202937150118_R05C01,0.7154442014653835,0.6573736374020307
Lawlor_LPS_T,cellbridge[shared_top01],202937150118_R06C01,0.8080314614770516,0.8490167858869411
Lawlor_LPS_T,cellbridge[shared_top01],202937150118_R07C01,0.8308118568268066,1.0965896778418394
Lawlor_LPS_T,cellbridge[shared_top01],202937150118_R08C01,0.17880611896270773,0.7941609314459717
Lawlor_LPS_T,cellbridge[shared_top02],202937150091_R01C01,1.0576252871108467,1.2588709834364988
Lawlor_LPS_T,cellbridge[shared_top02],202937150091_R02C01,1.2865839978355487,0.8786533741165856
Lawlor_LPS_T,cellbridge[shared_top02],202937150118_R01C01,1.4853466454558009,0.7435960730828252
Lawlor_LPS_T,cellbridge[shared_top02],202937150118_R02C01,0.3468435170466973,0.9952225322923165
Lawlor_LPS_T,cellbridge[shared_top02],202937150118_R03C01,0.8367337582859065,0.8088665874209414
Lawlor_LPS_T,cellbridge[shared_top02],202937150118_R04C01,0.28276418786022106,0.6069083479543746
Lawlor_LPS_T,cellbridge[shared_top02],202937150118_R05C01,0.7184263213194813,0.6616064498595264
Lawlor_LPS_T,cellbridge[shared_top02],202937150118_R06C01,0.7918991618855876,0.8421826055758146
Lawlor_LPS_T,cellbridge[shared_top02],202937150118_R07C01,0.8804311993312309,1.1213585708590066
Lawlor_LPS_T,cellbridge[shared_top02],202937150118_R08C01,0.15518949565406615,0.7960243349788579
Lawlor_LPS_T,cellbridge[shared_top05],202937150091_R01C01,1.0562759781907245,1.2926133363885683
Lawlor_LPS_T,cellbridge[shared_top05],202937150091_R02C01,1.2849380365588987,0.8724824540536102
Lawlor_LPS_T,cellbridge[shared_top05],202937150118_R01C01,1.4922353965812487,0.7515076783611258
Lawlor_LPS_T,cellbridge[shared_top05],202937150118_R02C01,0.35692360067990647,0.9978665810580907
Lawlor_LPS_T,cellbridge[shared_top05],202937150118_R03C01,0.852309630590943,0.8073398791360311
Lawlor_LPS_T,cellbridge[shared_top05],202937150118_R04C01,0.2521173043195438,0.6073070366035591
Lawlor_LPS_T,cellbridge[shared_top05],202937150118_R05C01,0.7010823820967369,0.6621741658435301
Lawlor_LPS_T,cellbridge[shared_top05],202937150118_R06C01,0.7852306650148777,0.836196201472076
Lawlor_LPS_T,cellbridge[shared_top05],202937150118_R07C01,0.926352730628319,1.1467188680403222
Lawlor_LPS_T,cellbridge[shared_top05],202937150118_R08C01,0.18225482960513217,0.7971112252983159
Lawlor_LPS_T,cellbridge[shared_top10],202937150091_R01C01,1.0518788740607445,1.3279041125762043
Lawlor_LPS_T,cellbridge[shared_top10],202937150091_R02C01,1.3136037289733564,0.868680393522253
Lawlor_LPS_T,cellbridge[shared_top10],202937150118_R01C01,1.4969974356532623,0.7599308266604988
Lawlor_LPS_T,cellbridge[shared_top10],202937150118_R02C01,0.3556318684706117,0.9981402048009836
Lawlor_LPS_T,cellbridge[shared_top10],202937150118_R03C01,0.8256037561850831,0.8063540934526013
Lawlor_LPS_T,cellbridge[shared_top10],202937150118_R04C01,0.2308024245213985,0.6136825553365256
Lawlor_LPS_T,cellbridge[shared_top10],202937150118_R05C01,0.6999636961697357,0.6621617087688136
Lawlor_LPS_T,cellbridge[shared_top10],202937150118_R06C01,0.7697499885182141,0.8388858440066859
Lawlor_LPS_T,cellbridge[shared_top10],202937150118_R07C01,0.9733663848739968,1.1677326722141903
Lawlor_LPS_T,cellbridge[shared_top10],202937150118_R08C01,0.19790301645933242,0.8007977659503674
Lawlor_LPS_T,cellbridge[per_target_top05],202937150091_R01C01,0.8273638102878418,1.2943766236653897
Lawlor_LPS_T,cellbridge[per_target_top05],202937150091_R02C01,1.198441947349592,0.9086213924128308
Lawlor_LPS_T,cellbridge[per_target_top05],202937150118_R01C01,1.3934300904493824,0.8138784058821898
Lawlor_LPS_T,cellbridge[per_target_top05],202937150118_R02C01,0.34951870551513636,0.956086723894392
Lawlor_LPS_T,cellbridge[per_target_top05],202937150118_R03C01,0.651704179745504,0.8100369758409159
Lawlor_LPS_T,cellbridge[per_target_top05],202937150118_R04C01,0.5338728850268761,0.6409115827721373
Lawlor_LPS_T,cellbridge[per_target_top05],202937150118_R05C01,0.6954331510479362,0.7749323843570598
Lawlor_LPS_T,cellbridge[per_target_top05],202937150118_R06C01,0.49874205425019963,0.843917853824981
Lawlor_LPS_T,cellbridge[per_target_top05],202937150118_R07C01,0.847017476550837,1.1824447360885157
Lawlor_LPS_T,cellbridge[per_target_top05],202937150118_R08C01,0.1979480344160568,0.843741318922952
Lawlor_LPS_T,cellbridge[shared_top05|rna_only],202937150091_R01C01,1.0493144976093367,1.2989262724276878
Lawlor_LPS_T,cellbridge[shared_top05|rna_only],202937150091_R02C01,1.2586184175176747,0.8638392756798542
Lawlor_LPS_T,cellbridge[shared_top05|rna_only],202937150118_R01C01,1.494186379835265,0.7573255232015433
Lawlor_LPS_T,cellbridge[shared_top05|rna_only],202937150118_R02C01,0.3608850875830291,1.00302208110314
Lawlor_LPS_T,cellbridge[shared_top05|rna_only],202937150118_R03C01,0.8393515394867499,0.8000044409237091
Lawlor_LPS_T,cellbridge[shared_top05|rna_only],202937150118_R04C01,0.2548207503529078,0.621760547936365
Lawlor_LPS_T,cellbridge[shared_top05|rna_only],202937150118_R05C01,0.7086803691573578,0.6734246821886078
Lawlor_LPS_T,cellbridge[shared_top05|rna_only],202937150118_R06C01,0.788777731210116,0.8371941465606316
Lawlor_LPS_T,cellbridge[shared_top05|rna_only],202937150118_R07C01,0.9670446227055198,1.1646456879553997
Lawlor_LPS_T,cellbridge[shared_top05|rna_only],202937150118_R08C01,0.15895266372195546,0.798650263697386
Lawlor_LPS_T,cellbridge[shared_top05|anchors_required],202937150091_R01C01,1.0624971742589149,1.2874115299625162
Lawlor_LPS_T,cellbridge[shared_top05|anchors_required],202937150091_R02C01,1.3120791195773933,0.882909486342745
Lawlor_LPS_T,cellbridge[shared_top05|anchors_required],202937150118_R01C01,1.4759005020872629,0.7483439748393116
Lawlor_LPS_T,cellbridge[shared_top05|anchors_required],202937150118_R02C01,0.3544128586096405,0.9932458652927602
Lawlor_LPS_T,cellbridge[shared_top05|anchors_required],202937150118_R03C01,0.8488535402954336,0.8245364900783173
Lawlor_LPS_T,cellbridge[shared_top05|anchors_required],202937150118_R04C01,0.2637960901599116,0.5959981259341061
Lawlor_LPS_T,cellbridge[shared_top05|anchors_required],202937150118_R05C01,0.6936980343508777,0.6549231250235665
Lawlor_LPS_T,cellbridge[shared_top05|anchors_required],202937150118_R06C01,0.782556514041115,0.8355914766227541
Lawlor_LPS_T,cellbridge[shared_top05|anchors_required],202937150118_R07C01,0.8882217671186583,1.1323669864310466
Lawlor_LPS_T,cellbridge[shared_top05|anchors_required],202937150118_R08C01,0.20388701208273632,0.7975484797491564
Lawlor_LPS_T,cellbridge[shared_top05|rho0],202937150091_R01C01,1.0585254113051388,1.269949396579404
Lawlor_LPS_T,cellbridge[shared_top05|rho0],202937150091_R02C01,1.2534870692233744,0.8836004940663642
Lawlor_LPS_T,cellbridge[shared_top05|rho0],202937150118_R01C01,1.5060971203553466,0.7494019816653188
Lawlor_LPS_T,cellbridge[shared_top05|rho0],202937150118_R02C01,0.35274444167656804,0.9966525031958496
Lawlor_LPS_T,cellbridge[shared_top05|rho0],202937150118_R03C01,0.8638067512609662,0.814982512064054
Lawlor_LPS_T,cellbridge[shared_top05|rho0],202937150118_R04C01,0.25823595567434515,0.6051031861486659
Lawlor_LPS_T,cellbridge[shared_top05|rho0],202937150118_R05C01,0.6891557961667234,0.6363165142143468
Lawlor_LPS_T,cellbridge[shared_top05|rho0],202937150118_R06C01,0.8277107869422846,0.8686398447324193
Lawlor_LPS_T,cellbridge[shared_top05|rho0],202937150118_R07C01,0.926480493639608,1.130401817674108
Lawlor_LPS_T,cellbridge[shared_top05|rho0],202937150118_R08C01,0.21501691784145144,0.7791239989012061
Lawlor_LPS_T,cellbridge[shared_top05|rho_max],202937150091_R01C01,1.0616686198902054,1.2972978809583195
Lawlor_LPS_T,cellbridge[shared_top05|rho_max],202937150091_R02C01,1.2284288389730815,0.8529617952358388
Lawlor_LPS_T,cellbridge[shared_top05|rho_max],202937150118_R01C01,1.486264107859883,0.7542182150252641
Lawlor_LPS_T,cellbridge[shared_top05|rho_max],202937150118_R02C01,0.3817689247364021,0.9579332293133889
Lawlor_LPS_T,cellbridge[shared_top05|rho_max],202937150118_R03C01,0.8513805421929935,0.8068993273501407
Lawlor_LPS_T,cellbridge[shared_top05|rho_max],202937150118_R04C01,0.2771447560819814,0.619366949891723
Lawlor_LPS_T,cellbridge[shared_top05|rho_max],202937150118_R05C01,0.7065049785146995,0.6873763082432622
Lawlor_LPS_T,cellbridge[shared_top05|rho_max],202937150118_R06C01,0.7968619093700616,0.8740638273678036
Lawlor_LPS_T,cellbridge[shared_top05|rho_max],202937150118_R07C01,0.8676647874233907,1.1417639589820179
Lawlor_LPS_T,cellbridge[shared_top05|rho_max],202937150118_R08C01,0.22979652460439004,0.8119467801113257
Lawlor_LPS_T,cellbridge[shared_top05|no_level],202937150091_R01C01,1.052942395963925,1.2825528407364553
Lawlor_LPS_T,cellbridge[shared_top05|no_level],202937150091_R02C01,1.2599913885006087,0.8771092850749523
Lawlor_LPS_T,cellbridge[shared_top05|no_level],202937150118_R01C01,1.5140387322431619,0.7491576967336693
Lawlor_LPS_T,cellbridge[shared_top05|no_level],202937150118_R02C01,0.35871816859623484,0.9823579555585682
Lawlor_LPS_T,cellbridge[shared_top05|no_level],202937150118_R03C01,0.8593174197808096,0.8118652417028144
Lawlor_LPS_T,cellbridge[shared_top05|no_level],202937150118_R04C01,0.2333558063074105,0.6054615840717694
Lawlor_LPS_T,cellbridge[shared_top05|no_level],202937150118_R05C01,0.6967406721306036,0.6551020479240586
Lawlor_LPS_T,cellbridge[shared_top05|no_level],202937150118_R06C01,0.8153476622229703,0.8694486500177568
Lawlor_LPS_T,cellbridge[shared_top05|no_level],202937150118_R07C01,0.8911926714264476,1.1337508605426263
Lawlor_LPS_T,cellbridge[shared_top05|no_level],202937150118_R08C01,0.20225703107247972,0.7900524062374761
Lawlor_LPS_T,cellbridge[shared_top05|k1],202937150091_R01C01,1.057373599620989,1.2528897758370696
Lawlor_LPS_T,cellbridge[shared_top05|k1],202937150091_R02C01,1.2960695387079322,0.8864846472926142
Lawlor_LPS_T,cellbridge[shared_top05|k1],202937150118_R01C01,1.4883495474550708,0.7406156721650426
Lawlor_LPS_T,cellbridge[shared_top05|k1],202937150118_R02C01,0.34171713174019525,0.9899825169536809
Lawlor_LPS_T,cellbridge[shared_top05|k1],202937150118_R03C01,0.8316227073371267,0.8158536333536754
Lawlor_LPS_T,cellbridge[shared_top05|k1],202937150118_R04C01,0.2624434866771054,0.6063643721384053
Lawlor_LPS_T,cellbridge[shared_top05|k1],202937150118_R05C01,0.7175688873468762,0.660906978744555
Lawlor_LPS_T,cellbridge[shared_top05|k1],202937150118_R06C01,0.7913319296065395,0.8408755195033253
Lawlor_LPS_T,cellbridge[shared_top05|k1],202937150118_R07C01,0.8467140433928606,1.1008589389338959
Lawlor_LPS_T,cellbridge[shared_top05|k1],202937150118_R08C01,0.16660687755977405,0.7943608383665319
